-0.5,2.0
-0.5688868983846922,2.125523737472422
-0.5791662236638562,2.1600624139333324
-0.43618548454776646,1.9689358741495289
-0.3881964901191203,2.013566351079868
-0.29851890845291296,1.8829196255178595
-0.4322521128917358,2.145230958336979
-0.41365764046066444,1.8961857939397115
-0.41379384793759133,1.8652579913643927
-0.6745029681415656,1.822077201816772
-0.6823180388495694,1.8872051335332913
-0.4888451893567455,1.9374325185422911
-0.3765399743738247,1.981459139393708
-0.5837622485690154,1.9257840223724834
-0.5195226705197796,1.813352686071448
-0.580956678710346,2.077654036831436
-0.43847730961355014,1.9610322658854669
-0.5379192671020856,1.8120436128548216
-0.4353248936691641,2.051404931421958
-0.4879603167692005,1.899620988775141
-0.5759871894067844,1.7199332290060354
-0.5031962797975993,1.937186749534674
-0.48280049323941904,1.7565351248261287
-0.7503289979803185,2.0628872290840423
-0.6175899887559015,1.6331100612181408
-0.3726270750161519,1.860731336219161
-0.3676190134522703,1.9671993908762897
-0.4653460677739483,1.8495928900685952
-0.3002954326152638,2.2185294681026697
-0.5124542303239197,2.095475784261586
-0.4906049143694756,2.0927016982473785
-0.6220562907201908,2.1697514599640133
-0.6834324800157133,2.0582190738168866
-0.8560769614324202,2.0926722882178064
-0.5618245443035442,2.0039824883037225
-0.5046275307138527,2.1925342483319277
-0.47792578663936314,2.0838296432336754
-0.6512092986580177,1.9157985962300847
-0.7080207585986089,2.05860713935818
-0.7915423404223052,2.0807319569049216
-0.6466203377081626,2.2822504768002028
-0.7944014371801479,2.185501449606833
-0.8428595712990394,2.0240996858796363
-0.6394676455160094,2.0740898636690788
-0.7971031194459566,1.9904998579778093
-0.7145277490405627,2.1154326428544103
-0.6534252641209812,2.1029269921940754
-0.7706863153212238,1.8822093751150417
-0.6273368642858526,1.9595338486506257
-0.6947848226508164,1.9802686351048762
-0.7435839188168708,2.0429992362133143
-0.7684095777228093,2.062693130148496
-0.7191973125933301,2.19801705044601
-0.8245486642226552,1.8815730844070573
-0.6390651122419112,1.880012890644208
-0.8336610751354258,2.2998854314341974
-0.7157140087627316,1.8842938816357742
-0.8300588068185896,2.098933349468385
-0.6730067863659308,1.9827299524423547
-0.7850896920718512,1.9561966064565008
-0.7617489807979079,2.2960838160654684
-0.7322992728301826,2.053051179455428
-0.8310888549316107,1.9495116889049136
-0.6769292977697724,2.1282055053088915
-0.8178128439941427,1.9979966080466862
-0.7967489593463218,1.9870234710677983
-0.7600787460494491,2.028840382870551
-0.7754853862397383,1.9392117675567366
-0.806014154705263,1.965832747372551
-0.701939218704132,2.006824142886054
-0.7734730449903648,2.0940986992590376
-0.7886972119621292,2.0443728652152835
-0.812311301683636,1.9473681399071476
-0.6845240519697533,1.9237010514229278
-0.876139587411833,1.9041589541923107
-0.7194680166483014,1.9626452164042705
-0.7319446420596158,2.082956173842194
-0.8170132322402559,1.8213938046519162
-0.9816551525596814,1.927889236237603
-0.6974753112157345,2.0268872429611644
-0.8300425199061326,2.015600636357724
-0.6053197866889881,1.8527853050976972
-0.7964355093778255,1.9831088404579482
-0.7719938753070386,2.107052581825598
-0.7515646119411434,2.0493644939449256
-0.8144163722667044,2.073954670614691
-0.7148490635127699,2.1300639724849773
-0.7191058431373465,1.985858653481484
-0.8366418208382225,1.9836915161344286
-0.6877870717810396,2.160127654547444
-0.7172001564718199,2.2492839271947913
-0.7646625116498738,1.9885700217470477
-0.8532001659253489,2.1191866782112267
-0.6161693603751135,2.0981736412584793
-0.6041591831977224,1.7600088859322238
-0.8565411500027511,2.0588187529096955
-0.5952819556964106,1.8634161149033277
-0.575041977357119,1.9760705723551484
-0.742997688729915,2.171969235851591
-0.6520697648448465,2.174488612944162
-0.7462914719594542,2.0834241159845206
-0.596307128961207,1.943458893200906
-0.7238378976763955,1.9147550553441306
-0.7493941866536792,1.8054869823726516
-0.6043251286596611,1.6549403740366213
-0.8580563916433037,2.248272637879812
-0.7952146914016284,2.20694114239056
-0.7245381155957793,2.045076293623091
-0.6947167621794493,1.6604839621984449
-0.6248799356802653,1.8530681587079503
-0.667778860988139,2.029137865989771
-0.6370068861382836,1.715531478643375
-0.877855029931334,2.123431582997152
-0.6903015701855382,1.9027774598307077
-0.5674080372253315,1.7826356413938158
-0.8219480836314974,2.1437416592897813
-0.4743243334193008,1.8574742952385934
-0.7798871565061959,1.9812265133963454
-0.618877220492102,2.106142644587189
-0.8456886607863423,2.0191899286907002
-0.6685357107576672,1.7729571336023096
-0.8099322707027328,2.044511636952281
-0.3966632107759156,1.9799465127667444
-0.7424172402267134,2.1602567769275365
-0.767087706358364,1.9667743091621352
-0.7220569737806894,1.9739104958637363
-0.790081256812803,2.274528048793072
-0.5823958945392276,1.8153979236911943
-0.6561597545592109,2.090795835353234
-0.6560411036656373,2.0659601225213557
-0.5781371098212076,1.9516943803186508
-0.8314996930459608,1.9365678276211944
-0.8639983133518208,2.0750011247041176
-1.008279642147585,1.8975157542214929
-0.5822977062934501,2.0922069953779636
-0.8784144969791428,1.9346144719245573
-0.8860324273905239,1.871272952293208
-0.546408522679612,2.0130029248045003
-0.8346123348437694,1.924102553288903
-0.606709553439365,2.1477866815200493
-0.8271212483351917,2.0172768408714052
-0.7944780837916139,1.9831826769890326
-0.7735614658457715,2.070748947451666
-0.9456860181198213,2.194245663783844
-0.757696302157798,1.9650627294823075
-0.7067800876803603,2.097381504834702
-0.6848980704851397,2.041783624207019
-0.7804633426892456,2.052137709745277
-0.9564097528153334,2.1765987261053055
-0.899095327916264,1.9871792751886301
-0.8034532820232493,2.232100989146186
-0.8118293553508752,2.066582627704282
-0.8769446102651347,2.1738123158131666
-0.6794375491132436,2.1730473522647773
-0.8611156070747261,2.1450965423014523
-0.8301365539622776,1.893453737370172
-0.7419430995926752,1.9911933983849388
-0.6646219015985126,1.8902491198420872
-0.7718073572518244,1.893637826664124
-0.8233512664961327,1.9704287084686116
-0.7195100583946534,2.0407636200319246
-0.8797172582194036,1.9869788032355507
-0.9183545072837088,2.0288951349047517
-0.8580156285395668,1.9766848818188174
-0.8853720197364496,2.131548019767084
-0.8885481053862905,2.0130839782937446
-0.9403266647769164,1.9384247912101937
-0.8592346447590399,2.193649269135317
-0.8490938416381215,1.9949781416488102
-0.7635933393631437,2.0595997183367807
-0.9100643258016545,2.095044108779424
-1.0342442134015322,1.9182089455306364
-0.9104137747762984,1.8710226902299545
-0.8384909776429247,2.028338260569151
-0.7623113368903435,1.9394718069764751
-0.8997701904594453,1.9683345757748083
-0.882614001891916,2.1311752426039705
-1.0284039476510687,2.072147251334275
-0.7886670909360173,1.9782520471471483
-0.9021647238288352,2.2507994602873476
-0.8085502394337891,2.26374738873227
-0.8088664295012346,2.021519408199199
-0.822766707783234,2.0632396125987302
-0.8827630975816875,1.8862844395155296
-0.8456309466628491,1.8250693968795344
-0.7897799001106864,2.0261425512415667
-0.8415758362067813,2.0174085862814986
-0.7249434327933832,2.11529229747659
-0.6893326514703468,1.901172078516494
-0.6909726558507202,2.2913154059976746
-0.8024558033385675,2.0835225441319447
-0.8001079163477672,2.0225633159900434
-0.624340484239028,2.0153362231367677
-0.8659331413733405,2.0852806251725093
-0.8026850423757632,2.0106223524729683
-0.8531328406992352,1.9653325818697926
-0.8248177756437132,2.0192734360017024
-0.8771309518891726,1.9369099322557752
-0.8939893955093978,1.9822026051223014
-0.843837217813435,2.0253080623396746
-1.0738963593265476,2.077303332726161
-0.846683505452218,2.0893521066216643
-0.909930412833619,1.828282113135927
-1.0060571925425814,1.9489624573090987
-0.7353405022868974,2.148564542458573
-0.9137792170886698,2.0869585686768146
-0.9217652424182385,2.0811444725701094
-1.0379533779652041,1.9288150761261442
-0.6555609422557551,1.919906947140098
-0.9540397868852277,1.9785930845734185
-0.8374783015748177,2.046780730069761
-0.8044723552016892,2.0665788484043013
-0.7557211380864995,2.2390945295487676
-0.7816574562645111,1.8265909782363796
-0.8643351259162136,1.9278308585648858
-0.9819069841862064,1.916885678309207
-0.8291688625831666,1.8736984926536941
-0.8387309604892099,2.0662513673079954
-0.9828377422153455,2.0130061399562678
-0.8927435674841996,2.002243851302228
-0.672300435290274,2.0525035432070013
-0.7249541992084425,1.9862482688060568
-0.8350034032320331,2.048663582570083
-0.79557189300107,2.0145136045945997
-0.8678850156933531,2.029275348729587
-0.6762267688039292,2.0092498719491236
-0.8285958156493135,1.9138054981248251
-0.8780169118548444,2.0866261884225406
-0.8297624418079056,1.9878122236331806
-1.073817357218639,1.9950624871814737
-0.7581719583693083,2.036186428179943
-0.7999962854612882,1.9662353369351524
-0.8850918878590761,1.9890672502293325
-0.9099554279949468,2.0954007012156355
-0.7191803894408576,1.8275295328238423
-0.8485587065536645,2.0324833880479654
-0.9129743355317248,1.9999166657780798
-0.8750197015159401,2.0830282936245843
-0.746950425722947,2.062400828380278
-0.822697145932843,2.1131995272962962
-0.8860783856506566,1.8448544851501145
-0.8949081729379896,2.0859413649996403
-0.8550556924109518,2.1296298150926534
-0.9753856401929161,1.9247475545859374
-0.8350415446258999,2.0575002645638087
-0.7946514200070051,2.085618332355391
-0.9198523014226446,2.0916671063510903
-0.8016745630978352,1.9361354828913864
-0.7819455270567477,2.082975155956707
-0.8865170811419233,2.023638286309589
-0.7912615015702112,2.0219285884080227
-0.7159437745982565,2.1265303892000005
-0.8747055357737717,2.017784304652464
-0.9027629465238117,2.134266695728852
-0.8199192436217313,1.9236948501475917
-0.951881383038832,1.9534045028569937
-0.989759341490404,1.9171391615502797
-0.8610758062344287,2.025527771589684
-0.8922723580431091,1.769990070158896
-0.9004931844310227,1.9399879869403593
-0.9939954026655753,2.1249097327931583
-0.7642118050675641,2.0713807231256274
-0.6619137690995514,1.9633914842814113
-0.7842785762899955,2.13151584009094
-0.9803961216036888,1.9293832188465752
-0.809743101179979,2.024271189766309
-0.9192199377229643,2.044137468072497
-0.676322256448983,1.9440646723243336
-1.059318826805368,1.8423601939492218
-0.8292295144691053,1.6943902604931118
-0.7810089751991256,2.1166827985427257
-0.8040458385815017,1.9705532636760512
-0.6380595448927001,1.8949627036284757
-1.0158921649368833,2.0874582697478865
-0.9262155545272965,1.9444428830690348
-0.8726779648212681,2.0031373431636044
-0.9769069229942658,2.139190484428209
-0.9664509094228206,1.9663116703664205
-0.7082851384715662,2.010108312712237
-0.8749214929607929,1.9678160186742872
-0.7143023503812362,1.9973841271362371
-0.8110661219708171,1.890658172019843
-0.9139465439123554,2.1184608138177654
-1.0026577863871258,2.0075208008625656
-1.133886601456312,2.1060628228011398
-0.859027161339832,2.133070525990531
-0.8361593597195899,2.046882522031874
-0.6930523202518478,2.0217720980573097
-0.8818948383463562,1.9669498159079277
-0.6809366902859086,1.9656482148503764
-1.0295925557441346,2.0203514654731682
-0.9127166306307142,1.9806541275806235
-0.8130636903312196,2.074372567224589
-0.972763622289855,2.0155323525857685
-0.8667728969693652,1.998763908644133
-0.9036126990367899,1.8669343169290942
-0.7804347136525397,2.064801156724325
-0.7930466569554646,1.8281201970505305
-0.9089327983876712,2.0131133705130546
-0.9975023935741513,1.9281060974842268
-0.7081741612483676,1.9858369399158775
-0.8584301358287388,2.0076472845646145
-0.7773073911129914,1.9043682158336348
-0.7778659443409927,2.0217580022460675
-0.8363228192814707,1.7878966322934335
-1.0023621580008877,1.9953401529700416
-0.6850561090714558,1.9972081167263567
-0.9558475361603507,2.09028609569302
-0.8904124241031257,2.106694565948037
-0.6930674982917913,2.021985405219303
-0.8883054261746884,1.983695511145357
-0.7820310374336675,2.0726355931156473
-0.8909186231108366,1.9559593557178874
-0.9666404501128842,2.085153495615272
-0.8262328371796548,1.9192658190666894
-0.8607386148259006,1.9228764154339217
-1.0149980488493562,2.123878683716333
-0.6175842779424259,2.236099358779359
-0.9621645018032104,1.936429228163441
-0.9081718288828473,2.0838708912865758
-0.7132529728157427,2.044681564371976
-0.837589441407316,2.2896945299696667
-0.8003002719379638,2.0080316432616674
-0.8802867604543451,2.0998500640252344
-0.8021960299872788,2.0760270575336954
-0.7580462423513636,2.136812786824111
-0.9773638434991208,2.0327568886270773
-0.8323266463080983,1.7439274329439065
-0.9045674209554537,2.1565847654772226
-0.7813225075730061,2.101984177748437
-0.8346167293823861,1.9803205888055821
-0.6898614780073424,1.9823351636003446
-0.8523850832307914,2.0611292881924115
-0.9089572435020691,2.015521555872061
-0.9449801624674601,2.0261350506586364
-0.8010145160545539,2.2274641687712404
-0.9472758535888173,2.0673383229856213
-0.8581527848761407,1.9611672870170636
-0.7276479421315432,2.0847348692180145
-0.8160189664384506,2.0013660236455624
-0.9445564648586149,2.0105675748421388
-0.7729491493037262,2.0525442679351125
-0.8505726565560591,2.147392942661268
-0.7640251676824608,2.109953080146966
-0.9285803959260089,1.9770992062708705
-0.8845034974661883,2.064803560474069
-0.9442271448962921,2.068379602389776
-0.8707299625011873,2.116510455520659
-1.0300436189272135,1.9696523774974066
-0.7867412429561798,1.9592573366152395
-0.9033960418275286,2.042119007780436
-0.7930775066501674,1.890485542617777
-0.9410330069365226,1.9644841824946262
-0.8175998575144933,2.1365432387875707
-0.8141703365647028,1.9875198764774344
-0.8037590155411624,2.0843228917079837
-0.851990011797731,2.146577769673034
-0.8653734428134966,2.0898868175454512
-0.8206176811055302,2.2045003959561904
-0.7471243242575876,1.8220249915085351
-0.8586014863188826,1.9040014941796233
-1.0171124187804617,2.1933080094157464
-0.5470974236651527,1.9944015840670226
-0.8148528098210922,1.986690903410603
-1.0295540546117272,2.129762309282164
-0.8884993707312221,1.9632213502748235
-0.9551739745328918,2.0005131603472557
-1.0343636125642826,2.132545634671125
-0.888652428722713,2.058921825354051
-0.9701735783743235,2.1638055466429176
-0.8235769741332203,2.0538011162442906
-0.8435473229700966,1.98708845201252
-0.8362192574077879,2.1302043916195412
-0.7101599446315041,1.8670547510558821
-0.8636130727956928,2.0213205758918567
-0.786569904763706,2.1214259765739603
-0.8135761218691889,2.156789987862153
-0.7671166393830043,2.0129590339624523
-0.9862404915419256,2.0336407632099442
-0.7841063523948102,1.977788354528243
-0.6332024793167583,2.2639480480959655
-0.9041535116317339,2.1226819943075528
-0.6479909534782413,2.0392076327764737
-0.9248677022745225,2.014049787823377
-0.725114247061313,1.9079395216901633
-0.7793848521395468,1.9836884563849786
-0.7970541725986026,1.9807906932305421
-0.9300334129155773,2.0580337901442207
-0.7590178837417186,1.9607464159340666
-0.8194238022892577,2.015253948753376
-0.8377249848905182,2.0257633590403437
-0.7571163297800062,2.103958067534525
-0.8068531095046949,1.9974063542234528
-0.7148205275591607,2.1278443238359146
-0.9538321767918001,1.8914898957735542
-0.8930450751279733,2.0361853613900442
-0.977316740731672,2.0760794834940532
-0.7989051643040854,1.8898905111739743
-0.8624324067696612,2.1537327838006997
-0.863580890885008,1.9435594448853803
-0.7692562868050437,1.7231277802094125
-0.7732768819795535,1.9034106011315286
-0.9703925588344954,2.149232359561329
-0.7634639260583742,2.0054118458196073
-0.7987413800174924,1.8846963963251269
-0.8693179878221113,2.0010533347669153
-0.6163115158647833,1.9593856413540574
-0.8151625030611405,2.120063299211791
-0.833581659992838,2.0245775106063006
-1.0256936078908854,1.866541115353281
-0.6422604364982833,1.9804153267224067
-1.0360812392640903,2.0830750235788655
-0.972795963776985,1.8799295013470119
-0.7501412799047412,1.8485353669197884
-0.9570857088467039,2.0419157151294596
-0.7968408039590903,2.1294804671693996
-0.8612011486507084,1.9098488161040712
-0.915338800846,1.9697091012784353
-0.9555394317060856,1.9466881297397367
-0.7077706225467821,2.08447947711312
-0.8774407395941198,2.0764978690538207
-0.8164811381584363,2.085974483815002
-0.9216923904671438,1.9622874377673005
-0.9487396117145042,2.0822979184600765
-0.962783527092793,2.044062634165216
-1.013717616079222,1.8845153894464584
-0.620561275898782,1.870158140312483
-0.8480151777909753,1.836532758028031
-0.872567156673711,1.9676507295171863
-1.0300112025234478,2.120830639833939
-0.6635865145003615,2.0926551750113953
-0.9757145760717802,2.0760661620400933
-0.8917032895390367,2.013551531332164
-0.874586410082578,2.132364562388008
-0.8994750455135834,2.05814633765712
-1.2474116428002078,1.955167670247192
-0.6681970675253476,1.9139175591343776
-0.895226721938847,1.9143432699035527
-0.6915885553978672,2.103753742269372
-0.8195828534618772,2.171044534298666
-0.8098866549439804,1.8937944764498782
-0.6785297611003019,1.970952142369377
-0.8283750617448995,2.0411835196375363
-0.8988332204244454,2.0100384634631343
-1.1258591358345422,2.098031344295999
-0.948930558209467,2.146485711014589
-1.0301542706384765,1.9506368486665207
-0.8247214792029169,1.8060438124613944
-0.9321764836214907,2.034919248828912
-0.8230522063056749,2.133880157520362
-0.7420780684860006,1.9608090100865814
-0.8087803889761311,1.9556024081096313
-0.8545502564681136,2.0338312839402555
-0.9582063323779273,1.999490035499905
-0.8010468146532604,2.157680101599867
-0.914756264084691,2.0651562954639893
-0.9210070397602899,2.0424871681903536
-0.7503665429967116,1.9698660996724744
-0.9254722685635506,2.034998517235968
-0.9384930649055696,2.0576646506090737
-1.0573588623360954,2.0744312612888525
-0.8328961432370554,2.1273736439966937
-0.629550750824397,1.8010103703357097
-0.9630276868671812,2.031427237467642
-0.7276278465465207,2.077905011284458
-0.8893398332186592,1.9460907002386183
-0.7787585148780565,2.16089751355325
-0.9207681223737849,2.1272063541498833
-0.711958330351036,2.0727243530310595
-1.149122130563205,1.9495857678024293
-0.8128990571218122,2.0046471539029493
-0.789162373534683,1.9960015711955863
-0.8940996357501184,1.9825688631959626
-1.0243758323716434,2.061381111725511
-0.7601125711767606,2.056423278739518
-0.8060778245783345,2.091050551552171
-0.913742963244985,2.0538283143949645
-0.9479243605952951,1.8348076237101856
-0.8203144148865095,1.9752835754701503
-0.7457955424004172,1.8776203182127484
-0.8636786073014597,1.958274428492618
-0.4894940358772954,1.9127933001424873
-1.01447476733414,1.9085911785059717
-0.9558601744969628,2.1043174447836988
-0.9214156093849213,2.1103456960186477
-0.8823102127167314,1.9870554868869406
-0.9211539470362754,1.9480618434240324
-0.8984610924160915,2.0502410493703174
-0.8414813590619754,1.9022016813075249
-0.6452348056649195,2.0115794824444535
-1.0545611990767565,1.9571507894102451
-0.8626364072701715,1.7827270703893237
-0.8692766021532808,2.098063247639836
-0.9688218157994164,2.130983572504472
-0.976417283339598,1.9575649489011813
-1.0786709684744291,2.027311126406511
-0.8319759744522689,1.9486965220339647
-0.8043394560250501,2.062565063239688
-0.8934309430343841,1.975495608035406
-1.1493077955691808,2.0839870098939026
-0.886423630170621,1.9309358691812653
-0.7983589476281726,1.9984258800460328
-0.8624496426275824,2.2175200983715913
-0.8395722787763253,2.0777366579005436
-0.8672228640278384,2.1593952628278754
-0.9167756760413446,2.0647949064274878
-1.0863981173909156,2.0050102246049883
-0.93459455133136,2.0643707173288086
-0.8609273510013257,2.0848235372886403
-0.8400313510475308,2.106746216604425
-0.9273310680719603,2.037139722630401
-0.9045533428420643,2.10147249191742
-0.8424266040306148,2.071631992897973
-0.8616208558847092,2.1435012858506006
-0.8409432198997965,1.924927482075334
-0.853123115198468,2.0583540255642494
-0.783632928931447,1.8968421777577316
-0.902176608308838,2.0544555417938186
-0.8741019650658468,1.9631681209899163
-0.8860637359420839,2.060387493956405
-0.9060953820703731,2.015770640397263
-0.9803621643889401,1.9971345070084139
-1.0123589260378134,2.1988851721197675
-0.7029475562250246,1.802259273399962
-0.8592876430356093,2.1912662504424256
-0.8608630941234198,2.0009070011293137
-0.8813936557757782,2.0271783397583065
-0.825587879841902,1.9952330378625436
-0.6828045809720308,2.04530262887109
-0.9152557357465727,2.018704532814981
-0.9708314100253316,2.2087443828111386
-0.9893544418558,2.0604851679763065
-0.9217974986624095,2.167574986187064
-1.0631807247632485,2.040380177441575
-0.8174983954597056,1.9896743768424232
-0.9173394683382248,2.064862804160069
-0.9656292993736695,1.978123557142357
-0.9842887901697975,2.1183051784818394
-0.9546749557767279,2.002744165423402
-0.834947034667729,1.8930930464647808
-0.886896454032956,2.0655589981065394
-0.7852190954251057,2.015333969140454
-0.7951166376084101,1.875018645174417
-0.9055459667464231,1.8794437370579875
-0.8000992917814196,1.9330617637658034
-0.9468643422754509,2.1408557510709127
-0.9272391891769085,2.1240342637021508
-0.7721480952592297,2.1350492998492863
-0.9816097148310394,2.1650891753374086
-0.7303918173570806,1.9250752610037287
-0.8000692763739948,1.9013681658840007
-0.9003988167687921,1.9718680873263246
-0.9093899530990509,2.2215952448820295
-0.9742606299515912,1.9913940528095964
-0.6809287823777952,2.0338368056900724
-1.0745846300406812,1.813870110789427
-0.784006828226457,1.9928721090740635
-0.7843559632837067,1.9615755318526487
-0.8235765000784699,1.798237514255895
-0.869996291385642,1.8885438724249297
-0.8953376265133833,1.8290678297095506
-1.0452473323329636,1.8611303872295075
-0.9271679454266092,2.006462636468325
-0.8083892287042098,1.9862961038174882
-1.0212126545914149,1.7677168664769318
-0.865047423378863,1.9727084139738182
-1.0285662496609964,1.8266904608526784
-0.8860923131250552,1.9390929075208967
-0.833021386391499,2.0802128287934325
-0.9180514889475624,2.047286920311364
-0.6994874941621201,1.9110194780196876
-0.8635731850770603,1.9878484849264175
-0.9814674732822031,1.860209156897135
-0.953225870701133,1.8635725482845367
-0.9532409774194313,1.93783666776076
-0.9357152158396975,1.8427039675018768
-0.7465829225121541,1.670119573233941
-0.8735887446030786,2.095564202469229
-0.930242877418889,1.8318234727969427
-0.8226671887873027,2.0277423359421114
-0.8933557035611202,1.9383171398085297
-0.8370995601213174,2.0011496942856626
-0.9619903388177428,1.9112551916510738
-0.7968826207447632,2.032312934988825
-0.8768861414052401,1.9331024415771432
-0.8179102082127746,1.9074492678908679
-1.003168239652605,2.201363319450315
-1.0188334740148124,2.1028993112197125
-0.9958859334125791,1.9520125172530192
-0.7345915742297938,2.133999466151307
-0.8570112686972251,1.8385154587749921
-0.843426083916875,1.7922517950278507
-0.8316082564226257,2.2124077979806223
-0.9917291547010982,1.8499594055703434
-0.9906626496903119,2.055075613946154
-1.048087490628671,1.8165944838944634
-0.7452296383161853,1.8696926680626726
-0.9137179490804285,1.9405187812670759
-0.6197498206691712,1.9178788806176397
-0.9046554105634076,1.8265718090606826
-0.9172173039470586,2.0205645049212557
-1.0348386231791904,1.8778610756170655
-0.9730949795086125,1.8256431518573935
-0.7138815187258519,1.874830336428115
-0.8319379054606011,2.0815374291935638
-1.0159221189691714,1.853153767548263
-0.9966722327711555,1.830178851462469
-1.0263041792709306,1.686083093807625
-0.9711525890694863,1.7500689514961745
-0.7162792726414214,1.813955191799436
-0.9845993999489054,1.7729715363272207
-0.8929781278159806,1.9851814093061033
-0.7564050300343407,2.0906489618952397
-0.7697141258717641,1.8842366444539533
-1.0127535225916722,1.9350349968668799
-0.815613914467442,1.8668248581293072
-0.9513513916460561,1.9438807975747479
-0.834643406048938,1.7291293771554825
-0.8298398132672888,1.7148399389099456
-0.909563999494482,1.8389901508510462
-0.7865516778756932,1.8578077126281525
-0.8864147899281034,1.8782931140039005
-1.0447476969641398,1.9145450337981051
-0.9280515084697463,1.811819015091862
-1.018164736626907,1.7739579026551164
-0.9075025281852942,2.011081960402883
-0.8392617052889058,1.8335642363495426
-1.0050044286175912,1.9154341951345646
-0.9931700550622428,2.033001751886192
-0.8153340905437166,1.7349461630825893
-1.0712735209026305,1.8255185784310213
-0.8908243428435516,1.8610558638905454
-0.9494803675592642,1.7806484398934723
-0.9511266187215452,1.7213099872197075
-0.8211820509524401,1.9121682397211701
-0.904466389986078,1.8165916297080826
-1.0258515456901431,1.9473427076789167
-0.7598525795497924,1.9506063143877612
-0.9484935241628973,1.9759172482846366
-0.9151304020637298,1.823037639511499
-0.9826829157076298,1.7700693354365515
-1.0440828177215944,1.8576359725755098
-0.8259913472570737,1.8288337216392676
-0.7862662488683181,1.8132888797006328
-1.0231387796903597,2.020648676212945
-0.8627948451859115,1.8553527990359124
-0.8941658545554538,1.9223605263242542
-0.9086458706749654,1.839274046369812
-1.091592713914671,1.8402933105008252
-0.8611568778754864,1.8545062988799403
-0.9034280081835168,1.7847141566415183
-0.9910632346292345,1.736546943431415
-0.7403607291275514,1.8388786984936174
-0.9271377710532599,1.5897172908376942
-0.9147748963669875,1.7825095549000374
-1.0123943932899941,1.8087092702295182
-1.0397204432654275,1.876345633032048
-0.8039939748043381,1.7644918457446632
-0.9643338565555432,1.7236248652721098
-1.001303990735277,1.8548751113549062
-1.0278050922601798,1.8816266446660292
-0.8620639317056226,1.9388545108555464
-0.902368771172362,1.90558508239761
-0.8407298077704781,1.8950630780832616
-0.9619078303054857,1.659552021595273
-0.937002082268358,1.9805436364348874
-1.1006480915112962,1.889563467244023
-0.8335251174512283,1.8750138993764955
-1.0725300193535097,1.924193741886853
-0.8029693929346132,1.6908671598947285
-1.175978775415322,1.9442512049414764
-0.9773451143100268,1.9483023985917958
-0.944605159405373,1.7370222138033486
-0.8374203613567645,1.7920018221134004
-0.9892964182607059,1.7099539134109647
-0.8191262484047542,1.9350968207449404
-1.1372963364689073,1.9203336193557505
-0.9302144545963767,1.9252499560325007
-1.0596210546251044,1.6238165565839409
-1.0387062405150005,1.5389098803657206
-1.2382702788082502,1.9799988577065546
-0.952080193660421,1.6686049283319955
-0.7925014518348167,1.7516796342638616
-0.8202607178022336,1.7726901386847378
-0.9125248925031971,1.9927610970748022
-1.0002774084068737,1.8734834507509845
-0.88666726823701,1.7854865151978736
-1.1788722440505313,1.9234136009975045
-1.0292316110494029,1.8968100906261216
-1.1231387092648797,2.0850407240305007
-0.869019513326851,1.8480467426662048
-0.8771335599707848,1.7383034102591648
-1.0232758486019018,1.5476083185614586
-0.9696957449942192,1.815928263683434
-0.8983266169688987,1.8431894353889928
-1.0238342679304449,1.81538854751773
-1.0036131519050437,1.9131580789248837
-1.0655398702914114,1.9280895859354215
-1.0362188279762161,1.9244737355838275
-1.1044147525737895,1.97122495403877
-0.87186902773525,1.876864462263228
-1.0161533528746338,1.8856593091499945
-1.0560741520425825,1.9287776180999467
-0.8359502340884716,1.6524966214333157
-1.1247298538931212,1.7185513381398478
-1.0170596691505254,1.894855929597916
-1.0459325115471692,1.8853104970419734
-1.12606144719249,1.6666278981936642
-1.0807138053734866,1.797390175656991
-1.0504709762732725,1.8267984861083122
-1.1600571052479354,1.9300003329363806
-1.1717633598243107,1.9574919795893286
-1.0108963474646757,1.975984036995709
-0.8171801010817368,1.9418540187384645
-0.8946560818965967,1.9551806400133922
-1.1132377641198528,1.9576029224920788
-1.137562038532137,1.8514260804631892
-1.1087100713879785,1.8662171673247945
-1.0580980282572656,2.0227655786534475
-0.9953203010724545,1.8993851567658593
-0.8196771829429659,1.9502544982451846
-0.8190555607943361,1.84122495596701
-0.9096696677628384,1.8026514930744546
-0.9689713348967989,2.0130426297711517
-0.9958723594364928,1.6724029869212875
-1.0824552646148673,2.083569209312026
-0.961500429612675,1.8973039338070392
-1.0792257533640548,1.8337972601046288
-1.0481455385481402,1.9322185235786447
-1.106735933536786,1.9351346813043289
-0.9552022783765406,1.707397000893255
-0.9990031066101441,1.8493377119483982
-0.8072227661611527,2.0633439868867933
-1.0444105061951328,2.000789820448739
-0.9381413949330479,1.8827636144071938
-1.0081582732544918,1.887179827384224
-1.1277779809671262,1.7052143491938856
-1.0847223912491102,1.9850250179793514
-0.9778521723958088,1.8736686799602114
-1.1116379723374785,1.7071469048624577
-0.9305329568573573,1.7234063300110696
-0.9415998308593703,1.826004567850143
-1.2123962974849443,1.7373542585999722
-1.0762094718999575,1.9053856555658157
-0.9812633594379444,1.9010641638414612
-0.9439033264050376,1.650998629092665
-1.1189094828360988,1.8524050339011209
-0.8733730032759405,1.7367832365036884
-1.0324248428026337,1.808557755142068
-0.9665864117953494,1.822145960222963
-1.1224855579687618,1.8730172212235272
-0.923337802217896,1.9427201028292278
-0.9886963050425575,1.779483999860694
-1.1345958868337376,1.8435710898923867
-0.8389161218017518,1.7926189523744742
-1.0968661136740012,1.8340811413517117
-1.0511927546748783,1.8219258312269024
-0.9939786589033738,1.9886084926213476
-0.9654462936566826,1.9204511615519517
-1.006867830500665,2.0763702506953745
-1.1689981100459055,1.8023790954393721
-1.1399702580585345,1.8939493266141212
-0.9336005510545313,1.7897176800959775
-0.9629208079462159,1.928439953946446
-0.9614764662440123,2.0626451716067797
-1.018961364551016,1.867364115216824
-1.040768724586134,1.84212680245907
-0.9878290696353734,1.9826789836702794
-1.1556938892731736,1.9556987211934518
-1.0409165345265459,1.8599141591406292
-1.0860236220648507,1.9251429410453813
-1.1910283635845298,1.830830019601171
-0.9969936637685357,1.918376163187799
-1.150929243926851,1.863589975201632
-1.0764809597175642,1.9435006916225888
-0.9881533992856624,1.8915812211223462
-0.9870943013100907,1.8502504719094517
-1.0687551901943428,1.9779620347892395
-1.0469735540701155,1.7557554457383637
-0.9771861230652037,1.8789599927388487
-0.8948095242224012,1.9448350801613472
-1.087399682780083,1.9993449561035366
-1.125736103264125,1.8509924154962298
-0.9892331936809228,1.8859844046430874
-1.0262211484106456,1.9145643768799712
-1.1861264618533747,1.9022397551403702
-1.0007162559174634,1.987587655853345
-1.0089418710617175,1.919080001528979
-0.9508390397339878,1.7592107950862526
-0.9746209212675248,1.7505636010898082
-0.8762913137403034,1.8779454253210746
-1.1920022870625466,1.825177708689116
-1.0340634989791269,1.9095215557878038
-1.0967513329583016,1.952348302213625
-1.1983962220951545,1.9587941374106284
-1.1490758213330188,1.7934729241348848
-0.9711677724382194,1.7744483071386419
-0.834761160032235,1.7761074383951874
-1.11126385270865,1.875049136502587
-1.0108579791671237,2.0052443549877017
-1.0047169075736806,1.9393150488529163
-1.2079486600657015,1.950496667420814
-0.9287290030255192,1.8825277609580908
-0.9183573467987607,1.9159087890781508
-1.0041608045872104,1.8879894055829303
-0.8742959948553513,1.9921074257999558
-1.0695264022137942,2.0698199597678157
-1.0879754918178575,1.9355815017036042
-0.9881348195624138,1.9254971585965557
-0.8741487093456811,1.8985716048977128
-1.1055073229908825,1.9262800330470566
-1.0601681240537197,1.9424883287052788
-1.077162030388621,2.0271055654823162
-1.167163740516849,1.8971796188159018
-1.1724349173961117,1.9757732858505397
-1.0138334452691886,1.9060286669234336
-0.9354157111651485,1.781121661658318
-0.9226566186915975,1.8925470886115077
-0.9783439951593482,1.951829339765085
-0.8987957100327169,2.063018517856004
-0.9746793244677825,1.839397690094671
-1.0265507745556066,1.7991658832584079
-1.140601800460346,1.9679650553178283
-1.046111073522152,1.8338449807734822
-0.8990415237119981,1.7945278155866717
-0.9836539909424105,1.9268951589969188
-1.0213573988914721,1.8543515312988088
-1.001925096394974,1.9231097589250479
-0.9722716732070935,1.8438036409165797
-0.9211796524530221,2.043689274723476
-1.1045112167344853,1.8967008807013221
-1.0184129880131776,1.9127028285211087
-1.083104234361463,1.7640456344964426
-1.0227145231890542,1.8201174579652555
-1.0229745268178856,2.010214496343723
-1.0191518991711432,1.8779257539165328
-1.050927810934873,1.8068907676378896
-1.0864821229295756,1.9153109393730803
-1.0576368277377048,1.9936578110221332
-1.1447702406338591,1.693887679705571
-1.1065799931138254,1.9346503075891033
-1.0847085080799226,2.011457703054978
-0.994461085883915,1.92278196764485
-0.9492186193129165,1.8729353203373431
-1.0258928146333952,1.934880482586031
-1.1190858127570498,1.8454821199418618
-0.9942623266590273,1.9230365837213623
-1.0715776847904925,1.9017140163185549
-1.0002552737350565,1.8996997498354233
-1.0221735110869434,1.8695511092922112
-1.0141959185632665,1.7695555280489481
-1.2129290378333661,1.9300179544063083
-0.9371044950821757,1.8996524420189254
-0.9620682874794283,1.90446639167562
-0.9057460416777309,1.812214914530246
-0.9710223035190731,1.843415911969051
-1.00618617141295,1.8765203494646057
-1.1038958963559515,1.8572185789787476
-1.0784446859396803,1.945290129234729
-0.9986725532569637,1.6654228650933454
-1.0809698554705502,1.8471759337851497
-1.0243204553162406,2.0190496147401795
-1.109633941826202,1.8011603506291354
-1.0629607310661529,1.9792842585586983
-0.9814359052212933,1.8167581885706319
-0.911822821361219,1.8252458606352286
-1.155414946049775,1.7363550001206547
-0.9794055551298996,1.744210663079641
-1.1886849297174622,2.107959919379675
-1.1379972903720137,1.8710693259805409
-1.1417552678622684,2.123356868508336
-0.9395152715243704,1.874404931018722
-1.028659837097014,1.72240108480307
-0.9499362488147914,1.9778320580058528
-1.0742945218182838,2.0538443885548787
-1.0451000583587906,1.9065490355236752
-1.1555653619384563,1.8402348487972824
-0.9280882200710804,1.7298107555028275
-1.0270834275006921,1.8467887697926433
-0.8096124788702703,1.9325452122661668
-0.7169138611090579,2.023713019227013
-1.1524389526918524,1.8591930648607715
-1.1797472101321096,1.74143803182996
-0.9453934629135099,1.9057955701181444
-1.1218154131516864,1.8736312335374947
-1.0880539151715538,1.7762927239202444
-1.1281547212301208,1.9484692061760125
-0.9648890103967817,1.8318672060688208
-0.9717414572919495,1.866952570194392
-1.0612917685307024,1.996125137356022
-1.0425875966943519,1.8676508536440488
-1.0086424775702574,2.0099038995512504
-1.1235594607667274,2.013968119549001
-0.9771154195096704,2.0899755474290447
-1.1865719120813,2.0479471934608986
-0.9648232858593471,1.808500449771713
-1.0444334753564033,1.7765698189380934
-0.9088587913483115,1.998900932408418
-0.9672948202843258,1.8555399200780496
-0.9123430908613896,1.9084633745014778
-1.1398174603426356,1.8059029684358183
-1.2650747427132356,1.8293261395795335
-1.2196174223501584,1.899648912999398
-1.0351685837549967,1.7815342498447386
-1.1045691187318294,1.8692823105030842
-1.098783312985315,1.6367525871070097
-1.0441027162125607,1.8662682861664466
-1.089709501559158,1.8420975197991376
-0.9375397106411901,1.652913929605615
-0.9089041069291723,2.0409504546878607
-1.0361298390575833,1.8138720108556294
-1.1552185320168098,1.9071052527773755
-1.0708342901543377,1.9749038367542013
-1.2018879177404014,1.908560568637314
-0.7872424574287034,1.4899937717694471
-0.8210221544403437,1.6381349037938477
-1.2467876381685052,1.881683080048604
-0.9323248011585686,1.8067075426647228
-0.797958782596297,1.726255473468321
-1.0924562484447444,1.9509673823742402
-0.9655616498538265,1.8126803870828634
-1.0515861664515354,2.0261264876549445
-1.017169650485677,1.7589017828544158
-0.9892573686809161,1.9080251731356785
-1.0105988621007216,1.9631447927006365
-1.0496597970744848,1.9530498277257502
-1.0342412558738259,1.9954768202847386
-1.1070278335527186,1.9851350920662436
-0.9518118916186138,1.7318314581925194
-0.8696878259899764,1.7464531700248132
-0.8965351237116435,1.8408685999666028
-0.9897089864851153,1.7118568601180773
-0.8365826824745622,1.7534248999207962
-0.9850807764501581,1.7466011524688945
-1.0780041777404568,1.7478964922759805
-1.1565640927198388,1.6518094432407255
-1.0186059248185337,1.8038679361258285
-1.1312953739025713,1.854594969338402
-1.017139391043969,1.7629368833281507
-0.9463766346896088,1.6719432739259779
-1.1046490528466122,1.7664596081553414
-1.1935078288548966,1.6957123204716025
-0.8537620778056685,1.7627517607163814
-1.0615043463893574,1.8425613911306504
-1.0448576822317206,1.7506727384824106
-1.0597877233705855,1.7760398643789264
-1.0830123454455771,1.7431770250723195
-1.1028867888557186,1.7570656405743894
-1.0038058361146664,1.5633737003168524
-1.006095311329633,1.793589785697158
-0.9610719352382708,1.5962765046957874
-0.9459659999426584,1.7894502414956783
-0.8133600233933209,2.0193918184592423
-1.2506124913168324,1.6629914242171655
-1.063366332652043,1.645931673468806
-1.1086379277030385,1.6846998004095757
-1.015606753558031,1.7803522099620313
-1.2010537274470683,1.6532441265734763
-1.1679009202453852,1.771511451869469
-0.9578709842536903,1.9568576099684218
-1.0201216173667937,1.7769697912737974
-1.188475550715166,1.6878931583028034
-0.9396540405194119,1.6402467894149106
-1.1149420152533214,1.6959097188352596
-1.1937751494312272,1.9810682246098046
-0.9408234823666577,1.7069784588704735
-0.8841214621652331,1.8456535208170581
-1.0608676685248084,1.9149191157543992
-1.2535009205603025,1.829742645562439
-1.1360117659107716,1.9354042583372952
-0.9926454447838289,1.8113917387033727
-1.0072711631164177,1.7277840772056734
-1.2833229605364354,1.5441440049059767
-0.990109391708505,1.8091079607026193
-1.2451005863550089,1.7265209627250322
-1.083036597555051,1.7146465169770224
-1.124751078963961,1.7160081517444765
-0.920882105637806,1.5690814986067887
-1.2561785395572471,1.8019705706350044
-0.9965968921956823,1.8664360903413058
-1.2046891155197683,1.6973007947995655
-1.1324684911494933,1.6535292817762075
-1.1311781755058643,1.8362892205125843
-0.9578370017236648,1.717691198740388
-1.030760854350182,1.6778606955347513
-1.2172498827048701,1.6325098313574715
-1.2677093094306595,1.7090862625907934
-1.1543899055031077,1.8893744484345947
-1.243495447761249,1.7568490534257801
-1.2181362439549026,1.7894764076081184
-0.9639589396237518,1.851675767854177
-1.1733183294642449,1.6640366337167531
-1.0136245475935686,1.9263784162940765
-1.097519364164795,1.6802719058016167
-0.934317663171503,1.7183899246815602
-1.1334618217646861,1.6768596727212088
-1.1213576641044545,1.707609898720247
-0.988567282843687,1.6937028355513337
-0.9437427524637242,1.8349822020710311
-1.1126898141988846,1.7438292313449135
-0.9976799511085543,1.7563304683817405
-1.1585138027243345,1.8644428689655086
-0.9563493697228875,1.7656240978677427
-1.082598708188232,1.839367237240222
-1.2517722198289347,1.7589462542560141
-1.1234091554264873,1.7155307121667298
-1.0212360373995888,1.636787220745735
-0.9265132968620553,1.7035262896767316
-0.9692524754645069,1.7201902427298608
-1.085925721903293,1.846592202346217
-1.0628073138247596,1.7537452031982728
-1.1417935485072057,1.6899743231978879
-0.9360911763440964,1.5256283062466316
-1.0544588289252779,1.7007980057076253
-1.2508656491783472,1.7748416965590883
-1.1238591645915788,1.681784938017502
-1.1217326952657243,1.757080788229087
-1.0332436660542579,1.8201378771499837
-1.0203144909791293,1.6994454734153752
-0.9181212931939179,1.5677170988223441
-1.0345012216065572,1.7698582855936957
-1.2361095929787194,1.8116178327908334
-1.2550262089022972,1.7788541284417465
-1.0417527570480831,1.5033558327265337
-1.1623987332685226,1.8333687303014068
-1.0571941684642252,1.793003099485636
-1.1375561932630303,1.7711293017849676
-0.9859568822110953,1.75280631051444
-1.1166508148034717,1.6399336805655433
-1.214379755572051,1.9545015577859781
-1.1540528716934053,1.7510878969224566
-1.0324317328704233,1.7484407444570267
-1.1371228510874325,1.6991268401470407
-1.1999954965138928,1.553272129129455
-1.0366490091560425,1.7388624590590143
-1.10448835268371,1.7437449119853259
-0.9291826925880377,1.7208254420355944
-1.0156096474574992,1.7184707076902035
-1.201398738465603,1.6472693966939789
-1.1736435934479468,1.783297212862749
-1.1749637314520665,1.7231731386368907
-1.002663886065159,1.6443141823514391
-1.2713324578584662,1.8969677891273256
-1.022840510790058,1.5799434486691082
-1.1846796242382127,1.6796496825086171
-0.9761214033648945,1.8860308167321989
-1.2302030748834631,1.712011622188012
-1.0987508457571507,1.7718089227917946
-1.0870355243750085,1.640546165626312
-1.201747961962366,1.645840066292095
-1.0400441662458284,1.8228279956213647
-1.0035974243402432,1.6811167261500506
-1.0048038718254013,1.6876047557763494
-1.1791485156405754,1.8734389399988558
-1.0546041766883543,1.892650770904209
-1.0038326957399646,1.7383286815208128
-1.0613518789446257,1.585927288992866
-1.085097095757993,1.7280083773860802
-1.1689329644398383,1.6779159937244859
-1.1512243873934676,1.5931140735947118
-1.0804409003132067,1.7388171275851523
-1.133053128791906,1.8540487149222518
-0.900362469001715,1.841529896198539
-1.0230010160808296,1.7623112690089997
-1.2486555334584226,1.9365602435010982
-0.9859799321695712,1.90091101195362
-1.0086943892148563,1.7514423012621374
-1.1535471307310756,1.7690876352346536
-0.9658898845377479,1.831300835291189
-1.0993755474021025,1.7078314605797258
-1.0909045426247814,1.8715706424578402
-1.18061082020492,1.625016423806394
-0.9086621652376355,1.7042646405660344
-0.9552481060348246,1.808310729221371
-1.0701209107064236,1.8319781527167658
-1.0943998798296286,1.7340470520465605
-1.2122241000155467,1.6377956525316895
-1.0801898937226726,1.8598068615048184
-1.2877902944047237,1.6866175982669154
-1.014860277163336,1.6128808172234432
-0.9717600356381711,1.7097166620505113
-1.115214571963054,1.6861227277824768
-1.0030474069518083,1.8020830798964411
-1.2051438517515196,1.6210764735244647
-1.2553119583834043,1.728680584855479
-0.9921927969986105,1.893500543987369
-1.0835904064446644,1.913473435498415
-0.9994266268497276,1.7330113075174718
-0.9917586488303434,1.8208662161434555
-1.0178460868539092,1.66639040339159
-1.2100236098634405,1.74864857778692
-1.0704300766002253,1.660378788522261
-1.1611576664675831,1.591624192238461
-1.0160302048371692,1.8157530629998604
-1.2203513520887657,1.8657336863309268
-1.1173866936617651,1.7351755026701687
-1.1481397042686754,1.7330901092549083
-1.212535920228625,1.9079653694367757
-0.9647945772236209,1.6908525865188626
-1.0592662391102572,1.6656945329773458
-1.2092470410513416,1.8549996661799122
-1.0355379910424305,1.7069718477482005
-1.1236279781764562,1.4971791209049234
-1.0686122756977299,1.8348216384934826
-1.0063521651207221,1.812705980249718
-1.1091674455696963,1.7235875560907938
-0.9653952545917597,1.8479833736886992
-1.0452013826498947,1.7261965964198858
-1.0739672242896687,1.5859012671748944
-1.094225744946375,1.7910999836521317
-0.9135851464242848,1.8473523583920277
-1.072522814633952,1.6881228040476
-1.0703978696063323,1.9126137551730373
-1.1221076678976512,1.7255407517040446
-1.0020365489198566,1.656967566583522
-1.0788815595384553,1.8270651673862266
-0.9904469548847409,1.5639335383700044
-1.0959670267848634,1.6821611426393108
-1.0254368087203147,1.6979910684164994
-1.1608549308398175,1.8455332916264395
-1.0903754510746066,1.8377775435977557
-1.0799928826462217,1.8703299322526032
-0.9718820805077444,1.8242446867678388
-1.1109080618821607,1.7884112183736958
-0.9469854725282305,1.5640748613960043
-1.144772959256954,1.7220101480913692
-1.121880883620816,1.6512062412259685
-1.0020276448545007,1.7525224003903086
-0.9804053670725852,1.8266463299512319
-0.892983837904449,1.8182537466664968
-1.0226910596584118,1.7882397668501306
-1.0615497191972507,1.78001207599942
-1.0510639103673136,1.813632589083947
-0.8838403269792554,1.7430761415631455
-1.1468591038218503,1.82871186741762
-1.0050825669503796,1.9507532983305154
-1.0976672140517891,1.780260428168793
-1.1334388401515458,1.7843466032942543
-1.0797904766176534,1.8487678923133182
-1.060286378540289,1.7584151758287445
-0.99172422469767,1.79172096720931
-1.2392293368481844,1.5762243256295156
-1.1951484451290615,1.8417304274453896
-1.1310692125421664,1.6851659419632632
-0.9340292674836548,1.6688798634000066
-1.1492807447219204,1.8365753379541045
-1.023132564938161,1.6043691129715354
-1.1172938282383331,1.864395715453391
-1.0104587452293867,1.788954689076237
-0.9914801144908,1.7632649120811785
-0.9593580130079733,1.6289175473188293
-1.087415312739854,1.7140384524287222
-1.2011560215560295,1.6879733885393189
-0.8704207115523733,1.7135738458879068
-0.9089365730164312,1.6864838339529487
-1.1033684586529549,1.743450495640691
-0.9865987695606244,1.6669939526873132
-1.0309214640500364,1.6842126210655073
-1.096097664760183,1.8624885284625956
-1.1963179552838215,1.7632395606307825
-1.0664571990195386,1.6557522768356645
-0.9736847161941553,1.6774451169567006
-1.0396755766604384,1.7751542095690145
-1.2455751557680546,1.9258461107780103
-1.2283586127670851,1.776612013066456
-0.8517028472920698,1.714909138529793
-0.8340869946961006,1.612790821708384
-1.0940121298299341,1.8002411306297785
-1.2162907189346985,1.870410568886925
-1.0146286401150562,1.7581552270196896
-1.1242961487857541,1.6861115630413661
-0.908771165006746,1.6580091834854536
-1.0870707840612435,1.8632625361126542
-1.1033359528878361,1.6063557099479095
-1.1869953782998073,1.595600180673504
-0.8276574877568805,1.934174300770082
-1.0614865820243373,1.5943794036019596
-1.1647156577029747,1.8636423124885657
-1.0951989877036896,1.7035452503530308
-1.2062289646871873,1.7594227166985006
-0.9536443805391555,1.7993705542232503
-1.0102551824583956,1.7187531475483435
-1.0797340030324978,1.7890204025353913
-1.2257749728660032,1.8064243522257906
-1.0162593351577875,1.7815946725895329
-1.2290703330245656,1.709130243778486
-0.8474039122740324,1.6868038223423896
-1.234086590580468,1.7949777754542682
-1.2440143182360963,1.6489567214251915
-1.2581143915167514,1.643917015840963
-1.2574257291399982,1.599043737214994
-1.275173944220971,1.553639938970238
-1.1434465561049645,1.8279017704022271
-1.1734996968339724,1.6522748690114641
-1.169782730972713,1.726739149942749
-1.1346422484524696,1.796749859782466
-1.139282463759755,1.831454512369421
-1.2180186728444204,1.579057780869485
-1.1235880496341577,1.6165910405603436
-1.0996261609890392,1.8257352460763572
-1.1743271212083763,1.6120439855026738
-1.2132336652323787,1.7370501587104408
-1.2982358614553535,1.6436164182487614
-1.028014459308586,1.927422531713793
-1.1885121449939557,1.7305706719578535
-1.2669597374490373,1.7283888844820712
-1.254379082692012,1.6615714989312476
-1.2595320389116584,1.67818232552614
-1.2000743719160445,1.8059530795540684
-1.1068912830839739,1.7217695956401
-1.0543026418525239,1.624214774821294
-1.0310854879389084,1.90574996851726
-1.2065887840321736,1.7927762766372444
-1.0674648101497692,1.7631104170966636
-1.1756205723271933,1.7805833732162046
-1.1649648914320974,1.6667620653995763
-1.294003596848919,1.7139795157869697
-1.2382545263750278,1.6394838653369774
-1.0739946532465272,1.72443802771644
-1.146383754642794,1.548596004096752
-1.187401444240742,1.6928162733509198
-1.2828840570804982,1.7183202354910803
-1.0594249227928985,1.6548493170487064
-1.2307733650431585,1.7655861240824757
-1.232440395611242,1.6532866237180444
-1.1565386018127823,1.8289488013248738
-1.1998652020205653,1.725237019346209
-1.0723281601852233,1.7563998914678967
-1.198822969543716,1.9453921294024066
-1.1015179759342306,1.8192718774478265
-1.1513582788819066,1.721642345712503
-0.9841035177399631,1.6905254664440295
-1.2628416530739075,1.8928717408113764
-1.0898134406754423,1.8643056795662418
-1.2228088905831633,1.7505216958140264
-1.1786912680291395,1.8044336960384293
-1.2672688196686592,1.845502332549306
-1.1320291792016308,1.7079412942344783
-1.1726311216824277,1.7375516266448066
-1.1008283048974508,1.9250723706737958
-1.189317851788158,1.7512615307497994
-1.1884820111431054,1.7169130666666235
-1.143684451941437,1.651262993565059
-1.2291469025574215,1.7843781696034977
-0.9432485768083904,1.8587314004589663
-1.261586581435452,1.8947718265887776
-1.2518574036434214,1.6779791458475535
-1.2374798531269986,1.803336769930539
-1.138391494140347,1.6161550074174122
-1.1774804570158885,1.7531253242619398
-1.152302128929376,1.9471237290777774
-1.0153322322909637,1.4983611297417823
-1.235904725183071,1.739430459055553
-1.291664665352312,1.7369581519316755
-1.2642739893251689,1.7893438961357757
-1.1619617940593543,1.9597737390569385
-1.2608359330762255,1.6104977564833145
-1.0827156886596365,1.8302823552296128
-1.151409183862132,1.7705086475190237
-1.2156430221537233,1.6849623943947
-1.2434888173968035,1.8005855126108314
-1.2083702546802788,1.8159406119945725
-1.1786124960347293,1.6830526393615006
-1.2698017669686743,1.8683427296818327
-1.220588811790821,1.6832171063406947
-1.2316953754952142,1.8410800618485357
-1.1302987341068107,1.962973130016274
-1.2683858741763223,1.8114602774365312
-0.9680917044160726,1.803071006684996
-1.1098882228972355,1.5698345168053989
-1.0922831870643386,1.7701142589391887
-1.2875737779546161,1.8763136375697358
-1.1927278501201357,1.699112071226504
-1.1492508374021921,1.8209099072023862
-1.188411694341799,1.6321131369910638
-1.194409869099786,1.8095606652289882
-1.0745184584236138,1.6915664533183137
-1.16092041742644,1.6964691730396575
-1.234812411463595,1.8589072365835944
-1.2420019789278463,1.8688229526792077
-1.2505699722890222,1.6580468437251876
-1.0563997173057786,1.6956822207418094
-1.2696061479339575,1.8665493476086978
-1.2747803153401405,1.6753982206026525
-1.0852048890685282,1.7017705066419726
-1.0855729415829691,1.8625255336391395
-1.2854026735540007,1.9804125082863844
-0.8748152848174884,1.816454990478494
-1.2210753867116122,1.7701058259573514
-1.2223273790302136,1.9555111913716816
-1.134105832600978,1.6057554431193184
-1.1886137115659423,1.846418709629536
-1.16262788501989,1.7236644688307303
-1.130191717918201,1.60140454321011
-1.2756784222897348,1.960597529841269
-1.150106896130341,2.07794324476363
-1.2919772423227331,1.7272668012759662
-1.24350189156945,1.73948647275381
-1.2161676554573717,1.7436241966915424
-1.2112663285511294,1.665043591043956
-1.1427773705135886,1.721173165945036
-1.0980911078259465,1.805401513771314
-1.1253103625036718,1.7649679252632215
-1.1072429995060964,1.8154694434285943
-1.0635322843273434,1.5900185241037512
-1.1589967494883417,1.6403813817856305
-1.1385301610064025,1.7796292003644254
-1.2492620582283793,1.5777948500759287
-1.2178685395298319,1.921727567320266
-1.1922697377027132,1.816916860972318
-1.1097797801365679,1.900283396000564
-1.166112130901027,1.9189341129774204
-1.2420027674296577,1.6486405550495609
-1.1321614478254907,1.6990826312906468
-1.1427598002040738,1.8352222133008032
-1.1545800996970303,1.84892483156161
-1.0323173641827774,1.7564494910382296
-1.1224843950007972,2.0060883265055565
-1.0721480674748607,1.7896350627334756
-1.2137361295272808,1.773467197602063
-1.2215052561449538,1.8773779081372903
-1.1983720088603702,1.803967161561808
-1.0285025225481828,1.8863033210660562
-1.1423930622522707,1.849107218655761
-1.2274371112816724,1.8603893842810775
-1.0573696083277042,1.8411206500341055
-1.2271623721637523,1.8926546850811612
-1.2059551330070033,1.6222838078826674
-1.1178329454193363,1.7868015507534265
-1.267929530570908,1.6707492376670507
-1.2276500469055722,1.8405538680634201
-1.073945795977755,1.7893781728110802
-1.1033572723183014,1.715768755773736
-1.126163344771579,1.8937072674492508
-1.1700514890848834,1.8527056800798236
-1.026460068077253,1.7643612038061427
-1.0162068092774006,1.7239082655652604
-1.2565496835089889,1.7842306437148687
-1.2365787536213761,1.7431967253619958
-1.151892205242277,1.653404477265417
-1.192599398319337,1.7678956611368664
-1.1787685836130524,1.6103790803417308
-1.211861452013525,1.834129648800444
-1.01378646957262,1.8822398946775418
-1.1254817530465422,1.8298144727460164
-1.2124134641513709,1.69329900364397
-1.1953161416192588,1.5642440077761073
-1.2069264725560256,1.7879164839416988
-1.1872976337630086,1.6874741914611522
-1.230223491668399,1.6928423097795793
-1.2491149382545788,1.7017011543110219
-1.051264591853063,1.6525209122438616
-1.2061163067555527,1.7268972773182596
-1.1647729070223376,1.650048179957383
-1.0770182705643496,1.8686307708270624
-1.150767702695496,1.6790941525009158
-1.1258453141776592,1.885728121288603
-1.0947476031649683,1.8979432994385028
-1.1862535863862567,1.5803865286818572
-1.2143615388399485,1.6808692065212703
-1.2034673341525153,1.7228115818680356
-1.07168000914069,1.777617113753779
-1.28382393440728,1.7272028447534402
-1.156512627923102,1.8286784039119155
-1.0884240420484192,1.724781842324126
-1.2151915442700236,1.7538284371882145
-1.2817684135040188,1.809776483494598
-1.0182712180113345,1.7374729871970376
-1.207929427990985,1.7960051755416924
-1.2391110429688896,1.5601009659083827
-1.2351788511020214,1.8226657727864892
-1.1800869575547752,1.726146287296487
-1.1554527991365748,1.7046670849241026
-1.160194843434184,1.6417021254749464
-1.0542371136259203,1.7519584277976472
-1.0838286589508437,1.7980445694449463
-1.0980342783679506,1.8442753396448
-0.9144909722951888,1.72336790360901
-1.1045378731505906,1.587694333955765
-1.2062673632262682,1.692205817706674
-1.2319194778679525,1.8670134539238916
-1.2093148622735332,1.6554793222981274
-1.1603492306147813,1.636818528045994
-1.1931308710622883,1.8974686910339253
-1.1740273463684472,1.8669448716258763
-1.2547738021083215,1.8356356663948892
-1.230750709142423,1.7976106063688586
-1.0426334756151965,1.622238468282342
-1.1156362316943182,1.7530906522340082
-1.1566467992658434,1.8490820915990946
-1.0437866887585308,1.6386501572782686
-1.0812882089650575,1.8303934595782403
-1.1252223029040938,1.5152097074371436
-1.2459393187008942,1.6805989351274389
-0.9913401684030905,1.7464657318640922
-1.1185161073084207,1.6280555856473555
-1.2842154608721827,1.7682993993957457
-1.0965489101262855,1.7973135573987251
-0.8613148836671884,1.852106212789188
-1.2678090593750653,1.6320221712224974
-1.2742494540547644,1.7634984879894016
-1.2377261687238967,1.7032155871717056
-1.267579109599297,1.803781692621109
-1.2107427497387415,1.8967960438974083
-1.2520290401776628,1.7723484675121979
-1.0987909195326662,1.6691979949937623
-1.2920448725055937,1.5586041258560228
-1.1917440288143506,1.7188103211947148
-1.1212090261264485,1.9554836992772382
-1.2433696491339323,1.7324429363690772
-1.130458701668718,1.8259280402945937
-1.1145093883804436,1.584356100878884
-1.2234546237487642,1.8363605102557443
-1.2436302757799487,2.069181107970884
-1.2514831856651794,1.5803846320064068
-1.2274296793156914,1.7098845025023592
-1.2964075277846991,1.6524849195344848
-1.066101652918793,1.7335409088494353
-1.204294742245037,1.7917076445525053
-1.1775164077905895,1.4904185682749296
-1.2715853100666676,1.8591304992396067
-1.2052168084755064,1.75862833838953
-1.165014643348103,1.8824874243842504
-1.1348940308475333,2.0353192740137773
-1.2503472278320498,1.6838717523845612
-1.1428243052944491,1.6783502518107671
-1.0142595424149654,1.8732605809886218
-1.034069801974474,1.8348958960503292
-1.1025259809082817,1.9144089647674125
-1.156860855077645,1.7120000975870233
-1.1696989383099345,1.7941144686455457
-1.0151850017001844,1.8428271370737188
-1.2978011791813715,1.9225843935883955
-1.2502804474490983,1.5183532269084439
-1.1364888179712342,1.7350624346870984
-1.1853104539654007,1.6711975589468673
-1.225738071665103,1.7112518450500365
-1.2083485838619854,1.7732985397879666
-1.1864019735313136,1.7693728007514993
-1.2608842131609288,1.6292105808066584
-1.1616619721657977,1.6331197153844697
-1.2830345015343156,1.7885005774531784
-1.047910957838272,1.4856495663201663
-1.2279503546063901,1.7901000212025373
-1.207356936724336,1.646554385856586
-1.10810732664148,1.8636782001958256
-1.1641921433914357,1.9030307073610773
-1.039120908232149,1.6045005753998691
-1.1115799547959306,1.72958214476838
-1.2549609272619002,1.8318515427664053
-1.1779830171250967,1.8518297177264567
-1.1957233724362555,1.764453041911946
-1.1985810004563306,1.7084095965154014
-1.2925806845155676,1.912125485450586
-1.2211139940519335,1.7354635545175567
-1.2873401661900132,1.707294939160816
-1.254631313548059,1.667781801353014
-1.256933808924671,1.6357034221730262
-1.1437646990266497,1.8152673876274659
-1.235034478550383,1.6528804210117567
-1.0701684259425754,1.877485143388618
-1.2534309061027697,1.7490885741637556
-1.271217384080165,1.6988963110062207
-1.263083359757219,1.6287884731895588
-1.280061684919685,1.7365606764541692
-1.2497784536251677,1.8201949802346389
-1.259106226145995,1.7820186349395866
-1.2312571138284274,1.6051279833684664
-1.0533409686662647,1.518510428684653
-1.1564980478715474,1.741041441757014
-1.1746070628050382,1.713740094483379
-1.220090704943407,1.6529761533347433
-1.2525583944794865,1.6085270978523218
-1.1962248308380548,1.732848146113781
-1.2407751122711548,1.9098462066590502
-1.198505188752071,1.8538609192861986
-1.2257841428588856,1.6168793787710256
-1.1734217367091835,1.6407769805065322
-1.2205085095280959,1.6716721483042807
-1.2449206775943464,1.8209848144497962
-1.1354974693790207,1.7259022779210134
-1.2439142919058328,1.5563819561074854
-1.2875464501689642,1.590350909223935
-1.2416315200802885,1.755279298398436
-1.276003161310434,1.7593370095787937
-1.2967229166107224,1.620823470378007
-1.2530568451803006,1.6831325095517902
-1.1249331163469964,1.7271921572308693
-1.2851514430322957,1.7354118968557464
-0.9857610064927198,1.7050433650659553
-1.1752474423585766,1.6656315123435892
-1.2175595911295758,1.766702758618392
-1.2000100724951677,1.5151351167908462
-1.0569295926466005,1.7938649802402251
-1.2340154845388223,1.7520254029707465
-1.2901177660314447,1.6575352991292018
-1.2150800034840583,1.5907514122267703
-1.0871770039799542,1.628442336256823
-1.1662983191063359,1.719349050676224
-1.2822737661514345,1.6987763929408854
-1.133492169421095,1.7153128936662498
-1.0161330598099505,1.5916328040597316
-1.158251385989906,1.8066899493076278
-1.2936293076346908,1.7522738201070789
-1.122026686875723,1.6694796560409764
-1.0375987467628716,1.7057974921036296
-1.2529010396819582,1.712957071563104
-1.160124393422526,1.726972506970785
-1.1635896032141544,1.6998934682164901
-1.1393675681627955,1.5675184490321215
-1.2269886562871541,1.6487282880247027
-1.2494783603318818,1.5815778338106632
-1.1952894687134086,1.671342485318175
-1.291044048094074,1.7600229987986755
-1.0585318845166771,1.7471774408812153
-1.2201861742329143,1.6172243722609225
-1.2060916582756527,1.7608015270607498
-1.1410373345744795,1.5766147143141167
-1.1899272325479795,1.8556728960196265
-1.1551092035719717,1.715899494523906
-1.1910965942736287,1.708440026053212
-1.1168678033540151,1.627045033081894
-1.1239857527173776,1.6276743936813882
-1.1604510343116266,1.7793968091342465
-1.249444411529522,1.6307528437301793
-1.2508839100828084,1.64371343215012
-1.2806955623690528,1.71882361447086
-1.187765609458108,1.8474482163494486
-1.2336914453024879,1.939654825140503
-1.1823700527585659,1.7284024398432143
-1.044636874559739,1.6127702162924602
-1.2336123692177166,1.686770708331341
-1.1703408444885175,1.72372088578897
-0.9148820183332502,1.8068175630256744
-1.2776822351001607,1.7284530432857277
-1.118426502778256,1.434137863781194
-1.1190591683947217,1.7003371875408744
-1.2201416557697609,1.7713592937586788
-1.1690447632013652,1.6822769224258327
-1.1673501332450682,1.6026498047537068
-1.1323377763969118,1.7790701256357961
-1.1539671506396372,1.8305462136094863
-1.2141576059305945,1.821266561925811
-1.1785836945321648,1.5699795319660845
-1.2956468175039133,1.6898733942917594
-1.0853769476952666,1.7355299460150766
-1.242627691589825,1.7173186422680329
-1.0814554803785348,1.655791885415523
-1.2659540158040343,1.8263867101691706
-1.2018833967795512,1.505299627559633
-1.0765835037740425,1.7154210747603278
-1.182329775334975,1.6911830349937662
-1.209942684055907,1.6914740710939848
-1.1094466660985933,1.787297066226174
-1.1850739296366009,1.7074949880887558
-1.1244663654047573,1.66066487125945
-1.1716093175261824,1.7576365276454822
-1.1753813324974263,1.7282920709848355
-1.2592637624242027,1.597358281209447
-1.231967128976365,1.706621450910772
-1.2425882849505414,1.8437978599253548
-1.2593871750826366,1.8502509641582863
-1.1739100343870916,1.5853463180415548
-1.2099962284322214,1.8009802227234168
-1.2463184195473258,1.7909806821567864
-1.182653257462317,1.6780183811893654
-1.1981883186794227,1.6621012325043412
-1.1736809719087336,1.624487987296857
-1.223721411892178,1.6491407242514544
-1.28014635443444,1.8020261809968299
-1.199463844036379,1.6241007906831169
-1.2764915387025668,1.8233158097476916
-1.2294493767717687,1.5622947189413512
-1.0165479917192934,1.708784674302738
-1.1467751494795988,1.716785220180679
-1.2494501571232726,1.60707446879155
-1.1316454009536274,1.5357229843710323
-1.2413338412024717,1.5563406702560922
-1.1154313306135233,1.7504396166200875
-1.0613266828503596,1.7251176049553136
-1.0152674309545395,1.746337404394471
-1.2537078391114376,1.750322951355596
-1.2150644954034129,1.5517795672946555
-1.1740326910788814,1.762305674353828
-1.2943044469891538,1.5950600759455997
-1.1237450089190213,1.6003086367466404
-1.2871539919503385,1.845706487421796
-1.058158112501151,1.655148896124648
-1.2491821187653365,1.8230430532828483
-1.2191365816761304,1.8400297171096875
-1.215164469114982,1.5929500905719334
-1.1147492131482437,1.7297957237198294
-1.2418059624342677,1.6871936175504447
-1.115940988524722,1.655550494154974
-1.2060136602594784,1.6248374325867132
-1.2666986762158237,1.6656018778509087
-1.1330081227778162,1.9434479661892055
-1.2161742975836058,1.7240021058901054
-1.2794036422821375,1.7425275938335576
-1.2117362426364429,1.8295031286539158
-1.1012585205694352,1.834756777675619
-1.2739141847631361,1.8275106478917236
-1.2906672757623565,1.5217284770821191
-1.1833351136196872,1.6440602967833142
-1.2127830785531393,1.7733665920156734
-1.1778201257057095,1.6864520758057946
-1.227087067614657,1.823546010185864
-1.1393875622100211,1.6645212088801946
-1.2841180806622272,1.794386813674674
-1.2731444981335749,1.682129510288653
-1.1323919031555676,1.6529030054416356
-1.1327638236982858,1.7010348319629816
-1.1465206063361906,1.703508441603275
-1.2044804238626399,1.8068663025289577
-1.15743566953392,1.8460632018931769
-1.2179720393352742,1.8309405090385846
-1.2215594526749978,1.642328808305224
-1.2070661605683384,1.643795425630677
-1.1883925221278557,1.7044137525558445
-1.208202391185988,1.8149963594561338
-1.2677996648416259,1.5564609743873046
-1.2942912514621843,1.613399159681861
-1.249078717438498,1.6513358973707828
-1.2164558153861258,1.8429302654369903
-1.1472003855529405,1.8838800173982901
-1.0805467823539159,1.754371213441832
-1.1474497422035574,1.8926938736669976
-1.2439020306591864,1.6051914738841244
-1.2095309529395952,1.8014538154617372
-1.2079981739156938,1.5914114888592679
-1.0461939704400043,1.860175019547007
-1.0184769564667764,1.812240205542673
-1.1312474667996693,1.6456087614668926
-1.2168576293959101,1.6337899803673799
-1.2311136507567069,1.6066593842285408
-1.0843519305061275,1.6392714194735123
-1.1282458953371017,1.687364545172366
-1.1516341252123012,1.6593704388393262
-1.2356913821660378,1.7343245881757567
-1.174589565203575,1.8004738139654168
-1.242495371225264,1.7434767941143363
-1.2591403488523727,1.9391722060933743
-1.2295567385313968,1.7778438694008496
-1.2932473732304341,1.6246031116302908
-1.1154327640103432,1.6262004246140402
-1.0523433219908294,1.6291394610817806
-1.2076224944417604,1.6970503765105087
-1.2634314896037016,1.8535991434919226
-1.171179829109369,1.784026914438062
-1.20957465598678,1.8035080503630847
-1.2145407567202071,1.6353969805693318
-1.123431720606835,1.7699477947077968
-1.2783392702219225,1.5970463521081033
-1.2005845314181867,1.6307558939392544
-1.2605322820594664,1.6501389391560877
-1.1920072445008523,1.8181930408044107
-1.139458887616329,1.7418134387308895
-1.0026099426420165,1.5999626512210174
-1.1681976471236024,1.612378012794069
-1.0741502152867528,1.5588443096941131
-1.2065816137592777,1.7043026507505228
-1.2697445807987766,1.5334265236018785
-1.100587682287417,1.7837508500655324
-1.0898822849978844,1.630983550573287
-1.0689584413900204,1.7859771636074098
-1.2206749663869414,1.6618596603770552
-1.2751128652891472,1.8773187771780828
-1.1838482873092344,1.829723255062933
-1.1580240773555637,1.7208932679317626
-1.2533470289505573,1.5918423963709987
-1.1881075047534975,1.6943450213035849
-1.155762091649027,1.7430759717911697
-1.290982885681186,1.8424257215977973
-1.1809872982513554,1.791293841419169
-1.285278206069858,1.8583608993508134
-1.2176776215019374,1.8228211703285153
-1.2465542010730082,1.7126941621172138
-1.2630394835395715,1.7537116271963809
-1.2127109208345208,1.7167806550289177
-1.23541171431813,1.6303050989530679
-1.2790655178497934,1.7466837325578703
-1.2820753119816084,1.681906352320768
-1.1750748758775849,1.502392850916297
-1.019333378687908,1.7751486424195853
-1.0644133113929954,1.8625734858327934
-1.1703992901587437,1.9237368723302044
-1.2349001971113198,1.8062410505259512
-1.2662580935979144,1.6930497085514282
-1.2830837901682037,1.8447563571555905
-1.1656494567510642,1.78897095808664
-1.222274305687549,1.6972522897903635
-1.219416201453338,1.5937284296916228
-1.007997492504864,1.8200359792024883
-1.2548622802181622,1.7736977958098774
-1.2902090630056824,1.7378132053641209
-1.2234022354575766,1.632187794041011
-1.1933474943720148,1.6549085757974449
-1.2008026093604751,1.8333510641745332
-1.2043007406157387,1.6328024571446038
-1.1880179477862913,1.8078967481417674
-1.0986536372155773,1.7261528861765965
-1.2411349032733527,1.7712127617694955
-1.261479056448337,1.5207811609575423
-1.2557134797084468,1.5509683625405497
-1.2410766813190548,1.8557897975956643
-1.1754046790712223,1.6302736794476027
-1.160752804510657,1.6402817161225873
-1.1502159950288087,1.5724782591575674
-1.2029793972508032,1.639442945727605
-1.1959170447501177,1.7123114178084917
-1.1558715416346454,1.9432257621978652
-1.270723193319546,1.6184936821540226
-1.269025367355574,1.7036417257944665
-1.0690194879694654,1.5165869008465986
-1.2290952753082114,1.7966056223217512
-1.1860122545345038,1.7766641907675658
-1.1123985337065212,1.6710360349223343
-1.1854334000505815,1.6926350276519249
-1.082859937829177,1.78263620431342
-1.1276377379140758,1.7900937637557397
-1.2091601352065615,1.5367654756930804
-1.2514954816281563,1.6959269418514031
-1.2510611638125948,1.9289309110115553
-1.2632050172503646,1.650578664147574
-1.2119789631080113,1.7175198232167923
-1.1284415034830928,1.640787233717924
-1.2132344075431818,1.6037608983220968
-1.194382996217993,1.7867154046853257
-1.2562315205126535,1.691876772936384
-1.1432000661321873,1.6840136851949776
-1.1657122907672421,1.751301583041445
-1.249528193773063,1.5541224748145015
-1.1139196569961651,1.9308428269440634
-1.2351714952808914,1.7879885118029093
-1.2943478660537693,1.7798242370372381
-1.2065613240934867,1.6586579572277322
-1.2927656949443673,1.6530092167403603
-1.0734941723862124,1.6122859127551237
-1.073451747154856,1.5176399449779818
-1.170527424061469,1.7113544418963302
-1.2993082635376871,1.6514360923850357
-1.2891504024198805,1.82226313944766
-1.1190007494359535,1.7001105453611163
-1.251182337333054,1.5885518810893609
-1.230373569490419,1.688980720879737
-1.2755384808480656,1.6117812279623298
-1.162427171059106,1.5839484419336218
-1.0899203443476784,1.6792563406919918
-1.1788337940867448,1.7674239644112437
-1.198167256649623,1.6317552743813235
-1.1484538811847904,1.668973891033108
-1.0431374293748583,1.6973476657254158
-1.1447340244085351,1.696381748026377
-1.256746355787757,1.652416843677749
-1.1035707266637127,1.656580663721952
-1.2843310879559309,1.5517115478515917
-1.277169509316641,1.657626410598889
-1.2852089498501682,1.6598312775321848
-1.279327389062717,1.8487870672058888
-1.1038655856724766,1.7155646484452942
-1.104538526095933,1.4606692357122981
-1.2248134812215226,1.5401211130134704
-1.242484309585942,1.618663342220026
-1.2153331364634654,1.766212814161464
-1.259124383097493,1.745459271387574
-1.2192871231724578,1.788374867598345
-1.0995803757957985,1.628806594785598
-0.9773629214680168,1.8388266562536497
-1.1130658018048596,1.5334808973693896
-1.2256443802696295,1.775957703790608
-1.2284330982398752,1.607203616069947
-1.225047724123515,1.814097284794649
-1.2614349187862315,1.7244191850622577
-1.2986439860994545,1.8886433745107603
-1.1407668292747597,1.662327414639012
-1.263127965564405,1.7405922667335936
-1.1898219986088376,1.8005534854063427
-1.2365861344709672,1.8503148609471975
-1.1135877762318516,1.6369714165200624
-1.1958066531861078,1.682834723186333
-1.1924822832126099,1.7816820954344441
-1.0317010818703243,1.8283798150413229
-1.1816751738841826,1.6176815187554852
-1.1625036846099546,1.6713882822331774
-1.050991587739766,1.810449212414137
-1.0825746204506879,1.7438290710763396
-1.2255740052428596,1.7483741896576777
-1.1469669234458768,1.7951683933111924
-1.2200009700967602,1.7626614414952706
-1.1484444014627757,1.6303594103397887
-1.2585499787042704,1.6367586923442055
-1.20280948636,1.6606285842962256
-1.1919625377081873,1.813383477625085
-1.1974945099849552,1.564314631665035
-1.1678377308854853,1.5663979150769682
-1.2340114976065961,1.7485899911592082
-1.2633443331617553,1.9115357461729179
-1.2461987963949326,1.8069029243591201
-1.1451964797790672,1.6872005622880282
-1.2043785338572346,1.704908684450217
-1.2274387874264214,1.5922108405658881
-1.2928423760694228,1.6745563806352484
-1.176596362026015,1.6606020649346953
-1.1798481710425364,1.653376906607087
-1.2393568189596806,1.4503453401791677
-1.1663742209434036,1.7825413016637524
-1.2371029636812536,1.6952446596507509
-1.192285977058693,1.6687272707289331
-1.1952249579221188,1.7620616924363866
-1.2752272806472222,1.5872226218106313
-1.220459020789773,1.7230007666455247
-1.168374669337042,1.5305559709531162
-1.1892179109289027,1.6609826319142116
-1.1295608037666038,1.6551380571308019
-1.0510242381383832,1.7098362286588171
-1.253368268584083,1.77680723298555
-1.1933942366369001,1.652425671927078
-1.2571101029992124,1.5616684144392907
-1.1794841272671364,1.6521645843547064
-1.1304229724407058,1.7317221085165269
-1.2096529160881164,1.7814823086801923
-1.0680669989566964,1.6370610194355715
-1.254545761031053,1.7387909881176962
-1.1927638214320304,1.5783009909580348
-1.2633313655764815,1.7267876631564474
-1.2878604066735002,1.67705781728885
-1.0905415981725102,1.629742656341853
-1.2414735678064523,1.8749492848534515
-1.2010957982685726,1.7723603382929305
-1.289656924483606,1.8112339252490814
-1.293710345572614,1.4006580693915822
-1.2259342387904453,1.7236871126983473
-1.1490370049489795,1.7751345856834302
-1.2047606639762816,1.7337757182319622
-1.2648038155572827,1.6334573418905622
-1.2169566055342131,1.7663861833414751
-1.0915190149663985,1.644880730064727
-1.2151847377512857,1.6438810171638234
-1.2699262192088787,1.9092686894317887
-1.2611316411786868,1.4091327849852777
-1.1406550892772862,1.755488014459293
-1.1515787016687427,1.7176402890619564
-1.187102267188743,1.312839789403842
-1.2058924987249475,1.985096619689673
-0.8637016443081795,1.7034010037640932
-1.2168464551835598,1.8068522430555918
-1.1930642418316109,1.7047770210772248
-1.2008871004040793,1.6251629457750365
-1.1530298689066418,1.737391539973419
-1.1495273035857774,1.8272809444644142
-1.1891342713955897,1.8056149905782424
-1.193861773116085,1.7340218213331697
-1.2522705056818195,1.8692442842298176
-1.1472774229521567,1.77381854749954
-1.2207630797045157,1.5837172380612887
-1.227867803109495,1.6968005081385773
-1.1389811083941142,1.8444285245674883
-1.2245152655607416,1.6014183588689614
-1.1754671327819355,1.61635758381343
-1.2807044494089745,1.6221089095366892
-1.246202259637462,1.846949718658971
-1.251297528339535,1.6613092354571237
-1.1904657596372283,1.7067327737791524
-1.0558042335972115,1.767554513957196
-1.2066135928404957,1.8029443631252973
-1.2486612314141747,1.587882992492626
-1.2694812791692793,1.8857622228045423
-1.2381872197280615,1.5857124276393926
-1.18860215820679,1.6429105758265814
-1.226040106536354,1.649860456684558
-1.1161134610324155,1.7883628572796308
-1.2165711271747974,1.8620672757546324
-1.1933700566937855,1.9322853367653088
-1.083784717014479,1.9271766226472868
-1.2307409688026214,1.8526182774225173
-1.0645030064380523,1.627423773865291
-1.1622267992804796,1.7886408870332535
-1.1934926327672977,1.8021983021280532
-1.24178474688403,1.7979891256031069
-1.2244525677509783,1.8679969457551404
-1.2466205929431402,1.785496094754013
-1.2421178671767004,1.9389822599039048
-1.2548101862926615,1.7211509288668196
-1.1412750703061674,1.5844367207217478
-1.2169446283322287,1.6672937102841345
-1.2982459908191843,1.8124620219328063
-1.1674877300989688,1.736949145320013
-1.1588840907839324,1.7816157742212049
-1.172205718019889,1.709590812894774
-1.2076193732875828,1.8625734123864652
-1.2444293978732928,1.6767634022272382
-1.0446065275361833,1.6556646275260798
-1.2075123078473444,1.9963529336125783
-1.1175429977031581,1.8522350934987588
-1.2065123194975358,1.6363232505474334
-1.1483844098258083,1.5839267617205646
-1.1528576046393475,1.6762700155059267
-1.2029199305378813,1.9196569892412454
-1.1380958566067703,1.560114173753182
-1.2381998969404193,1.5673540707158358
-1.1671276243765136,1.741285361172213
-1.2029139758224987,1.5222017023496015
-1.1892623783533698,1.6991669962456308
-1.2001493968131565,1.59973656325229
-1.1221272332333445,1.8124551636049415
-1.1647025650495084,1.7822842813527555
-1.1168270942162766,1.860239202540593
-1.1479156682346328,1.735560847772552
-1.282142697627143,1.7525420420824176
-1.0976310284104658,1.638651902816364
-1.2278695037094352,1.689115241809094
-1.0485134835638343,1.6645793790948524
-1.1250372673103144,1.714197761214572
-1.059557662706831,1.8305085326108665
-1.2342740657123854,1.4472182810850078
-1.122150858787512,1.7023621472390644
-1.2611972184614506,1.6701536050370824
-1.191673216039099,1.5137223577596715
-1.1251994830620689,1.4818860592960292
-0.9911647793206497,1.6029728403339547
-1.183992540258522,1.709182014179654
-1.2010338881579845,1.7654679097076689
-1.2279633193577815,1.8249825877723194
-1.263740117965911,1.8179396509497479
-1.2303001065122274,1.5875337558157228
-1.2455696868379953,1.6116328181886563
-1.2279522789462833,1.9923189456232089
-1.2027960214224178,1.6757186308401095
-1.241865348591736,1.764072954671201
-1.154806504805532,1.6541472805101647
-1.24267313787791,1.5716372064224058
-1.067610305715461,1.6178343431680524
-1.1954178837955158,1.7776812140048097
-1.2848566174198535,1.8469006888316177
-1.0743785568440345,1.7880986601639495
-1.1126303434606597,1.8238048616088076
-1.1349999265480384,1.8610263875957058
-1.1696557159207832,1.7364481363152107
-1.262679911981989,1.7767564317255455
-1.2680115668547827,1.7034500593959097
-1.1255279010171815,1.8421521651377895
-1.2023136222592614,1.8565186617210288
-1.2478822876726121,1.8714770197037396
-1.280209288096729,1.5743017134180648
-1.2177138271669012,1.5070276645755838
-1.2318984126070889,1.7685668281231801
-0.9956001093860826,1.7774260164945945
-1.278525178632568,1.8591467320444788
-1.251962301743626,1.8115453806613269
-1.2107787176445337,1.7478297965465428
-1.173334751552252,1.893494477774211
-1.172670862129732,1.613768235594918
-1.2428288526887388,1.767653858667981
-1.2150946429419855,1.8214161320195983
-1.2865612441471321,1.6499201179593408
-1.1501478831019314,1.6624122032932718
-1.2262569645265078,1.7433037733661645
-1.2444710478251613,1.7272004339395417
-1.1844347718482655,1.7435235805597435
-1.2851733491682273,1.5703783877040067
-1.2583461057538752,1.7815086701717155
-1.0796946656913082,1.6668827173080152
-1.1024015170254615,1.801231474377888
-1.2278068616937867,1.6909257277530108
-1.2881413365401646,1.6486338511445604
-1.2501008316164202,1.8499970135536212
-1.1780137627222287,1.655152687298206
-1.066316610580388,1.6784887182751893
-1.2237318847374048,1.5770188496770408
-1.1893435716382235,1.6848191392634237
-1.107806128967285,1.723962413493688
-1.132587518615042,1.7077122430447247
-1.1440897363839724,1.7040504938862109
-1.2114672471957673,1.6216551807113673
-1.1416645800934202,1.6261715439886875
-1.2804679947882986,1.7129789497977679
-1.0509440601281592,1.7386582122053316
-1.184011812962179,1.5702493606054213
-1.0448072134085726,1.7844928163258957
-1.2122455786804853,1.6662334235931415
-1.1949650109437813,1.6707651337703795
-1.0316797263684523,1.7742893112175757
-1.198432391941229,1.7813652520033605
-1.2261826073979076,1.7664778050124728
-1.1873609511488532,1.633305786848552
-1.2063817936055825,1.6541376602518063
-1.273942219975732,1.5389216134911738
-1.041227725610319,1.7799664189594528
-1.2346898360308955,1.7348634808400647
-1.1723361606035028,1.7915890385863338
-1.2757410737504093,1.5745566098645396
-1.1691428588040076,1.7232104526158334
-1.245340520472128,1.6294532421876673
-1.2705220503023624,1.7199477623601809
-1.1149966112072702,1.8438525483343573
-1.091039922308489,1.8894143362489726
-1.1396936387433956,1.794565128425707
-1.218323172569936,1.7400828621901359
-1.2192972800840947,1.7485251879821666
-1.1283093958822654,1.856190711950407
-1.2189280748749634,1.7120068522690401
-1.2693420459312277,1.673897615460341
-1.2795671595416698,1.6549666984769023
-1.0761784427910432,1.8045618053013568
-1.235861984348249,1.4809887523094687
-1.2800301900528905,1.6340286883464201
-1.2041471581156062,1.3939338894284248
-1.0451378865903613,1.5274942012354997
-1.1555148559674444,1.7112552497742293
-1.2091322273680192,1.8032599323001397
-1.2886730208475887,1.7156485412880604
-1.1908357772311053,1.6634745046596329
-1.1695048632888727,1.7368590914877033
-1.2001617176873838,1.7928027587688362
-0.9922406243346268,1.5845522940587062
-1.1930261998230276,1.5268994655561254
-1.1508494369059545,1.530491287332415
-1.2220847631455243,1.8653191588144176
-1.2577531804339965,1.6956502094054278
-1.1305252604389213,1.609725508099017
-1.1095201279790818,1.6987166462003094
-1.1377404118541548,1.7548808878338167
-1.138238994616597,1.5139211610009753
-1.082248184196096,1.6449243977301196
-1.2643977387913359,1.5234085712853433
-1.1954133022232618,1.6846300882249683
-1.195547978865813,1.6470429737047656
-1.2648932813553697,1.794377350945179
-1.2335213384170614,1.4515492360420277
-1.1098549268117064,1.5262891405975638
-1.1662606107220608,1.5948684076207436
-1.1960574853361512,1.5457557705378493
-1.2910888186177862,1.5472895053688456
-1.2452684490976813,1.5900127091592284
-1.2939988481966616,1.613298157303535
-1.1022663426429742,1.6012876528200917
-1.1675883407437193,1.8152708951904508
-1.168328070355927,1.6087312804868448
-1.2657510707251525,1.7480240159683706
-1.153014835962981,1.7447360188275962
-1.1987608225118727,1.8094034500106075
-1.2894557563452869,1.7912977778918533
-1.184031653293902,1.495404041852878
-1.2576041695170401,1.6024276954356163
-1.1199996734703415,1.8865410734538604
-1.1005439659687823,1.6874783049927735
-0.9072662096500235,1.5584586442687005
-1.1105928995589642,1.8947453231572742
-1.148363485338264,1.7053058202463238
-1.170077164405613,1.6662803788333493
-1.152881301597973,1.8497890241062702
-1.2882549421111924,1.8719478946667598
-1.2878269960434647,1.8246075422796524
-1.261863603098452,1.8883796317562664
-1.2520636345626346,1.685608070532774
-1.26350826967287,1.7992902052186255
-1.2782258921002454,1.7907838964833716
-1.1911513241850513,1.7713174270801302
-1.095129077919417,1.6127691164118092
-1.2184677907046308,1.7038019479800028
-1.158030743666883,1.6790683742978068
-1.2489523102761546,1.7445609271976181
-1.2342526551594712,1.657906979065698
-1.1196292051526735,1.721251927738679
-1.2423911978982827,1.7335856301031463
-1.171108034082694,1.7649611917851646
-1.124473558393933,1.744241377669939
-1.0827980237422365,1.680757301085843
-1.1453889282565797,1.6210666292804161
-1.2964107022520757,1.733159559793953
-1.2025691505497809,1.8254250390490432
-1.1359105604279787,1.6453056438530018
-1.2065101261184352,1.6657519664184415
-1.1613341388291862,1.4764273181470104
-1.1841566865474256,1.69289398196418
-1.298555698232054,1.7431911072061752
-1.272581045392988,1.683982834552085
-1.1654957313480538,1.6502573636014168
-1.108929526894546,1.6501462275228247
-1.2237448514488687,1.917648264647606
-1.232028555699586,1.6696620289359434
-1.1647610358767466,1.627253810130704
-1.0349284373329029,1.6844778571342518
-1.2833160922557825,1.5629765885838625
-1.159519344736236,1.8025810837452185
-1.1813626666490706,1.778048109680144
-1.2172656327721865,1.6764988679624304
-1.1573201536174216,1.788300576905889
-1.1227348704972084,1.6182014006622476
-1.1362927612081917,1.8058034586685061
-1.2518665985228634,1.7500811152935034
-1.2108430451320826,1.700650442892999
-0.9543228734000828,1.8138581064430395
-1.201006539760599,1.6628690724788482
-1.2232395543843348,1.6810513244086616
-1.22134096669444,1.7800877230360734
-1.1408666006274444,1.7395011386998638
-1.1602470693753493,1.6513259667536986
-1.2353588198578958,1.8013244797546863
-1.2305548155001864,1.8013304479351686
-1.2434064176504815,1.9312916764737849
-1.1176400888996627,1.7278190034647116
-1.1044190026877585,1.659742801120006
-1.2601482710989345,1.7459395914942206
-1.159520714973452,1.8302454754025124
-1.051220527504806,1.681873885856176
-1.1745307786325803,1.6772359357251168
-1.2202926101626357,1.6372846404384644
-1.1877393937926441,1.50814097797949
-1.2215798595365845,1.5879622593874752
-1.2646834924344592,1.7058994360042494
-1.1126441952777282,1.7947379357261848
-1.1520412756453333,1.6481280229078656
-1.2168154172256538,1.8325166906685508
-1.22901025320115,1.6999799407790501
-1.2797985499697069,1.7105073481698674
-1.1647589396518705,1.7505796799489137
-1.2536915357065135,1.698351779658754
-1.114346115595695,1.713100208543054
-0.9922451736535967,1.6866340955417598
-1.1707108377577047,1.7588935724728965
-1.1019460539145323,1.692589705144853
-1.2160505269407063,1.669188915431208
-1.1332032109683157,1.8053335081596824
-1.1851203288934822,1.6367970742362798
-1.2990256714802606,1.6867881331401628
-1.150530314516117,1.8204210561239935
-1.2414901823531677,1.6702241352214762
-1.1606791301872483,1.8430432847036888
-1.284386563401065,1.6138133613996541
-1.134889575901696,1.6944162833590346
-1.1469154670654738,1.6837952542922259
-1.1273514021455722,1.626401024209875
-1.1781116641397527,1.504097511248775
-1.2691002405154224,1.575014076312633
-1.2964002874598288,1.7889884096063169
-1.1107542704794529,1.6687704120024884
-1.1153064810370903,1.823052338587925
-1.2878475114223462,1.7192608101818276
-1.2517293718459988,1.7949126956193036
-1.0802594450568088,1.5671351851752342
-1.2167080514718331,1.7539188705882038
-1.0738616260359377,1.8013736067609483
-1.1174970334364764,1.5544246467110454
-1.0993038134510897,1.6753607675842304
-1.0929263055499363,1.6993066712794969
-1.230338673234234,1.7365235488363628
-1.113448890372763,1.6685794839369086
-1.1689713830641473,1.6519360935825134
-1.1695113488566866,1.8933415728981189
-1.2878062077840922,1.6364737415967634
-1.1245757314383444,1.7114762830947985
-1.177765830271815,1.4903303896396038
-1.266122236035732,1.6944757420021366
-1.142430438488839,1.9076833951868934
-1.0577312735417996,1.6090984060334572
-1.228368558279235,1.7270618393144488
-1.2806307376733748,1.5711141023772344
-1.265539960079089,1.6226036351269642
-1.2461921181223017,1.6849034036771091
-1.2224753414266734,1.7678510874705486
-1.2514187445609337,1.6522292772602138
-1.2842017141570217,1.8472533903316595
-1.2866152221161435,1.5994910746629087
-1.2000234171141106,1.729054353345193
-1.26221901952246,1.5949141453797093
-1.2609371830933451,1.5740294066982685
-1.16020486758251,1.6950693724369035
-1.2543413330285307,1.7845164441727048
-1.1940754687605442,1.5655133730725102
-1.094447256039783,1.8799187381304299
-1.234051945832432,1.677232479462602
-1.2094611845218861,1.7353301234375298
-1.2499463861898241,1.768620638506923
-1.1289932220450936,1.7749838513944587
-1.2945538821560407,1.6544893243553915
-1.2149625914240856,1.8089934051135685
-1.121507247238417,1.8632710583669088
-1.1696882889883862,1.732697535507001
-1.1671105083893198,1.6633824746545538
-1.2703414067319094,1.6179141627806213
-1.1878103533311006,1.7646725410068742
-1.2345337133894314,1.8060910118799836
-1.1132296692930574,1.531927936844519
-1.1311130106663347,1.6240571746278056
-1.0751868072351178,1.8221666614249155
-1.1322317871378575,1.7339106217775695
-1.136542870644408,1.7784714801585293
-1.2211645746877566,1.8452163579283756
-1.1146730384641117,1.6542821971701476
-1.236582799706958,1.541017155838364
-1.1997963788998849,1.6242256196890468
-1.0999779516784445,1.7129671397177602
-1.2634257090931507,1.6864632413571896
-1.2436508710033147,1.6593140520329854
-1.2820171908696925,1.50630078210364
-1.2551100014630283,1.8037678349219521
-1.2868402342019187,1.7124373078765558
-1.1894505802205904,1.7277670784185848
-1.2141310336074613,1.6691939123995876
-1.1768009756535625,1.7784140804677546
-1.2281227257242164,1.6249499421434732
-1.1040386854270123,1.6380267228772052
-1.128342425027384,1.8198266260850084
-1.2317018192949503,1.5460275633282152
-1.1987707283262514,1.6294496071993714
-1.1853469645295898,1.5550971268751297
-1.2904981547815721,1.6964477302677092
-1.0759025811641711,1.6805217641589172
-1.2641500349395935,1.7561693091496144
-1.2033449977462158,1.8810980725551691
-1.1708471963190787,1.6324047248512152
-1.16551636021754,1.6394704242487783
-1.181921428933857,1.6217394729063452
-1.2478955740901625,1.7985164818991515
-1.152396937150719,1.7770853334963241
-1.1538279562598877,1.6312201758120652
-1.0661853395759793,1.8771887179340974
-1.2895359589263002,1.8265371047726726
-1.1722876259136252,1.7995297399232049
-1.190857066565503,1.7960122453988898
-1.1681561848362114,1.5893768524854623
-1.2765136576307223,1.8976438554900705
-1.2620527973792295,1.6760549213027576
-1.259361848303793,1.7035972787243323
-1.0874803448964805,1.6956237433159433
-1.2877384287740805,1.9084061735857494
-1.0725001290516358,1.5679980597185714
-1.2059924613263977,1.8384184410599327
-1.2460278056914056,1.6191719451024056
-1.1157216001698005,1.8170493816094047
-1.2967854765962914,1.5756032206057908
-0.9513546544901494,1.8126559794385555
-1.1311915048688386,1.7182939027098245
-1.178019726991392,1.7519603854800756
-0.9193500134442631,1.6643857698413298
-1.2554264550625296,1.837428084207687
-1.2398448493005387,1.612068376232621
-1.2775726962979768,1.918259661320389
-1.2394892451738315,1.5929655482039882
-1.1234835010316702,1.5170155998326373
-1.253993820297611,1.7742478543579427
-1.2193320939530539,1.7678164509689889
-1.2514134611631034,1.7642384922551486
-1.2401840072460049,1.6295365780216045
-1.2755123185840098,1.6702265739633495
-1.2247104961329272,1.8120886024279637
-1.2844334676371767,1.5520156905562952
-1.1957894725496203,1.7066247108825945
-1.2401221511774776,1.8883291358378618
-1.2920879995939372,1.7903144976297072
-1.1939387060837898,1.998425240303667
-1.1861451427712617,1.8377583772538695
-1.1426246004676885,1.7348847487252361
-1.2701806360775112,1.7706243200817322
-1.1251919433653674,1.6210267098312283
-1.1553698905018888,1.597404750661376
-1.2735934257360653,1.6656218235044675
-1.234248996333371,1.992566818489802
-1.1648619380075662,1.5276683771706887
-1.2732553591426816,1.62595603591428
-1.176011861349686,1.9578616102415651
-1.0857601776427295,1.7296635201876613
-1.2769973756693096,1.7475425655144652
-1.104211087898689,1.617631169937994
-1.205204435199913,1.6531253144619156
-1.1355556208067743,1.7134890344506384
-1.1830201560395535,1.731588301623318
-1.0988343443444926,1.7043691600032451
-1.2666594953770443,1.7368650259650777
-1.2492494525817828,1.615395086857263
-1.1719243956594034,1.8428180611961633
-1.1720122394526336,1.8771043787660084
-1.2964981161942046,1.6533944554308408
-1.1915060592247224,1.7830497632039926
-1.2647271112654443,1.6519225323851348
-1.2320696517088672,1.8839858469500437
-1.1613579535736944,1.6589320870022304
-1.2301158568044743,1.5281199440421882
-1.1858674660592057,1.7742049236031554
-1.0684038018294513,1.4961879252918602
-1.2902545344233423,1.5126388362034329
-1.0297831180246462,1.7874038982933003
-1.2794859461155446,1.662132151504454
-1.1935375077712924,1.7133589613020368
-1.2178222934330418,1.561297023120514
-1.2118283713472815,1.606675494475866
-1.2414215706279095,1.759810249801662
-1.2017280434235538,1.6595161714088995
-1.0492451330871866,1.7428266783935003
-1.284672303194142,1.7637764752374727
-1.2603926176032552,1.6280577138452421
-1.2835839057097318,1.6143925410200175
-1.1291968292692824,1.7740537628005673
-1.1981257761629873,1.8609483591020342
-1.2850648171442691,1.7647003951710356
-1.2546622871383977,1.702829939823313
-1.2354170234011086,1.6765963188155464
-1.0869869242085293,1.6496497483912218
-1.1652876232285945,1.5951945138210426
-1.2039115548435106,1.6846468138618218
-1.2298282116391297,1.7337583541341726
-1.271406164175956,1.672515472389826
-1.2017366996649839,1.71141821704016
-1.1847111642532389,1.6333688656532193
-1.1827568761370026,1.5044966248488663
-1.0624003295070512,1.6835853132011396
-1.1864045591188226,1.6185946001730829
-1.2365960816870392,1.6401628690416103
-1.200756012976631,1.5470421667582657
-1.1188256273399848,1.8055470918130565
-1.282983464212692,1.6807473552206296
-1.1848462377251048,1.7813520816959902
-1.252480592968358,1.5967268380202009
-1.2918526780933164,1.700253445911446
-0.9748772374455728,1.7370040680948287
-1.15297507931777,1.7570686904923065
-1.2024471704915136,1.533760303416773
-1.1329540113589667,1.4448433165453842
-1.1654450386619548,1.7047855101687353
-1.1791671929622185,1.6549051888566415
-1.1481272027852512,1.870206730366104
-1.2627108311269286,1.5942748519845686
-1.2227655700407118,1.7084010307210373
-1.1741544891790048,1.6402185236168934
-1.2233138580063878,1.4945993469471426
-1.142478885824455,1.7859776008020216
-1.1626667283185996,1.7187722219545243
-1.230977775386372,1.7495769637208203
-1.0444664910046244,1.7733780335721063
-1.2299621097174185,1.8819085498704973
-1.2637833669471354,1.513316067484784
-1.1366294665002061,1.625885156727325
-1.2357696907258966,1.7522258591442306
-1.2499106012291077,1.6251476106563598
-1.1290995419838332,1.76725384628366
-1.1222828965675964,1.7619819565219177
-1.2784440484032016,1.8296582037616282
-1.2779083455264992,1.663866961685306
-1.2960403470597668,1.7565819300526728
-1.153689005463625,1.6726206623713558
-1.2936764917696395,1.7270716724686532
-1.2039120968077552,1.7203540142304874
-1.2456720017174383,1.7290477275737666
-1.1077425025396583,1.7170247241887486
-1.2701342410769019,1.8088003688344692
-1.2202622719611387,1.6765764493641206
-1.1088530523316684,1.6065008841765256
-1.2504595041971722,1.7350191958789747
-1.1197827932828675,1.767326386474192
-1.2231587971244433,1.6698289387534344
-1.2154944719503307,1.8406677327933765
-1.192159760377163,1.7420062703398345
-1.2825212214128885,1.6855710436224784
-1.2680825028638674,1.790156265066463
-1.1535590506502567,1.7083576616711842
-1.2155990468706408,1.795622484763281
-1.1214460148658774,1.7328965368696523
-1.0325040944548785,1.6093766975937929
-1.13167816813257,1.8337555941055381
-1.1334357452273136,1.6156848682780078
-1.1932048621060443,1.686099760034544
-1.2700601718504974,1.7271339099262826
-1.2421347548668185,1.6322467131753373
-1.0941446188325858,1.6200964451541824
-1.1679429217392112,1.6108149262876885
-1.1251311056319317,1.7173264890960642
-1.1503552553982586,1.6232352250886073
-1.1139551681084283,1.7413513269916803
-1.2197766786995656,1.5428811191827243
-1.1851988588249915,1.6611031510974088
-1.2265456503908847,1.5478152174592092
-1.2900549041840907,1.6350213793290962
-1.2375574072540632,1.7040526050781009
-1.186401276347151,1.554259466211286
-1.1440778759428807,1.5905345028684348
-1.197604295746819,1.5953703213184025
-1.1829461626653555,1.4581554882392485
-1.1476325699219077,1.6484684062599135
-1.1354394579089282,1.946675124729941
-1.2241427613197062,1.5845126625082795
-1.2934908815418993,1.6594691613263
-1.1553890844545651,1.7573617996810895
-1.2654315264294551,1.5713661514224357
-1.1624024725722295,1.7955506190198882
-1.1904064309255695,1.8051524759760256
-1.1643817204361706,1.585048080638436
-1.15276804022062,1.8787976518571652
-1.152186966506883,1.724898170434921
-1.1619806508009676,1.4837520869884426
-1.296194710639843,1.830016550118362
-1.2315533606536135,1.6408023055996492
-1.1138940067536227,1.811604876184609
-1.1187271636939051,1.5917320328224078
-1.2909409549653612,1.7276138977077597
-1.1537092159559224,1.5437497690026778
-1.217127233022708,1.595884572208838
-1.1824224671895183,1.5266317338458437
-1.111642680290085,1.9153707020132347
-1.0517581995556395,1.748587544911792
-1.2178390884034198,1.6721841313121424
-1.2657087709717953,1.6425208391035033
-1.2018064413585616,1.8138004855894048
-1.2842986068286126,1.677418159434832
-1.293028003994178,1.5534588614055782
-1.2895141816535716,1.728350663911547
-0.9904286151564,1.6401184295903555
-1.0498528366606137,1.8406032584428051
-1.2406782356946635,1.7049298875573118
-1.2305377133740731,1.7004038307105842
-1.2359753832233915,1.7650389947355123
-1.1729206453489867,1.695536071279654
-1.2628843888853225,1.8885989595824775
-1.1690225077868126,1.6185187407020232
-1.2679263765873665,1.631979252103342
-1.2648950947193034,1.7687655142355476
-1.1768965950219934,1.5804161996587889
-1.2074707952527461,1.660719258962164
-1.2325539451514291,1.758703983932735
-1.1960825238517467,1.5733546779874046
-1.028550864764502,1.7568247487702136
-1.1337496528822593,1.8303741910832994
-1.18025407283519,1.5225736670645806
-1.184341322611169,1.7475313425800698
-1.134976792193235,1.4878379926204517
-1.0668511788304293,1.7125054958954697
-1.2798812200790581,1.6829987132527289
-1.1790908310969086,1.7567424088690977
-1.1458986219925043,1.5934542176883495
-1.262359630459979,1.6332443169682633
-1.1811939295578169,1.8997594083119667
-1.2051671383963323,1.7443376857985247
-1.2579293798932774,1.6942262016768874
-1.0705229630850022,1.7867330743508512
-1.219930215804364,2.0099153788689534
-1.1519175820366472,1.6935247005295677
-1.2177576701191968,1.8218976719358773
-1.247553087643419,1.6819231455111496
-1.246811486035264,1.543618830442099
-1.2824559216960312,1.7157355853420853
-1.061423841524193,1.8205556946120545
-1.209616454688978,1.879227966928397
-1.2319984769610575,2.028768776714584
-1.2395096238811647,1.798534081934214
-1.2969728704680616,1.7375851956262165
-1.2224534036720434,1.7777300360589021
-1.297073551431862,1.7196775639196558
-0.9978989000900984,1.747434218428591
-1.2312140721748162,1.6789276104201294
-1.2192149008782955,1.6272487997391742
-1.1248495451149423,1.7402865089565658
-1.1136615909630452,1.6368292169767709
-1.2382307499111902,1.850386964159272
-1.145838236254178,1.691305859362799
-1.0645046881117217,1.6637128313572458
-1.1839147450241179,1.6936797775338748
-1.0279697758107917,1.6376702325076025
-1.2303761829791158,1.7414216881030282
-1.2186973926192386,1.6159576437046281
-1.1909326963558509,1.7499168517008905
-1.2593673958106708,1.7798647748195897
-1.2982138888928987,1.7059631433971225
-1.073660482253242,1.8342577737834278
-1.2460225347612346,1.7449670472532355
-1.1037480089834084,1.5310143494619102
-1.2762366365167084,1.947454968950582
-1.1636957649243687,1.7818087267934466
-1.2061044384090667,1.6837975490012693
-1.2852170619334615,1.78442204225369
-1.124590406351685,1.7323643133364923
-1.2381006894560689,1.7523044408249915
-1.259884580757253,1.785857726165746
-1.138764021932508,1.7611940011509304
-1.1867774147935042,1.755064470279423
-1.297284614544396,1.7670228882187813
-1.2107463564828096,1.8003865367549496
-1.127782636225792,1.7489997905019423
-1.272219936990725,1.8487122641132807
-0.9898071403663415,1.7099474445714584
-1.138346626711499,1.7943820511891768
-1.2623368555312962,1.6218749198283984
-1.220456286409233,1.7123714741202525
-1.2749307868518793,1.6080947134168846
-1.2560625069185132,1.948917687675678
-1.1612252180644391,1.7333169391561032
-1.2499554606513879,1.662410314644204
-1.293744499842377,1.558420756277067
-1.1821038611114703,1.7385798532217083
-1.2608791704916102,1.4747811328138158
-1.1954437391547401,1.8114840349562702
-1.1932568365551928,1.7700400652074437
-1.1211274878719726,1.5992063414513957
-1.155549737160299,1.701823640611943
-1.2158772205642674,1.7145728583383943
-1.1565023178592548,1.9405239815958848
-1.2459068254020407,1.6978237022384006
-1.2630413624566728,1.706075690872043
-1.0700001782857198,1.6817600802609802
-1.1289000724217322,1.6951414495639796
-1.2353537186855676,1.681257612131499
-1.167870061752354,1.657127704578145
-1.2976407370650358,1.6586893576191934
-1.0660876795111494,1.5171806891311785
-1.1740332821399346,1.9459055991670644
-1.260093004217923,1.7284717952664874
-1.2419805226525666,1.7765891419530166
-1.172853252107916,1.8113805619457937
-1.2759160199800923,1.6405370107426651
-1.2014151026125648,1.6327724974699018
-1.2835504935863615,1.715136011014849
-1.1982444946258841,1.7431527983147719
-1.2224525607259893,1.6600082103789857
-1.2238355180675267,1.5783630308587908
-1.2411832082764747,1.752230426339845
-1.2378540476795272,1.6461073657051215
-1.2599509406602902,1.7304335951093375
-1.1875506418453976,1.6778540755221276
-1.2938764090871795,1.8564606642266943
-1.2393520825573716,1.3603392711765518
-1.042914546847122,1.8754463168568634
-1.2356784924680624,1.724676676248254
-1.28736074328808,1.8307961566853475
-1.188718673140655,1.7695848205722504
-1.2049171265948353,1.813226433159881
-1.1112570416655076,1.640969939731469
-1.2458531827381798,1.4353870795133654
-1.1692838231480622,1.5683250548937058
-1.227387495432537,1.8452039386573829
-1.2268422644763546,1.5336279819183685
-1.2023949091516208,1.7673861109732762
-1.2472667166380325,1.5883416195042426
-1.2731896655293595,1.7108927436778372
-1.0643227825799058,1.5547475670696767
-1.2900572141098972,1.7277017131200443
-1.2959626922838976,1.7436775894726029
-1.297047430947339,1.814545581395225
-1.2897137199544368,1.6570063103588926
-1.2005393498091896,1.827457399319553
-1.1849348767173578,1.6287352486737947
-1.059232036302123,1.839553900296048
-1.1471589685620933,1.5962451136643805
-1.1400846215384737,1.7640578968235425
-1.240625019372873,1.6129575519960848
-1.2722351686689313,1.6723441340573915
-1.2458628647853915,1.7344151808654376
-1.2632719117287554,1.7607326486411834
-1.2118631796471742,1.6961889793906908
-1.266484013447547,1.6162689531023318
-1.270033434493111,1.756361660031515
-1.04155699062267,1.8882731912368689
-1.211218742383857,1.7989108450842215
-1.2392606405560735,1.7993695185196257
-0.990421247635336,1.7325828954741644
-1.210412531920949,1.7129572365745986
-1.2432045535019771,1.6624722694977558
-1.1032139158279066,1.8573521254840129
-1.0439624103503293,1.610790935996123
-1.155220271369369,1.5980544973399753
-1.212962133146821,1.6490031257008455
-1.240813975653101,1.7299479414997523
-1.2055819378776422,1.7824433194379057
-1.135226443937061,1.534240954311412
-1.2570459654167456,1.805481093854525
-1.2483394061681101,1.752037980893914
-1.2811081793582297,1.6604975339889998
-1.198710773350358,1.7559252869908772
-1.1985162181259845,1.6763700750283288
-1.2464111950267343,1.681905386559719
-1.205814018178571,1.7082233725727383
-1.0758991638814313,1.8272713064500254
-1.2720175648838319,1.6190598307212327
-1.1840245142178725,1.769382737328168
-1.144771822992138,1.7327045455479193
-1.1528052796265356,1.8703300845891242
-1.2832394677554335,1.7638115106655148
-1.2551438529488135,1.6737663174375894
-1.2831518812587346,1.6342599385559329
-1.2189466350216487,1.6868227916922676
-1.2719244356850847,1.5947042343568159
-1.2176505551762398,1.883811674940774
-1.2339016570946948,1.9879181774884147
-1.0425056761752682,1.682797667782067
-1.1376960875386966,1.5731702076988998
-1.130978234445134,1.6956665051430213
-1.2490666770761634,1.6892403027530039
-1.1266701282065557,1.642186820950052
-1.1795561528434255,1.6440504874613224
-1.2528404703956995,1.8035915511452223
-1.2752441044171572,1.7034596944855345
-1.1954734892060377,1.8672833096317225
-1.1487040920304217,1.5635694654406276
-1.1235203061361707,1.7075423198103477
-1.2408351595051939,1.698626971603907
-1.235751537508092,1.4652814125642268
-1.2986492729858605,1.613936252353165
-1.2492573007297996,1.5594353436447934
-1.15235292136796,1.7485408142558814
-1.20632697805573,1.6731317032551298
-1.2442413624215642,1.524019042763268
-1.2587512859898458,1.7793463425253901
-1.252546925733051,1.8800732164224354
-1.2428211909237221,1.841602060393959
-1.1649577345912678,1.812943378763683
-1.120974042780975,1.538078920981752
-1.1663401228618215,1.6630093296274107
-1.283320855940756,1.6916693439426225
-1.2057424145862394,1.4910930710356103
-1.1819212771819105,1.682748247976266
-1.1677806835539257,1.6584334232908575
-1.2702717566373496,1.6419796082886107
-1.2811526104522208,1.6543929628658929
-1.1638311734978595,1.9117325959006664
-1.1744082392543693,1.6227309463998998
-1.2027440430726695,1.678913913332235
-1.1612595731323465,1.622962074264862
-1.2018248545664074,1.5046441445838565
-1.2305045853898193,1.7099318854306045
-1.1639733831415902,1.59318558819084
-1.0354191054294108,1.736203836382268
-1.2075593561504196,1.673135697279023
-1.2513900262407414,1.6669819679438491
-1.2233271628117521,1.586624823780564
-1.2717499984515244,1.7820381089774038
-1.1550856266923868,1.6499479927863443
-1.179485351046982,1.8143419453178264
-1.1462662084272734,1.6020622882140914
-1.11490701748132,1.6100918927617487
-1.2224644169346177,1.9511880570462143
-1.1543390111052165,1.5816794361529696
-1.0681820477415687,1.6774239622123543
-1.2642093072023186,1.8231034490908247
-1.2441179162596916,1.7287416307399157
-1.1023977526744024,1.7923080530325155
-1.1903646701691188,1.7373058110399013
-1.247297222727676,1.7794956047742143
-1.297877246608345,1.8065831157296595
-1.1821982821370935,1.7152613333943578
-1.203853928614324,1.444051037642641
-1.238441324128546,1.567515150797368
-1.251887726028869,1.7144762369774307
-1.2919282163155166,1.6454289362482222
-1.1473829370558923,1.7587829157738313
-1.1487004267634462,1.7033393476729934
-1.0640773463024935,1.7957221582263665
-1.2475735142029667,1.630109145598463
-1.2224511008550496,1.7253530349019206
-1.1649577376280502,1.6194521365174024
-1.1678071900415012,1.6826351158143946
-1.2497120364585914,1.7903976442149736
-1.2367259335925402,1.7979894729572719
-1.2469627714010783,1.6150036066189135
-1.2108565764717605,1.710944569847115
-1.2637569097055628,1.5313542213941622
-1.2823624475090671,1.5660865793644205
-1.261068955931574,1.8356491579588485
-1.2466440894721114,1.586392637472689
-1.093079250034049,1.6374649894864675
-1.288669423623197,1.655785517719793
-1.1616557875522788,1.5617615915882497
-1.1607507559219006,1.7176635919573744
-1.0844543363284902,1.6994708887558454
-1.2175653285141392,1.64113966136084
-1.0634229678459413,1.5702867332844048
-1.1911270681114483,1.7929392678431837
-1.245051875067672,1.6747298522964136
-1.1912482021887851,1.6906879427507964
-1.222711328823226,1.7977208831986689
-1.025554622775341,1.8360433626604475
-1.2014974760052106,1.642571522608793
-1.2503557778589178,1.7486738601348863
-1.2010793165929472,1.8175156886720951
-1.1250895858962517,1.7726922712228217
-1.1492187286489477,1.5927588208628711
-1.2834232375232468,1.5691621891952994
-1.2995064932361706,1.8376221986753951
-1.2025607208150306,1.7252081974364777
-1.1799701953477046,1.6680698926350008
-1.2477799997654513,1.6921053024444292
-1.2325418752595196,1.7656072831275598
-1.256468489611698,1.7483791883761606
-1.146385298211738,1.5808857196557433
-1.2318611287143995,1.9142417674604462
-1.236070771821044,1.682481911878345
-1.1695021909232104,1.835502591396105
-1.2366440491308714,1.730476009919906
-1.2066048638831364,1.7637982126809815
-1.2400321092067053,1.697792784519664
-1.276314107397174,1.5199426347780864
-1.2665959260882884,1.6026818010428978
-1.1669798471267565,1.7189174993832446
-1.1495585976415266,1.9015054175582171
-1.1768365716905536,1.6264554657558943
-1.1971229498680989,1.8137084954092189
-1.2226497546710084,1.6884791991496297
-1.2177452411138678,1.6374641184967478
-1.256477631358838,1.897797776331999
-1.150105899146717,1.6174161559810785
-1.209075545357679,1.626138907991491
-1.1940813019815277,1.9241153307166312
-1.2036029739104623,1.7354010819192216
-1.205906566681111,1.6735574495906347
-1.1446597232980917,1.6673051916799135
-1.1277627463622577,1.751279308012963
-1.2044334003675743,1.8127634621962612
-1.157325833981134,1.5113374102787862
-1.2172377540602533,1.794999847231752
-1.2725304651552147,1.6885741324069483
-1.298170442544501,1.4951279603255427
-1.297078223753658,1.6151230106469596
-1.2346334012453883,1.605404263848579
-1.1778566974687659,1.7188558161696923
-1.0469970032167872,1.566632360385359
-1.1640184894743446,1.5827140798141837
-1.1714288569372147,1.6491971850450045
-1.2774150646668165,1.5971182676834235
-1.2220375059476043,1.6915088734447064
-1.1967229112591207,1.6182661294800391
-1.1800358986510349,1.9255293018083488
-1.2031969755673857,1.6031363170104396
-1.226418478068482,1.485994567429318
-1.2048610420648629,1.8353709330930081
-1.108033051137198,1.8296958004929291
-1.1898897436444509,1.4981647629460841
-1.2910763275103474,1.7725645200078477
-1.2337960984062109,1.8474211155231497
-1.1079980952165112,1.6377982337223194
-1.0871985097335364,1.7016568333340905
-1.1941906272275893,1.7230481917305378
-1.2390674314437482,1.714882034844619
-1.139592496934795,1.6896840937357713
-1.2791993054706723,1.622044868606216
-1.1858842520599926,1.7834924972407995
-1.2892706774184572,1.693246772229188
-0.9523592923000826,1.8026396542090721
-1.27801996182844,1.779005609463886
-1.0405599183763419,1.5921126250496334
-1.166530469796374,1.6809193615651272
-1.2007896388341934,1.7550863773693668
-1.1875847716829135,1.6293956183677933
-1.2362191556866786,1.915250257111277
-1.0383969294304405,1.6884528444060862
-1.1669305280117648,1.5530101970205776
-1.17974139972444,1.5446684549999312
-1.1842446371878963,1.6631762130822805
-1.249613097122136,1.5908232358036554
-1.2655510043987581,1.55255746215735
-1.1997989207460042,1.6663827649307772
-1.1192850734513895,1.505150020862904
-1.0599017208450414,1.6681876045739084
-1.2570088175284808,1.6812821186024731
-1.0944074524967713,1.7436254404512623
-1.2261491260285458,1.5935766150010064
-1.2729614281678037,1.4935564381221325
-1.204893423575497,1.6879611892094706
-1.212145512151474,1.6980103959843524
-1.2511271567579147,1.643355382050537
-1.200540436175256,1.6006163575808965
-1.2819679467849934,1.6397279571023562
-1.2464167344378532,1.7094919726810591
-1.2638428476697074,1.6652980201403003
-1.2684469885144338,1.6734753030766798
-1.2514039562417814,1.7481050683770192
-1.0942510667284904,1.6681769031207543
-1.221137154757969,1.4638114556475466
-1.0870771074975882,1.6456097479608573
-1.2878451831283744,1.8403617724822736
-1.2412628223904945,1.6867250306196342
-1.0954646320394754,1.6692489313919494
-1.28361505430585,1.6644011618428238
-1.2001473800234952,1.6500848588040753
-0.984329577592398,1.544255223428424
-1.2685087648118367,1.7522211921664383
-1.2896856458583914,1.5451080933113386
-1.2903525188234346,1.4822642304875193
-1.28701729953442,1.482294877757633
-1.1545548365781881,1.8807391792035415
-1.0890700831085642,1.6428281126488693
-1.209806067671907,1.5308627004046274
-1.2905914153682156,1.420194416070204
-1.2821650066637558,1.3326256546820514
-1.1901973408541446,1.6259047652094378
-1.227539803373459,1.4604364295982326
-1.2131842984479295,1.5483498308294226
-1.1815558417337078,1.6068322997198912
-1.2285460001919986,1.576921827001743
-1.1869611476423771,1.4742573119490854
-1.081200828988191,1.408555247313286
-1.2639979612263317,1.6151501344504837
-1.2914177325185077,1.4737092567473304
-1.2182754174857706,1.5051997036465956
-1.2029157646098527,1.5112764823790046
-1.239939832925234,1.3825971996026887
-1.2070620540526225,1.5470295480539387
-1.1046065105109146,1.4726759027227483
-1.261876146064096,1.4610917914334423
-1.2061440845313331,1.329447068655882
-1.2283557002215337,1.4650790675474774
-1.2838728833773412,1.5325708307625385
-1.1979764963142685,1.4148105868764493
-1.2736840734600214,1.4082514222085278
-1.2901243398521982,1.399270392453832
-1.2688993132905675,1.3374659169107823
-1.209622217544579,1.5712482071514922
-1.1693522835375367,1.4700392275450167
-1.2162457362259043,1.3512792483516614
-1.2356972160833468,1.524065834267808
-1.123637159540017,1.51045223122352
-1.2242146121185258,1.4612347049826064
-1.080790232396459,1.6917024080403416
-1.2236133367902222,1.5585453116405679
-1.2605770761116764,1.6303501031245475
-1.2150354635853855,1.5258514849523848
-1.2799922568857665,1.275475150835268
-1.1348922122833214,1.4069143699614013
-1.285547106775724,1.513729068346693
-1.111937517388308,1.5536902826408574
-1.2781647305596116,1.4762710737567182
-1.2144523269992895,1.2766531607224054
-1.0803189339207757,1.4922158745019407
-1.2786165564571212,1.3193466829952023
-1.2945201799875523,1.5773416492600405
-1.2502172798099653,1.554902692362879
-1.2314312715747573,1.6184642150972632
-1.261863219710921,1.6367031815579824
-1.0446166325691064,1.4303653788797057
-1.2459600523751955,1.5130114030638508
-1.213566079528814,1.4209309382254978
-1.2145137412192213,1.4926395829599806
-1.2606812123385596,1.4973089405429711
-1.157997614176469,1.525161228385218
-1.2494980950613364,1.6161850431157667
-1.1935395087560319,1.459749591889289
-1.0596414260071187,1.523308598134181
-1.291567582983472,1.4475699687500214
-1.2804303300679223,1.541645512473242
-1.2198798810268574,1.4538706128554473
-1.207112264927962,1.4977328787403548
-1.2389307584582203,1.533119223893534
-1.219006778611309,1.5663446312068514
-1.2690377938554738,1.6098086588062408
-1.2489983603311197,1.5034080753846228
-1.1831731464308881,1.4821185957168548
-1.1410686412336055,1.631778994899129
-1.2347127777302973,1.3583701918662026
-1.2582836871452352,1.6551659532162157
-1.2705967435060777,1.6292897921503884
-1.241645700103092,1.5763421284085908
-1.2662860867922998,1.4855240141439816
-1.2845833487175498,1.3627653321969775
-1.1423805313649147,1.5774725934905427
-1.2288358413406357,1.4689755882472257
-1.1744884383862422,1.4439616043062318
-1.2683817741532726,1.5514627486036727
-1.2377785465119302,1.4701057838747045
-1.1353340752489158,1.4849394812466694
-1.2649365344753916,1.521403250212313
-1.1333826654997101,1.3762244116433877
-1.2613717104816025,1.4914710098371926
-1.2011694865709546,1.4010289682322765
-1.2365366594462757,1.5312556193706741
-0.9653167312425535,1.4629021145246959
-1.1959558721636852,1.6309517603473394
-1.1277869028213532,1.3937320498435428
-1.2144197579902907,1.3349159660688479
-1.244039304737891,1.1827309936031651
-1.2489231221167914,1.558650689746394
-1.1877232054236098,1.5135742535051746
-1.202014385363749,1.4737829023910256
-1.2585517733840565,1.5338191790572822
-1.172088730364532,1.5184392680363084
-1.1647114970303236,1.6471968106542438
-1.1979794980145901,1.5857922722330895
-1.239498222625755,1.677509495371611
-1.136712827403062,1.459950816017909
-1.2296614499967389,1.5873319299760706
-1.0946157863860175,1.5877557580508692
-1.0466632316940672,1.3655669576593459
-1.0825836046684663,1.5274440897410049
-1.1433623239601238,1.4598306415233417
-1.2285922911588263,1.6711259000238647
-1.1603858963512688,1.5288001366401125
-1.1630202830239496,1.4777727856571217
-1.0955178891672046,1.7345372607562757
-1.2939818785335968,1.4935966684766133
-1.2758991254179264,1.3105194922931735
-1.155845485966275,1.4539139665290435
-1.2364260107531824,1.544357839396168
-1.238433958536336,1.4187939734179416
-1.1933144736590846,1.7167051825308193
-1.191742750151538,1.5355385191724769
-1.2019301154884607,1.4369060644443326
-1.1642887091836074,1.4816108421352299
-1.1338465612272943,1.4327861463016252
-1.184438942095741,1.5220350952688042
-1.2184598885714417,1.356934246646591
-1.2605361367925798,1.435892585171437
-1.222699463938509,1.4382570474654006
-1.2703277781613875,1.5745267104132403
-1.1382664257323691,1.3830211975684803
-1.2358589024358155,1.4832590526925116
-1.2385053637773384,1.3069533819576629
-1.2852605925817135,1.6968973447412727
-1.2042798947657885,1.5601185119373684
-1.2573581999605632,1.5615102415477276
-1.1296799051520319,1.5567594037209302
-1.2594949658530679,1.439954681333038
-1.1075455175876332,1.5552761370812551
-1.0767630278884088,1.5049978087961262
-1.2389330174626996,1.572446128209846
-1.249997004532193,1.3823098084068657
-1.2376800337878526,1.3026384160548137
-1.2476061622452685,1.4637941260572662
-1.2619288598084695,1.5851638270595887
-1.298583471419187,1.5905225955026283
-1.1612938584943409,1.5177034517571455
-1.273051308375999,1.4622751068020445
-1.1758846615480953,1.4363481443602206
-1.2706381688699506,1.354200665773532
-1.2227395267762033,1.603596029863513
-1.273815393324078,1.4131567118406092
-1.2487006760685135,1.4357260345294982
-1.2395317965549861,1.5111688751897956
-1.274789477453738,1.3556286982238885
-1.135290370869225,1.4678328015305107
-1.0521518468811026,1.3006383714331657
-1.1136395754079902,1.4400812493884496
-1.1600325039576662,1.388584680380071
-1.2644371311114166,1.4050311874669783
-1.1789193335512171,1.7178042097507622
-1.2483076713011294,1.4411730979095858
-1.2483814638412316,1.6113659998931333
-1.15724225408088,1.292126649657376
-1.2623551140700877,1.3574725437109436
-1.1015575945170741,1.5656101031613165
-1.217940697774038,1.536237464337518
-1.1284112514893718,1.5640449092558093
-1.2041097735652782,1.6693223884066741
-1.260731106430325,1.5220473227101359
-1.2023944594168336,1.5447421585923309
-1.2993522990425206,1.3554385574271814
-1.2785573172207523,1.6835423830917278
-1.2988835656591466,1.538787626681853
-1.1835135632735188,1.5021105386390115
-1.2936891501936245,1.6009200838425204
-1.2484679725579237,1.459557298489275
-1.1823791244595854,1.4745839465126245
-1.1771388777055385,1.348302315135513
-1.22218187421305,1.6248386032385504
-1.2899940035943496,1.5945758414199793
-1.1639093717199154,1.3455454638862703
-1.0869517426224347,1.3519551242207286
-1.1231953988893668,1.54412278205541
-1.2151860974493145,1.5713169133764984
-1.2274959286047964,1.476354645712181
-1.2884215970355526,1.7059714213347084
-1.0985995264569774,1.3560591129316433
-1.2543284623130107,1.4065069433550053
-1.2945942564725834,1.4675301125607103
-1.161392951466273,1.5511422999421807
-1.1942769197546776,1.314855535859663
-1.0983056354306604,1.3417444264756275
-1.2715972224116243,1.6238275220152971
-1.0495032352203693,1.4101108396633497
-1.2181369950021899,1.4721281127447081
-1.229019652784703,1.5083851793258625
-1.1443550571849603,1.4996780409371224
-1.2535884988442023,1.599936158497375
-1.2833537602033565,1.6914374115150037
-1.1811456326145757,1.5702854945484916
-1.1758381319837983,1.5706097534281134
-1.0811454317352756,1.629331611366978
-1.2028665491590766,1.6176155897967848
-1.2306715220091502,1.5737444269254732
-1.1732259824280795,1.7764645049506247
-1.2590268563865885,1.6461485349692764
-1.1878247920068865,1.4536388796262176
-1.2510684174104005,1.6928891078920196
-1.1778203600969137,1.6580654283213185
-1.2966427551194206,1.5105333344258227
-1.1833282090553086,1.461763830846612
-1.2974651975529192,1.5034405807726685
-1.199448716921494,1.6380032623451268
-1.210261758629372,1.5996084430567186
-1.2425950672229262,1.6052028165839143
-1.2873853375463593,1.5400572559053982
-1.1787914048816486,1.6290524878802177
-1.1311191403193543,1.5159707250309677
-1.076258742610984,1.4305224432772332
-1.2761711728477378,1.6623099428737655
-1.2867706439493882,1.5974187885013384
-1.2916791359875648,1.4689909658140266
-1.08551291516652,1.4997605012496547
-1.2581150754834527,1.651980129882149
-1.1823904299902754,1.5514691959624674
-1.1439537601572787,1.512007737127571
-1.0988841398054434,1.6374807610573316
-1.2817768688121072,1.4582069010589462
-1.2353545155021735,1.6306582142757902
-1.1860330638248042,1.5725159968715694
-1.2668587375197915,1.644198341394058
-1.1541934229270987,1.570151435130707
-1.271939587553315,1.7303984760197764
-1.2289214580972159,1.6277457115462246
-1.1710602091827977,1.7342990291577638
-1.270656174199332,1.657147307665485
-1.1895613386266097,1.6583769354095075
-1.259992717587377,1.642547164039803
-1.157467932518711,1.5717910878704593
-1.1328703708791958,1.7197096605110889
-1.0599301256081062,1.8953332253362587
-1.0902180069400664,1.7222360649037753
-1.240500211125043,1.441507005935137
-1.0022996710328451,1.7882296866692458
-1.2057812762601994,1.6364075116183547
-1.2826786791329419,1.5598010894713288
-1.2498865322500616,1.4737580278146305
-1.252420285120161,1.6411168564035954
-1.2542017374611247,1.5390282743123387
-1.261413080756048,1.5032379718114925
-1.2395767576686276,1.3242010797050427
-1.1222930156778888,1.5559273307497579
-1.0461206210937977,1.6328850906923478
-1.2480897379619458,1.6132795716636013
-1.0611053541162099,1.6387124897271474
-1.1444619127371451,1.625744628495229
-1.23507350776332,1.6803728816129349
-1.273889008445419,1.645581876076279
-1.209280370788499,1.5130949334683699
-1.111650244899783,1.5560855965871938
-1.0765451859627764,1.5146139070630733
-1.232023759421028,1.6548326343338025
-1.2277354907350624,1.642043553773468
-1.2671842562964704,1.4591614107249293
-1.1605426458094343,1.4482071103653458
-1.296092512000525,1.5467399148736052
-1.2971272465895787,1.6889207751751911
-1.276910660049245,1.5887951949880184
-1.2742621285115865,1.564674121900581
-1.2463734645579614,1.5098752490999554
-1.1778522351624265,1.5717492598973701
-1.2934652772800603,1.6151244198048913
-1.1684415477046401,1.6900655857418092
-1.2729628372391557,1.5509976068652522
-1.1581860987287014,1.4714969124984483
-1.1326489119622034,1.5944042534585403
-1.2904856164630956,1.5391920644886068
-1.241979455181895,1.5733224630484217
-1.280564619565991,1.7594196701762819
-1.2780026662777944,1.5588659361282768
-1.2391742110471249,1.469049637373066
-1.2589714277955752,1.5301249693332446
-1.2348931690150984,1.5029705854038085
-1.267429549822556,1.646183620373622
-1.2334311858680094,1.609224122502523
-1.2849334379756552,1.5680756623518977
-1.1741290825769524,1.7331586225533089
-1.0663549459311512,1.5908192478604808
-1.2402092636841549,1.5869532475699293
-1.1286721381440645,1.6005737582719899
-1.1630137861337768,1.5626912740655403
-1.250029077299979,1.5041334095405912
-1.279418025309907,1.5628878395835812
-1.2123038982762075,1.6624425055518322
-1.275777772740172,1.494384630521551
-1.1953563288911266,1.583370887013281
-1.2824797056940578,1.581750904706253
-1.2618971776087318,1.5316375736479981
-1.2993066837763598,1.6752501336799595
-1.2143834045293966,1.5773253975594792
-1.1796426128057733,1.6932500068202383
-1.2893686734402101,1.5316624156958814
-1.1526225531453171,1.4920865345268
-1.2235206671711378,1.452884961410755
-1.2258248688985933,1.6598733942206079
-1.216953898548602,1.6874473684656013
-1.1071440630721423,1.5143019067185086
-1.2887925110919916,1.4174534630770894
-1.196299633620353,1.7285289107303299
-1.0791744602247872,1.758635141579883
-1.248186193587986,1.6736216784913036
-1.2676494484295142,1.4986025433364467
-1.276170316298398,1.5449841240266091
-1.2715303990294538,1.4948313258174384
-1.0570302555716213,1.5799694767282029
-1.1882471382555204,1.6497381553319788
-1.1032348327177912,1.7910601397754524
-1.1799138605147081,1.6695568736643758
-1.132935108079327,1.528940806315138
-1.245200460217381,1.7004109434820727
-1.2538668002930207,1.5155007561192477
-1.2942715972129475,1.4019392995235762
-1.2771802346288639,1.6944434594435722
-1.1526235807025362,1.6407300735815828
-1.2118338193496279,1.4644320324690423
-1.2677354504656173,1.7851168224276202
-1.2294210737554951,1.6453895723015373
-1.2514511840873348,1.4368879027527657
-1.273419090248871,1.653231231071832
-1.1645498964064405,1.5085536485050264
-1.1689305318223944,1.5981828121115025
-1.236728897948444,1.4311887418174467
-1.1231779860171887,1.6705019698875878
-0.9840017966385078,1.7378050534945948
-1.2625675249978074,1.5256850590964242
-1.0632360163442676,1.521437418151676
-1.1454410818168537,1.5287770213900842
-1.292691255082567,1.5996779630646154
-1.139996498399078,1.797951518193635
-1.1220764696839747,1.6728553976859604
-1.255083467865514,1.5287054600091576
-1.1915532078909032,1.665524866791544
-1.26116781121745,1.6452522259069626
-1.2439726371643205,1.541478593407211
-1.1731762872204547,1.4497349837502733
-1.17773023310972,1.6680894126454882
-1.214176774210196,1.6690923431349554
-1.273206704456624,1.584648202767179
-1.0131743367893702,1.5728924819346444
-1.1746149893650786,1.688390530104773
-1.2733855206726414,1.489594850326368
-1.2098390632014,1.6051957335158273
-1.1395248311742736,1.6490445101506328
-1.128028556252844,1.750500988998853
-1.2209698637737307,1.6576006436520303
-1.2228490840983428,1.5274031433731527
-1.2137004737800008,1.507400205714917
-1.1559681483755209,1.6965501659034539
-1.151190159212523,1.470452211037205
-1.2218044085627788,1.6936299205070888
-1.1595295805735102,1.6040119250710443
-1.2682172634438502,1.674380842082775
-1.2570477322315357,1.5176500989865032
-1.283958948614945,1.495903607211426
-1.1297183064111662,1.55741884388264
-1.2345066965744267,1.5957200926213133
-1.2610235162359107,1.6350168921944426
-1.2396198919855503,1.447444291582566
-1.1794248232524047,1.6435345688097902
-1.292172671077802,1.5693497973229666
-0.9468714903912167,1.5818253376067866
-1.2271916516204902,1.5006660397820872
-1.294191537336842,1.476110236532097
-1.2535232422960114,1.5247898837472484
-1.2615895927763159,1.685141822430424
-1.2913997597704703,1.6675650316615038
-1.1614428377121904,1.7770124980724236
-1.1994438895578532,1.512880965403325
-1.2151974939142645,1.6307374643415251
-1.169585732553813,1.6227890467236126
-1.186623275398757,1.5878955858129151
-1.265549515391477,1.5596678337519558
-1.2076988253754155,1.6787006021321824
-1.2658427496229732,1.5530171005087197
-1.165614814785099,1.5943236963659198
-1.2274725579436658,1.6978257154414271
-1.2037973329806078,1.5416029647962377
-1.0946527531441455,1.6366512561030928
-1.0617471914844268,1.5735168181242902
-1.2303701110248695,1.5546415139744403
-1.2086417083374075,1.5912455009523414
-1.2275501537385456,1.3550854481804642
-1.2379223296240143,1.469756050213911
-1.278845441998632,1.544201035074141
-1.1310915238411623,1.617574351290548
-1.1500179101649863,1.6793458370347318
-1.1976015878826196,1.5686959872187192
-1.1463617541534585,1.6047726601519918
-1.0955484383463276,1.6108413313297185
-1.2436240058353643,1.5494350772488736
-1.2093994172228413,1.541258786532323
-1.2516061812814379,1.72855483415716
-1.116313040011366,1.5678735421540022
-1.1334969121645053,1.5565399710398926
-1.2081263384771093,1.5260469200995581
-1.205501248288148,1.6541950002789896
-1.1916288791100034,1.605470358041941
-1.2693809533624312,1.3948048181046753
-1.18515850222357,1.5910520129232442
-1.2861213179717825,1.7337361748805693
-1.2171555959081661,1.513594594987206
-1.0838606101141077,1.4844877866950497
-1.2336910565278445,1.7134092972105304
-1.2029547937861225,1.5279252323475314
-1.0701084705259962,1.6887052329093146
-1.0739556385339188,1.6898494401757163
-1.2463493972509572,1.7049218217707818
-1.2362992274990594,1.6738389429708957
-1.2884555651591134,1.6861960230913957
-1.248083749976806,1.4695137692519136
-1.1108829271140028,1.4539396477038604
-1.212650252277681,1.7649972703255248
-1.2509937037367715,1.5446132146504918
-1.2129668366600765,1.483358790454763
-1.082387627585652,1.603554950385096
-1.2029533933225518,1.5469159311200067
-1.2413846968497797,1.786487831388558
-1.2899375171650422,1.4234157334729582
-1.2918790894524204,1.7592934907952802
-1.0922789226088914,1.7167198165088522
-1.1991443270978774,1.737461577204151
-1.1564554307687733,1.578057032093441
-1.2817175885988898,1.3839982446711336
-1.2917257258306505,1.66415677317312
-1.2533489400533757,1.593513849278787
-1.2518683564030835,1.4651933421312275
-1.1829769782184136,1.5579611845785466
-1.2521693703240835,1.5734780928360883
-1.2382712807043068,1.7601865065610613
-1.2137756277713585,1.5625964716449667
-1.2614578022954612,1.6877254332003249
-1.274537507529817,1.4748055468269252
-1.2434433571975672,1.5737869915689093
-1.2468754261200388,1.5996643505263433
-1.2465999731548159,1.576399666958118
-1.2338989974405923,1.6382037285838986
-1.2154273849598294,1.5972902823657764
-1.283532127569223,1.5815666216080189
-1.146097863347779,1.5691749623217988
-1.253361548013691,1.5439205080961005
-1.2485756331904514,1.6903707302408166
-1.2559879935641036,1.5370448194359518
-1.2508185627138795,1.5187352368296565
-1.1999650966655917,1.4649404425658024
-1.2060942817813771,1.549936995158822
-1.242454991245139,1.6534617271401062
-1.276832245602593,1.8014673538514963
-1.2192409605677774,1.4817326818744818
-1.247579624477499,1.5915092403349198
-1.2102499473794657,1.5946041129625226
-1.2283340776970555,1.4520336879998372
-1.2618284507509552,1.5934342033385083
-1.1795967619113936,1.492657734023403
-1.2946698889180521,1.535290636401203
-1.281213952334038,1.4185328827124768
-1.1524691526107709,1.6432911907430512
-1.196047290551994,1.7621350102788587
-1.2466622784545571,1.6280896709258887
-1.265477061144735,1.6104898757673343
-1.1633235133957138,1.460665255939528
-1.1656489506106222,1.7540489576571576
-1.2675812359062775,1.5381859936021163
-1.196082998300704,1.7995933923154692
-1.2081192731707566,1.7516621688073244
-1.282946810762576,1.7252523019852066
-1.2330833237107877,1.5117659077935817
-1.2578716735222732,1.560236592618775
-1.2518319155608293,1.382331666119094
-1.1357268568091383,1.7251096221383975
-1.2754355437526068,1.5923402462353173
-1.2159032954900948,1.5902196959777322
-1.2459218921862736,1.7105438807934437
-1.2849687797981812,1.5765461138516552
-1.288052923239669,1.694150368156322
-1.2823776741323254,1.5625474864501554
-1.0584780333165167,1.506533019783157
-1.1666317493101892,1.6269488982717493
-1.253840689413069,1.5361881760518588
-1.1413543880177477,1.6622519694164297
-1.2745088710883505,1.5852237567234029
-1.013594083987264,1.5041932479039346
-1.2047319200226554,1.6356742543380607
-1.0930556791661066,1.4419349904475356
-1.1143171969840235,1.723789582757193
-1.2566097199933097,1.6385596665898392
-1.2501572138696024,1.6739479454999453
-1.1821108376323635,1.6390508446008438
-1.2161947797680164,1.511405479741949
-1.2859672873542647,1.6008710996866586
-1.275172527853714,1.5069043750793705
-1.2528222167102978,1.5295323753651398
-1.2850467253118634,1.4681433325740902
-1.2571368406050483,1.5769269123343657
-1.1255497913299735,1.6957916404284332
-1.1688471449840916,1.6629714081177303
-1.2434792124933047,1.5828914352061514
-1.0675120610789801,1.647988734624651
-1.2792183294085409,1.6000482743159237
-1.209181003002172,1.5237609564084822
-1.1316417060254662,1.5986237782744628
-1.1605345889719798,1.6557166818775857
-1.2991166118158513,1.6256650103490309
-1.207889257557151,1.7127581426260976
-1.230737876104767,1.6781315736170097
-1.2854286260998036,1.5548204766855362
-1.1556541909686144,1.7805172673550929
-1.21449597223581,1.5238379682715484
-1.1261807594714859,1.6229512422708672
-1.1797313255948232,1.5141683051373744
-1.2522623591667121,1.6319941334380303
-1.2027938636697872,1.4026093377660116
-1.2619852339592692,1.8288837165991825
-1.173987923050141,1.47320206514182
-1.2444733926993912,1.5222362662372964
-1.2674192547090428,1.5201707019051827
-1.2239466617461492,1.5010499009945977
-1.2358772724126197,1.6145565739591083
-1.2321792864373826,1.5849727074494813
-1.2969371863507162,1.631920249275964
-1.2159706042365839,1.543072810252853
-1.2974854871912513,1.4839933723282988
-1.2286567646330775,1.670087892748414
-1.2088983962615483,1.6897285503784476
-1.294905126966435,1.6184897654414951
-1.131219255687001,1.541947371199299
-1.1933471233081425,1.632414072658238
-1.2283795931734527,1.7160984310054697
-1.2067197820431925,1.580094754960262
-1.1711996957591493,1.5803749185931297
-1.2507571578906906,1.6456068389251974
-1.2427222120966261,1.7256460088188401
-1.2206083327777157,1.5456962482913987
-1.1961298517449153,1.7930138236585278
-1.2171721062059282,1.5411936494650433
-1.1837629491949582,1.661866097094017
-1.2900471804130302,1.5214420411694412
-1.2895232043817741,1.417116439131056
-1.2236783768335842,1.6308969323139757
-1.1563675181197697,1.4885405475045204
-1.150189859373502,1.55464040429301
-1.2495723059249597,1.7789098078148213
-1.2235969326470475,1.5736839762401666
-1.1362918090509324,1.7195178253435777
-1.2773260122741594,1.727116984808928
-1.1525467000765444,1.5028113857314969
-1.156315773386026,1.6891908531767441
-1.2239066070928954,1.6094372305692297
-1.1791225880642078,1.547875756538494
-1.1763333133722493,1.460075199600975
-1.2442360357484423,1.5693659628634442
-1.2348897378445498,1.6152878804309276
-1.245857218905999,1.607484307418848
-1.2423643506986382,1.7001258766820468
-1.2926445415409193,1.5428405869540345
-1.2493004245721373,1.684831028868405
-1.2713681150979494,1.666926613228044
-1.258116806134429,1.6070414665684758
-1.2727482385103797,1.4528388208385365
-1.1339230724656983,1.5644471020637705
-1.2306677636314238,1.5071164029323707
-1.0967771934644603,1.323539278500591
-1.1636827551602746,1.5597076756561077
-1.2734002765354624,1.4267273700352572
-1.241789280687433,1.714393138382849
-1.2964519562911578,1.7246643333297005
-1.088223483303294,1.7034273825885613
-1.1260429188442118,1.568373469911225
-1.1565258210161469,1.5604652796837033
-1.1351166997160473,1.4167138467058389
-1.2412979350218338,1.682300921099435
-1.1540895538325846,1.5982215536408755
-1.2880002380927624,1.7417935015569497
-1.2248691683606088,1.633599894402333
-1.2706424605532447,1.6528680745288284
-1.2816997779991077,1.5074650089940325
-1.280699978458823,1.7301058445339852
-1.2420895751117216,1.5958444726591496
-1.1145981535922633,1.6489725419291557
-1.258902557906132,1.592539579992837
-1.2420398658525638,1.624750760792675
-1.2581722707098704,1.7165303917376171
-1.267254217505015,1.7573883897484857
-1.1667927329407892,1.7284589319255481
-1.1118908007620278,1.6123139221229439
-1.2459677081658198,1.5362973007007397
-1.246033464219988,1.3272326643550438
-1.203553089633572,1.6758516261804164
-1.2071452243177028,1.4902633232983584
-1.2143155654035986,1.51479901404757
-1.2059946230499548,1.674277188872471
-1.2278845656883712,1.609799419301765
-1.2278558512716873,1.661983763868723
-1.240386145620818,1.5375147560459201
-1.1826799753803723,1.7592707023416736
-1.2296365871907344,1.7162398867423962
-1.2161548838764658,1.4697230107117607
-1.0834301552374166,1.694318855213535
-1.2983120149177747,1.4468347081906343
-1.2602212026429667,1.571031500941106
-1.224304279797395,1.762501730824491
-1.2726190370805335,1.7911369732092806
-1.2644043218256351,1.6224204655382044
-1.1306629817989675,1.4872905979172732
-1.085618454566518,1.6977507520221493
-1.2916306275359217,1.6547260109108812
-1.1052773624443204,1.7462349816844895
-1.1730455074282249,1.7489888792412416
-1.2197408183815353,1.6821909521319656
-1.2112365404313503,1.4957100007245998
-1.2319998391968376,1.5323501591514654
-1.2786848433890725,1.512653179147312
-1.2274539831264937,1.5200427947312523
-1.1760615856930094,1.4750916602684878
-1.1484798882620764,1.7766830988562485
-1.2052038113751014,1.5498243032333907
-1.2627855953719533,1.6383278751073502
-1.2352997665799506,1.5965741497062103
-1.2585635108070814,1.6248990384485615
-1.2603363285144233,1.6154572384048198
-1.2706290556967252,1.3923709833952156
-1.296144713820708,1.6701613702790834
-1.198739075325362,1.5111288731025958
-1.2190152449516,1.6253112669069434
-1.2520810712899493,1.701697375987484
-1.2655598050790984,1.458625901082803
-1.293879123211326,1.5467900578688665
-1.2830727186600144,1.7130308274614783
-1.2950543515013262,1.4777389852750606
-1.2904552584720725,1.6844118785367825
-1.2147928461600448,1.684030379735666
-1.2075692206335562,1.635505821083624
-1.2147472370879768,1.732580406691299
-1.2791196034279295,1.5138360597622134
-1.2513527339912411,1.5813131665415412
-1.1418045345957504,1.645557791045225
-1.2895393972429106,1.388318415404109
-1.1730001751256696,1.6874481549395985
-1.2230431722979678,1.728664926348804
-1.2263902644669835,1.5491554809068335
-1.2181471197171565,1.3784024114868156
-1.202003036108356,1.5749964752437593
-1.2719448130977287,1.5524254966441478
-1.1761510955633971,1.544270382047251
-1.1985587589953792,1.671929033705556
-1.2494843026300873,1.5399666504957554
-1.2742256217924652,1.6132721296886798
-1.2735973328083912,1.6143817391284134
-1.2094249882026404,1.6403807982082792
-1.256097434815265,1.6099088467879514
-1.2401988848376255,1.5946468509936458
-1.2284088126916033,1.4313569821739072
-1.2810783051159105,1.635840363798589
-1.1669634648798781,1.635053774795134
-1.2565141476570165,1.754618753139549
-1.132589263076587,1.58607945889323
-1.2907541051511202,1.7256052961718005
-1.2516111420356544,1.4816216898721963
-1.2094109032276603,1.5044749590625384
-1.1890235932012454,1.6251824983898047
-1.1642476890582285,1.522850552919773
-1.2301111881605578,1.56775860759848
-1.1771996662217257,1.7133098195730794
-1.2502615292708918,1.7373323964213525
-1.2987776527288912,1.6025316246028116
-1.2045429809086812,1.6747130075455572
-1.0756747811383083,1.6304243068971072
-1.2616453559660021,1.5000787508825062
-1.1646967845426297,1.6019994304540373
-1.2354197752956235,1.498268686868802
-1.2844702062424742,1.5347455692237841
-1.2694642077950544,1.7883853814021349
-1.2600305079665446,1.4902699259174348
-1.258072500816828,1.7568377047244748
-1.2209588730283756,1.759849462267253
-1.276600390010371,1.6394551137247784
-1.1128414805151872,1.5973605312466932
-1.2463876370170346,1.4704411523851804
-1.2873629737532613,1.6189870576816645
-1.2883067330544122,1.7091382692737858
-1.1888888858096396,1.7320860868876307
-1.2908814790098748,1.7299883552733692
-1.1329020976626303,1.5683916021949647
-1.1058416683635155,1.658666427103713
-1.1798163042629226,1.6160906219816376
-1.2802711241546605,1.6133305427223827
-1.236551266597448,1.6439730337590661
-1.2851551505178804,1.3460580937199635
-1.2575820044262842,1.7073314270078057
-1.2866926328397286,1.5827760133886393
-1.257102452125361,1.360100039320783
-1.1787242638486903,1.5667803553624924
-1.1835354155300568,1.5253218802614845
-1.18521344112707,1.7694956744778303
-1.2682947125932575,1.7984827748146783
-1.198088235231893,1.6104957171059504
-1.1508204542900677,1.6698461689820423
-1.1631307182339654,1.7176019388148485
-1.197141003150404,1.5244693761143933
-1.2615393283056466,1.461936968224655
-1.1805661202179092,1.5869522333528476
-1.2441455228889393,1.75230978581999
-1.2983315043005763,1.5191005026057665
-1.2418902474352476,1.625444488327024
-1.2344656398123526,1.579989767166679
-1.1235928488205857,1.7298884401682073
-1.2808721073104035,1.4860150545000963
-1.246906050641933,1.7385284679982658
-1.1971866416785877,1.7353907468739818
-1.1115237315665751,1.6594947810863117
-1.1508358749566903,1.441024331792186
-1.264794758874674,1.4900409591143582
-1.2506133623754812,1.7819832886951223
-1.2668217296028652,1.671137071659594
-1.2602587652824255,1.5645317721069403
-1.1667061756875563,1.5380509590074438
-1.2723234914651722,1.5347846348400465
-1.2181020802560594,1.7233210113718138
-1.1926007750383039,1.5086054182015676
-1.2464202756442844,1.546022775649556
-1.1402443980519081,1.5191596587775662
-1.2598455625346894,1.4937003276728091
-1.2527053587794028,1.7006615354187162
-1.1633858329829967,1.66171393548586
-1.056528074692117,1.4803466409959751
-1.1114288364655214,1.491744814880481
-1.1736999818754401,1.583459139743644
-1.2729044941701642,1.6596114985831267
-1.2091201158825509,1.8052429711512412
-1.290022416113271,1.6370450292722296
-1.2132339315697984,1.670461289160615
-1.1605224474690192,1.6370696982867068
-1.2374568316829584,1.6033646423126588
-1.1723473332833285,1.5797681357692848
-1.1071171044438115,1.4420926523435487
-1.2795753383901194,1.6102460122190128
-1.2990737668666126,1.4735559905511262
-1.2492285808289267,1.3763576326490068
-1.2857615247813938,1.6888208720944626
-1.2435372573923986,1.5390323483313362
-1.166710390799846,1.4840350529288113
-1.2264936732483962,1.7142286759817986
-1.256016176115481,1.5116419194605701
-1.2105703836929131,1.631998408277034
-1.1950841103037912,1.5862446946223088
-1.258358422386069,1.4292206756778754
-1.1675828370015406,1.5916571137697662
-1.2574857030006683,1.5128254744489555
-1.1284570307392612,1.5235594964285704
-1.2597911585727428,1.63271051951048
-1.2111091469726796,1.606503986274446
-1.15466417010376,1.681833996402988
-1.2380173204659852,1.484459997497699
-1.2128506865550628,1.6339430808931443
-1.256502166866559,1.7483817536348523
-1.238089985012175,1.5048300466889832
-1.2779245889288777,1.4730266704299702
-1.1569202092292616,1.7128491677509408
-1.228951443177782,1.7046418537468209
-1.2495447283399614,1.4782805269161674
-1.297070779592733,1.607667797112274
-1.1652945974805768,1.7233669281002386
-1.1723025220970744,1.725144367090196
-1.2692594755398956,1.5417245598011229
-1.2394784388093454,1.6399816386695634
-1.0303127517138118,1.601355904440015
-1.194663489378586,1.6602260330420935
-1.2759663587984487,1.7369957376192087
-1.2516762534047983,1.5662217589663474
-1.2735705312286145,1.6796852584787652
-1.2252353364047008,1.660449362649144
-1.203677499057171,1.6821058661255266
-1.2635249359558318,1.6224507102076637
-1.2147013400060467,1.7054855114999445
-1.2253425023973443,1.639132243266777
-1.2756880971710594,1.550066085422593
-1.1138094134975445,1.8819491053985815
-1.0080049602830756,1.5778752943040617
-1.2030598276908058,1.585463915219249
-1.2834899413594771,1.4352188752573132
-1.1859756365437708,1.318836400028275
-1.2425093146164223,1.6042545985457461
-1.26141510383973,1.5899636139278823
-1.126443448898164,1.7123276347676173
-1.1983347236212836,1.8970692537524563
-1.2767784064738625,1.7469349827059608
-1.0490043517229504,1.5693508552211695
-1.041833795417525,1.5205199504543472
-1.1021618019644956,1.5243284461128441
-1.2445711018812085,1.6532274268395413
-1.2332311520289392,1.593516522333933
-1.2510885595683934,1.6488233925013154
-1.2197206396222178,1.6436520738753961
-1.1111218308255841,1.5193361441660322
-1.29936584518665,1.5715393925563805
-1.287132524395791,1.4700966209991408
-1.1325382805759436,1.4615876710082296
-1.243825389918427,1.5900784876609022
-1.2833096827778812,1.6579411933371673
-1.2197027317163172,1.6324133369306204
-1.1916525951404624,1.5360362125162297
-1.210337579947841,1.4661880415505513
-1.2255953830247313,1.4240880542979557
-1.269180947690967,1.567748745434949
-1.2875734386921538,1.4586522428208784
-1.1903629111612113,1.714404215006032
-1.1977911869403053,1.5284980772119205
-1.1856372264831112,1.472046159903248
-1.2246235309388007,1.5082679365079867
-1.2095834568648751,1.5895975460872704
-1.0943550165469158,1.6474790266553168
-1.2815993579702254,1.512561115176059
-1.1347516949730214,1.5960258238150016
-1.2278507307933897,1.7193072315089881
-1.1018180202234127,1.6994145988377416
-1.2345981658750689,1.716874564293304
-1.1565375047969015,1.5564610900787437
-1.1627964704282565,1.6025401849514638
-1.0954007825338452,1.7086719456530914
-1.2752157142576577,1.4885891312862065
-1.1838721066696611,1.733746257034686
-1.2040523354637014,1.5993876408627572
-1.2276306803690746,1.3847533421834415
-1.2679641975642841,1.3624828316026472
-1.1019800148651133,1.6440482888011065
-1.2618348877641319,1.6434773317908515
-1.2224850906336957,1.5725432147213692
-1.2327475935905292,1.6886447239464089
-1.1767310519880827,1.6675112889254882
-1.2757769311526201,1.7637869644455786
-1.273269903980834,1.6629119182305128
-1.2042190501435233,1.6434764436879776
-1.1440391009500093,1.6110976481135366
-1.1605488314253294,1.6149390423946894
-1.2863646646819613,1.6393748202318588
-1.2940476468160782,1.5915220811193294
-1.1620090859114667,1.3919593178786558
-1.2189090623137755,1.6684225440671263
-1.1827564525609444,1.526682830921826
-1.2250895438839358,1.6942307026853716
-1.2450035239084352,1.6334237516976544
-1.0938752603556459,1.534438523773099
-1.2668303153550955,1.4492510422703722
-1.125267421084726,1.5882240032787387
-1.2252548041179714,1.5673446855216495
-1.288159741869218,1.528298506250029
-1.2820465682560849,1.5545098682392273
-1.2870846601734593,1.7040710520225428
-1.2021085828054188,1.663772302720973
-1.2905952952378272,1.5298373757954633
-1.1555303671318826,1.592165650276865
-1.2641155387554515,1.7049952546040723
-1.1965338272592776,1.7312259049541854
-1.2255442213109429,1.6124061449935083
-1.1872632468246538,1.649038766470218
-1.2398746234546432,1.7674032415266177
-1.2467634419565512,1.664245860226258
-1.2778504678909688,1.4481471672105657
-1.2983059204372587,1.6116623898283047
-1.1804786406988244,1.6639358773400645
-1.269242419528839,1.703462664568423
-1.2907831452571725,1.6058383180773204
-1.2305251540856137,1.5724148217544185
-1.2184748399243246,1.7055342927659596
-1.234736966719487,1.7126937058786353
-1.234925863100354,1.6742035299943978
-1.2739140308384471,1.4993036522520464
-1.2598954314435615,1.5099248735851467
-1.1238902333312266,1.6673306868181519
-1.2995655350115278,1.587932363010687
-1.2326884172469477,1.516752375017878
-1.2927673317094321,1.3318156386016518
-1.0733576772841458,1.6924631428184038
-1.0924980154415114,1.7143537782609723
-1.2625535966115382,1.6601037586953848
-1.2197832315818102,1.737240364697256
-1.2643443404949788,1.5767791348539002
-1.2340219991647803,1.6381077825696895
-1.2393225666774932,1.4363484136906004
-1.0929271272902463,1.5818433837600472
-1.1513242400571146,1.701716310679032
-1.2735832421926725,1.5516520932410867
-1.2974356062032215,1.6241436748974172
-1.2886307515551632,1.6023047509416295
-1.2767293723896809,1.6355267367660606
-1.2696139125569772,1.73793332987178
-1.2486379934771192,1.4418892115944462
-1.2569259560145274,1.6258147200256294
-1.2188289734613873,1.596394642362437
-1.2138113916503301,1.5839652058607414
-1.2980987209251575,1.5130712671449422
-1.1938600214420336,1.5028679621064143
-1.2802821857434408,1.6947729588952867
-1.2436326626290664,1.5698171876704177
-1.2655190674812353,1.687250952566895
-1.0586980012992,1.8276085980379984
-1.2987554907734864,1.5921715168339763
-1.0515058852090893,1.5977011930648
-1.2995616952993696,1.534530957694849
-1.1786776787768445,1.7355903350930642
-1.2997100786601188,1.5522705079730919
-1.257658439258211,1.4262009709502168
-1.2194886989207534,1.5615996224639834
-1.2562190668629352,1.5649183129606834
-1.2620275290558043,1.7030315008875474
-1.1352175880057707,1.6237965998168806
-1.1963487908597894,1.805637115866413
-1.150942388487785,1.5556012378640722
-1.2545369275885692,1.3759704191028104
-1.1758390691894103,1.5552684236318879
-1.2193996801330427,1.5298889812392025
-1.1284102639065534,1.4844776830200115
-1.100043698442129,1.4714962756681684
-1.1571891271971508,1.8233312918021485
-1.2937072058539938,1.4186835598530907
-1.1854887517007122,1.7745005400527634
-1.1855707629868095,1.6460847090264628
-1.238801538191531,1.5393038958715204
-1.2075613738947395,1.481791726456237
-1.2080118163594875,1.569249338220673
-1.249323176324116,1.6506305683798155
-1.2520955666602194,1.5774839573626787
-1.2502108311165174,1.6246209293332543
-1.2534124987937603,1.651378403785935
-1.279796267009281,1.6802519431892893
-1.2932695005542987,1.5402332865674222
-1.2851360030648111,1.6544381995283226
-1.203462102221279,1.5876464725631034
-1.2390928597441582,1.5823426322308187
-1.2464063857697734,1.4561341616239045
-1.207269776606411,1.785053108606952
-1.1498648168639805,1.523076572780183
-1.2279440684947682,1.5649151023276155
-1.1904162459384424,1.4785054140213645
-1.15748786088056,1.753975100507684
-1.1942520352048678,1.5289215688434252
-1.229075257760917,1.6224118654530568
-1.1009332985240907,1.6867314354623109
-1.2893570269461458,1.3923502333456887
-1.160410769364402,1.5321315875777874
-1.2120550322315773,1.6221979232607568
-1.2958071004191742,1.620443032304522
-1.1963058021120347,1.4831955011728615
-1.0358078050065678,1.641579566343625
-1.0098816012262584,1.5541713175294418
-1.2381087507595665,1.5019295195861548
-1.2770542842285038,1.6004903950997103
-1.26927510184502,1.6221274325124557
-1.292415745376845,1.536243438559234
-1.211929293491104,1.5803003070536845
-1.203767813482044,1.7660438709730146
-1.1933239571711378,1.573438531782556
-1.1658197308450453,1.6210093537507004
-1.2055315380716318,1.5726881708197873
-1.2551695891443821,1.6347093604825094
-1.2159644463498016,1.4302842880473776
-1.2724186484262408,1.5080841245405352
-1.287832367535042,1.642145320940577
-1.17487169750794,1.6223446809995978
-1.2088236618277073,1.6856769833090823
-1.2754401224073093,1.5087763093442417
-1.2275764449997328,1.545075909537291
-1.2421696385239498,1.5776298085357037
-1.061920682205891,1.566790879767543
-1.2988889456440917,1.430897605458407
-1.250256080265687,1.4221961839431017
-1.1545334950007236,1.5061992964939557
-1.2832643392161807,1.3545386553650574
-1.262323759804206,1.5993816461270207
-1.1645285893663984,1.6674992916750466
-1.2044205602717282,1.6155316462439195
-1.0259387163297946,1.4267062632189194
-1.2269601172822482,1.6980394020053988
-1.2323684877771077,1.3569709903637803
-1.1980700139447649,1.5279023542377157
-1.2188827367330268,1.4813503668487407
-1.2582994288368663,1.58647577715439
-1.1927230382597902,1.8309662926841335
-1.1172506576503336,1.5384378129793947
-1.2256500702247193,1.5380577642567264
-1.2666837677879101,1.6322962994121277
-1.2131381998927597,1.6587531950527763
-1.1747395318830336,1.5726041477668598
-1.2485561489293953,1.625634961504172
-1.2898405115179015,1.5966008373650793
-1.2092047753379311,1.567011585457987
-1.2980838936161392,1.4906319782117516
-1.230673679409774,1.7859008779350318
-1.2062813019633778,1.521441923921567
-1.2929904074753635,1.5008822215631406
-1.176988642024643,1.4278515861654
-1.1949976246873946,1.578093432897192
-1.2108275921935858,1.5779963285731535
-1.2308458512348202,1.4193406884698558
-1.2680844521772907,1.4968893845588678
-1.0590533314769475,1.4619760933179795
-1.1692065089212371,1.5209629329176733
-1.1793316409671726,1.6050444915946753
-1.189538119018894,1.4928843444810098
-1.0602945878554029,1.4360626632859435
-1.1510277469614476,1.6122455654498147
-1.2007465341303587,1.6356876533039157
-1.234838839979509,1.6662792886493287
-1.2032514067655768,1.6663191731266958
-1.190215013924702,1.4336250423974852
-1.2924574528192723,1.677636314518852
-1.2337136784948888,1.6014981425860668
-1.0247215677408008,1.4622425040850913
-1.118918355572521,1.6200129759603108
-1.1989883253316882,1.5417750259610712
-1.252121150576311,1.4644966832328892
-1.188453690788325,1.690218036038088
-1.2486990575638977,1.630635247765624
-1.2132465616794696,1.7630912481745926
-1.157951226488262,1.6226617868385196
-1.2982638389190486,1.720298649630112
-1.1068027858738152,1.67547291171673
-1.1546160988370333,1.612618956672737
-1.1923370953524455,1.6247952841752997
-1.248296789661802,1.7857919236110413
-1.2651731135883622,1.5216026731743693
-1.2141657568414188,1.6508946225576202
-1.184178663553205,1.6615934147551756
-1.0918534202991543,1.5427906210330298
-1.2991137281542966,1.4923841443114705
-1.2882519925791052,1.5872043642553837
-1.1868812458953928,1.614742306084339
-1.193722741120642,1.6050318793178024
-1.1736733381206135,1.6894882306253345
-1.160467473761683,1.6051084232438912
-1.2215557103423342,1.5921851669834164
-1.2520459588152384,1.5777179747095607
-1.1904728526764388,1.4986056526285543
-1.2780028998885982,1.3888766235812438
-1.2329924141139605,1.3156012571947162
-1.2248710957169768,1.6433161076130431
-1.2047182942810175,1.6662271088007161
-1.2224250786034778,1.619276020358956
-1.1677972037985722,1.63859518533624
-1.231837019062967,1.8549636296909524
-1.1216065163801106,1.6852839532669586
-1.0534137999271647,1.6477826293667803
-1.237378997737108,1.627048417190578
-1.255925332359407,1.6169072066281192
-1.2218947675430967,1.4632581030814207
-1.1669255310639712,1.601734345649466
-1.2613757918766058,1.5313826265647115
-1.2014878370495983,1.5607927591139443
-1.2096326463893436,1.573331697714105
-1.25707369810696,1.570530449394495
-1.2997275967141009,1.4591222228971858
-1.102186910326022,1.5620394018746049
-1.1820012527941826,1.6260616603182718
-1.2795258753850822,1.7324538879654279
-1.264043864006143,1.4029123580223293
-1.2662245774322618,1.4316187549876929
-1.2991185126819742,1.6748645093264956
-1.262093600698159,1.7517417752155282
-1.031927660004511,1.6535736467469309
-1.118211660238358,1.5007433998505366
-1.2949425731264583,1.594011008735274
-1.1226186861615628,1.7751285340003669
-1.2194851080791416,1.5348755368704206
-1.226796320801446,1.6835201997295537
-1.2760153816856679,1.6560502932111245
-1.251885440967526,1.5708115856248497
-1.2382802518105447,1.584454267350867
-1.2604291567178862,1.551566962412389
-1.267495479318576,1.7205492232989663
-1.2765036262066671,1.6533344954378015
-1.2319899851548337,1.4482332099726376
-1.202658539280506,1.3889369490967203
-1.221179108812357,1.822481296462896
-1.2764829667655309,1.4899693458775454
-1.2487738079778323,1.619889282056957
-1.2824238108791286,1.675360603258714
-1.2807378688098436,1.7127360204355841
-1.2338086219784956,1.5924681751348622
-1.133520936610676,1.6033334377068047
-1.189112122753311,1.6302079788611732
-1.2551331906055738,1.5087403370895869
-1.265021239276435,1.679003789893803
-1.129880156646269,1.5898400013275962
-1.2445097123966666,1.623716973141957
-1.1771152349039382,1.589136509225152
-1.1778324737678603,1.636604900281521
-1.1503188052012088,1.57278047606319
-1.2458844024395044,1.6518453615930626
-1.140126678121415,1.6515803118649777
-1.2619004944864296,1.5317526293638652
-1.144898293134566,1.563401665492773
-1.280987141726579,1.5635254953970628
-1.2786958956247179,1.452407018619152
-1.1232687445310712,1.6578376468495437
-1.238561606605641,1.4823543026903145
-1.2273521120890356,1.4710143437321692
-1.2447852993987045,1.5899486936108413
-1.2417603137335196,1.7808144134562496
-1.2603808225050883,1.5124889238348165
-1.0859231196185857,1.6946035365730672
-1.2661637856040446,1.5040428618940371
-1.2409733999161152,1.4334661879606931
-1.2063672429427688,1.4224353898672506
-1.1824350151766554,1.6354226741795292
-1.2614786483341065,1.6787263900576879
-1.2694919458774536,1.483554163720779
-1.13035034157966,1.5631577206824279
-1.245538773854837,1.761336893359219
-1.2482320614478504,1.6948205473275049
-1.292160671330224,1.4197578159790916
-1.2653692555161271,1.4423644358247278
-1.2286458615966565,1.5329861741442097
-1.1480022134935763,1.593863055627511
-1.283222743101175,1.530606295149227
-1.273410541140433,1.6040727734911242
-1.2162835477985123,1.5706657775475938
-1.2510425160477856,1.6575175045915798
-1.2269309492837053,1.5030943818486049
-1.2751414539430799,1.6669133300013916
-1.2918744462563616,1.4530408313135301
-1.197890654531628,1.6720733713426512
-1.0088012029432731,1.5453019624692783
-1.2376150899352172,1.581772696066196
-1.252778689318366,1.5609608234251056
-1.283856195869824,1.600513158514211
-1.2498592266902209,1.6085566446640016
-1.2604232140514873,1.55962287268804
-1.2927358265139213,1.6492262069080879
-1.230183142584109,1.54772053270136
-1.2796460538942518,1.6184301158438092
-1.136361895545822,1.4728493026694756
-1.2738299231306776,1.511978920788284
-1.2231925481604147,1.5625472196110448
-1.282982864693304,1.4676826249191532
-1.0639829679247559,1.5870521734830565
-1.2163954028362158,1.460466992729549
-1.2848149722196096,1.6364156943464818
-1.2628060687523617,1.5716944465370795
-1.2394161476062968,1.5722501060837932
-1.2205373873447736,1.6173557767063997
-1.2763408645953012,1.647961548294182
-1.2401128277831897,1.7477557025157548
-1.2117641586094337,1.6987692079666086
-1.2233981432314527,1.447167456517351
-1.2644866464010118,1.7252239214118474
-1.2324388759843268,1.468705350681942
-1.234303275399842,1.5717199792850387
-1.290253690833532,1.74518833359643
-1.1071111466070953,1.636557062840308
-1.1855266946938734,1.6708252688487826
-1.2194237765480431,1.5402902722806444
-1.2735949992558553,1.6554949225642865
-1.2015087527552952,1.9190172533054244
-1.2968489341261125,1.585966879075312
-1.2271437477296858,1.5166129512169064
-1.2574589470292445,1.6692249500245018
-1.1885640474494528,1.8736395027689392
-1.2028589944465733,1.4391241698125756
-1.2287907024569296,1.8714827439946373
-1.074290124296856,1.8373196276076873
-1.241845628873283,1.6086102378751759
-1.2484397964317537,1.6389871159684377
-1.2703120294708772,2.0127140752503747
-1.1477534038663464,1.7596884715987835
-1.2156256918552242,1.5218971113587
-1.1670568471478215,1.5378804515955524
-1.1442629608793105,1.5794406113735753
-1.2537859016442894,1.5875467826120548
-1.2289183147226161,1.505625653458023
-1.2116946459090574,1.5366817230830252
-1.1451337278802678,1.6118806396640644
-1.1150490586999708,1.5208718737333442
-1.2534273889903678,1.5976316132641395
-1.274800106030063,1.5935026051036463
-1.2132492819779102,1.408207780043772
-1.2779474241936193,1.808545445882407
-1.096954163793014,1.5556273187130214
-1.2315649552623393,1.471205253531848
-1.2404693091082832,1.3926464600956088
-1.2310362625881097,1.589444077839412
-1.2525883095057593,1.490385423135435
-1.1154258629619358,1.5329093621315435
-1.194124949775386,1.5738392037428326
-1.2144969910258623,1.6888410782419137
-1.2785592756374227,1.6936349068551346
-1.2134452991969584,1.630753794630153
-1.102667636118647,1.6142833465490185
-1.181393134262526,1.613922151467295
-1.0551644847571524,1.6304433144854602
-1.2218723732212076,1.5740077463150426
-1.28055300303127,1.6219813154579665
-1.2862831220258444,1.456138451222438
-1.2775950071771525,1.5154030011717547
-1.2748295873515865,1.5572401045381998
-1.238260918375913,1.6160277175654194
-1.251292559948968,1.5833904125197673
-1.1761231940294141,1.5718656450780841
-1.2579945947870577,1.5016889183410855
-1.2119328385675336,1.6109410836885325
-1.2634095854251943,1.5233223374119609
-1.292709315015762,1.700490064062838
-1.2809110263083683,1.3762414654170725
-1.1336493321850518,1.600710634735384
-1.275932769462206,1.5634632776836923
-1.1779695835063189,1.5911594257328
-1.217397887777355,1.5828523468817506
-1.0688582451525328,1.5987119819080013
-1.2289442040542384,1.4245216753233754
-1.2543367922537196,1.6087916628001906
-1.1713581905556545,1.463601347462727
-1.2652974947387623,1.3961237931595634
-1.170316677372688,1.6680003271903079
-1.1749374901336431,1.6346479415455881
-1.1833921774387708,1.7381482058767794
-1.2115891873957125,1.5394675923316998
-1.167602584342509,1.5080541954121984
-1.295501518935345,1.67776771245661
-1.0443358656341375,1.6969365200989643
-1.2519699334209684,1.7995878451781337
-1.1696308537924711,1.6099370441346594
-1.2323344887094065,1.5662907676005138
-1.284331085633229,1.6855815095994697
-1.2116509290555286,1.65069689557366
-1.2931211714817112,1.505709786690099
-1.2725131684953934,1.6712692385709302
-1.229043927784419,1.5390331983177041
-1.011589454944061,1.423678370256719
-1.2542971426745568,1.4825640440388435
-1.1933982367663205,1.5541790359226328
-1.2809362010619696,1.5094627977363795
-1.1131567513672471,1.6228617599065196
-1.2429708154724461,1.5977218462038014
-1.280869787919992,1.5145999351767243
-1.2857788200540265,1.5798722103117653
-1.2230205884021446,1.5309617459826714
-1.2608608488970663,1.5497673738378097
-1.0822374973347837,1.5284921293518114
-1.072620432086337,1.4983245538570877
-1.2440293614887072,1.7939132648458045
-1.2566213101066168,1.4726805147455482
-1.2003590657929366,1.6596070709547188
-1.1435223617639083,1.6632182851739485
-1.2260957222035707,1.460536910231067
-1.1226769591829378,1.4562587742447306
-1.2831510511959652,1.5171174442717321
-1.2705346046732389,1.5741473898427754
-1.2246113232952234,1.802730577064617
-1.2826679871031867,1.5711224620295814
-1.2343601531888369,1.6075824950904023
-1.2162701496359427,1.4593068674491887
-1.2076343224541508,1.7705890984687966
-1.0594464105420598,1.5060826224331634
-1.1712936145795698,1.5666632374472829
-1.2725256901883448,1.497338863329872
-1.266496340647984,1.6163271255457348
-1.1792935676590446,1.6008203099461455
-1.1877496838719304,1.7383594406528642
-1.0982532826686775,1.5321611828278927
-1.2025126163464885,1.5921775858111111
-1.286976609657672,1.7067713220455125
-1.2285962094124048,1.5350660379285126
-1.2781783078603806,1.5873783659368628
-1.2642869457964987,1.5866941741381506
-1.2920380717501303,1.7408632865019957
-1.264012488577076,1.7096429054631814
-1.2942800444659228,1.545682912774666
-1.2458358264407872,1.4784516058701482
-1.2275745403455516,1.7236130578265383
-1.1875744894877822,1.6902425309176774
-1.2481721650708053,1.5256077868270705
-1.2642556801758567,1.7409076615336283
-1.2814500051411686,1.4564606822218777
-1.175513510857235,1.7651616732436213
-1.2159528334597538,1.5584183099311224
-1.2909123664926858,1.637686139087643
-1.163424550780946,1.5950087015532521
-1.2996229760783038,1.5054433393165652
-1.2411140083257886,1.6680881864483847
-1.229031531247351,1.4810945532292166
-1.2491042660371952,1.5864946106735687
-1.2321858695542713,1.600558637211665
-1.165519279071681,1.4945921246894274
-1.0096060410276597,1.6563075690672828
-1.2412322460150915,1.5272688082205814
-1.2805883301708478,1.7425163228248344
-1.0645932801392088,1.5257356909655517
-1.1536267653926795,1.8312658975829257
-1.2807376019275185,1.615414884332903
-1.2045670363329082,1.531790893207993
-1.2976891132470458,1.565681574621658
-1.1215334017087144,1.7344091034655005
-1.2734064515721917,1.6641818616875916
-1.1407427059347641,1.5488410556649659
-1.1824968153419504,1.6130215551883729
-1.1972754747108865,1.4413835543473568
-1.2538422125809539,1.7334443424066368
-1.202401970445605,1.7068455190405216
-1.253189588936169,1.5968344192366748
-1.1927712984534746,1.3785455677323215
-1.2070895802225003,1.644944962244396
-1.296628927688507,1.6609573988155253
-1.1692005233460525,1.570370031518054
-1.2399402770700347,1.4691042413286044
-1.2542187820976523,1.6828702823065917
-1.2402001408361099,1.5801016277183144
-1.1511566294207132,1.7894961691742641
-1.2544154956116176,1.6330710797952654
-1.103186653938187,1.6295735838089214
-1.257985093331648,1.6012529688656791
-1.2141390464292001,1.6517111149462722
-1.2028163874644218,1.7343494241039128
-1.2788031776815556,1.6008530553047282
-1.2833674306473566,1.5053715039043405
-1.280769088425425,1.7540657066071281
-1.2307926247727508,1.63480541961944
-1.2310505750209022,1.4882329267092822
-1.2924104439821977,1.7338254563666993
-1.2945194312980453,1.6867672433869927
-1.2002991218760846,1.712383676569071
-1.219919607080169,1.7445923227641247
-1.2324830133826616,1.7479745161870877
-1.2396193275739873,1.4767184841910013
-1.188238770693402,1.422549185689486
-1.1487922795824275,1.7095891596447528
-1.173917596196969,1.5279559583258768
-1.1279866056696053,1.5662797380732565
-1.2780103292830662,1.531786794904032
-1.1415512467541584,1.5162554148871685
-1.2331925701591686,1.5233669601198634
-1.2610550958761546,1.6038042886191812
-1.1839769155723283,1.6882210492132845
-1.2229900677525176,1.7046056423345655
-1.170454213199639,1.4446601299478714
-1.188817042765252,1.5754366967824187
-1.2789710580080442,1.725970869832765
-1.2979411785922248,1.4329469252866491
-1.2795756108400522,1.5534115489635998
-1.2229673428918588,1.6714118016530575
-1.2639740411657627,1.6035444350039558
-1.255368857296405,1.5637034146996087
-1.2392085485673139,1.5015237991059835
-1.0627585622499074,1.4756887698373682
-1.2872419029647801,1.5482705106957504
-1.2834301284277496,1.5705091274515406
-1.2364269077792884,1.6897613797597408
-1.2069809184820628,1.424757928074434
-1.2801235812410288,1.6249459678185036
-1.243387196039323,1.4436226190198271
-1.255882160475929,1.712005216518211
-1.1582111875715717,1.6180138685024033
-1.270999803424421,1.5537938657412684
-1.255013287296062,1.5049041967214984
-1.0796024455626638,1.5566341688601266
-1.034503994268504,1.4433116408761841
-1.2554781329193299,1.5991541316754767
-1.2756781998981717,1.7606910251868169
-1.2398901226179027,1.676760077045822
-1.2815447349289963,1.5903516703050906
-1.282543895142614,1.3362074564453243
-1.118566958632263,1.4405444221867767
-1.2163056984945322,1.7022633223995634
-1.2845481211123968,1.4695734884323877
-1.2655605148926057,1.4759899580696283
-1.1175123449038753,1.6007114755063325
-1.0500142580616147,1.7458182907029827
-1.1115762890959702,1.6267596339908155
-1.2175594541619874,1.75101703872424
-1.2911169880523994,1.6719502925876002
-1.2585455555658218,1.5647657371231793
-1.2032878718168296,1.6368632156578364
-1.2672725243817622,1.584284898975769
-1.226700888593015,1.4553219462945803
-1.151007674528366,1.5779675255336418
-1.28225016832529,1.7000535601277418
-1.1762763068779158,1.694132347774202
-1.2487806382059594,1.634111079925827
-1.2411332124306416,1.5951801197734428
-1.2054641235242507,1.4134465440159172
-1.2914803284634477,1.368914365233103
-1.2780962824927207,1.4960717819674016
-1.1105747541988267,1.6752647504635894
-1.099980314716345,1.6998171277939056
-1.1484962842935633,1.5256515644770117
-1.2622463192365287,1.6269863245366214
-1.1418650440800029,1.7102657803939474
-1.291763199142429,1.7322423254688082
-1.2062535198182238,1.5817149346941506
-1.2735385134302066,1.5553583650543026
-1.2963136403817097,1.3105297311942823
-1.2362687715753204,1.480369389866464
-1.2499625974798185,1.5714707287805492
-1.2580398632277219,1.6624485149415429
-1.1695649591322625,1.6410468094654695
-1.2333225259714906,1.73575913984629
-1.2579535663714154,1.484095131274452
-1.2718419066208548,1.6062408235755086
-1.2696345685743495,1.3571138607882325
-1.1534565544031374,1.429429563553135
-1.2909849523490038,1.691443603612192
-1.153251520614711,1.6758591848672708
-1.2379686146840252,1.5708076941366698
-1.1533183898877066,1.6156204928559255
-1.1908260874204468,1.8492197116080182
-1.2086621803314506,1.7410756571438635
-1.2123355620599425,1.683882977189944
-1.1407781760479858,1.6508577446951607
-1.0854352705380483,1.7038017148888736
-1.2313794597175793,1.4935903027613797
-1.2094243369434394,1.5524359962118628
-1.2406325698975313,1.5431805169584225
-1.244635612708613,1.3319298425885762
-1.2204566410852855,1.5834318244162435
-1.2761824730433986,1.5743820765535865
-1.1936467696252189,1.3030915459632757
-1.2559101497803602,1.6115198559050172
-1.2253191403182755,1.7399903330384323
-1.2133420432127595,1.526373494215392
-1.1839572467853539,1.5366635541616542
-1.2293523173139624,1.6204659219599673
-1.175745689127357,1.5841815671945951
-1.259222233971844,1.6100705783886673
-1.2493266369682248,1.379481978036502
-1.2862093599569895,1.6399130387729381
-1.196513448271018,1.6156063938599072
-1.260651958135565,1.6377181044705458
-1.2498339316967961,1.6748762136617061
-1.261708201581945,1.5721312452843268
-1.2493934917989904,1.5906787561572782
-1.058590313806759,1.5439408368866232
-1.0812608886760324,1.63508711687052
-1.231858418577435,1.8107616398236996
-1.2636890568370698,1.4835993782881245
-1.2536718478061004,1.6006707367571895
-1.2914622584692839,1.6554287241832022
-1.256005544161008,1.3915393735355102
-1.2744907418992157,1.6542975926128223
-1.2263577281755353,1.463393219753248
-1.2116794290387873,1.5154504597377556
-1.2520595544204611,1.5246840867407785
-1.2484062317829605,1.5984167475466724
-1.2108331390918226,1.7047217442845102
-1.2891273595362163,1.5149887520122582
-1.182134386492918,1.6158063061918493
-1.160720902762062,1.720576328620044
-1.2575785681877838,1.5153010992507545
-1.1702444527677711,1.797560099146672
-1.1562113911345548,1.5498386134110997
-1.1370537431664665,1.6399794523331135
-1.0573575031127374,1.516518478539855
-1.2477161585779943,1.6596536169638483
-1.2624590074812627,1.5499757651223218
-1.1578128762008564,1.6727208234224644
-1.2957259505758032,1.5504314573224274
-1.2163563617662976,1.5770065025448512
-1.1966412743729402,1.3755744109736028
-1.2998333176546029,1.517724497436078
-1.2198173711032505,1.696094261110981
-1.2050993584066731,1.5017043621462516
-1.2034422065978445,1.7225365288717656
-1.074928285437088,1.7755142127262513
-1.190325012949209,1.5554280311634634
-1.2733762706451475,1.4448285179343987
-1.2324450318429838,1.4317537942618588
-1.2663190753248392,1.6038898663825136
-1.275404447045005,1.6659437408157844
-1.2046829717643424,1.6981817547659923
-1.1905795004943276,1.639586740828861
-1.1821249177913726,1.655438615472854
-1.113774466918343,1.5445404478490654
-1.1929146152346781,1.5006079557341305
-1.2943271600171535,1.6600198111941191
-1.162007353347444,1.637508323899755
-1.2159685410189454,1.5609354647469462
-1.2973432285755153,1.6045421341052883
-1.0999321248978848,1.5157062114994664
-1.2367269496036581,1.6615770096026057
-1.2348289057065733,1.5984318781778266
-1.2686710563745511,1.6881975205304318
-1.2030981475132017,1.4950454567488858
-1.2088969778999654,1.7207277066408238
-1.2885847474992755,1.6944177690611724
-1.2521830557538687,1.549504923699465
-1.29845005560854,1.5992151212066372
-1.2385644998852217,1.7616052864939988
-1.154987444198152,1.527412324881377
-1.1287990119944808,1.4176096904448618
-1.2313057234996434,1.6254987177936358
-1.2593354703526702,1.5357871325065697
-1.293359357189507,1.5246105413940017
-1.160378013195548,1.6366817606051391
-1.2031185464877499,1.4808769145520502
-1.0560091649435177,1.369125224541807
-1.1882441354528366,1.6732702836995828
-1.2972290800814348,1.5610461150339532
-1.2182010042610427,1.635572881381877
-1.1379628564071478,1.6429624915327798
-1.178287503695305,1.6717294820105872
-1.2741588451686168,1.3941360980315416
-1.1986075966050862,1.6410579849624631
-1.2341272503285134,1.5174461017221517
-1.2814787911732413,1.4745507693708648
-1.1917975287933806,1.6825015105612044
-1.2498730949355796,1.6562678995206372
-1.1144758802313255,1.650445911879185
-1.2557713575953073,1.6096377555772035
-1.2190008484331343,1.6005265961689181
-1.2650510796102181,1.6498858388839346
-1.2899568908967003,1.6642385958299233
-1.2757783469500492,1.7398601825545619
-1.195256948307509,1.6217183550788876
-1.154513853473711,1.5932025294820753
-1.1673399837473557,1.5340078760073517
-1.1588672098760397,1.5582480349998975
-1.2791359265284885,1.6658516534609609
-1.2316334067785304,1.5774833537843558
-1.2611918059851328,1.651502260571078
-0.9924033702063544,1.6250055962288283
-1.1390081395511145,1.6494535559342602
-1.125824874311839,1.7184763315202978
-1.2857664386363552,1.7055441398541504
-1.1253398660961889,1.6748125584030733
-1.2284941659167057,1.4798221704497962
-1.2678475001439564,1.6542503189590834
-1.2511645325084098,1.535629605980986
-1.2646895874954953,1.623701353887383
-1.194459922121651,1.616913379758474
-1.2585174541799522,1.6316315388701852
-1.1893005906186167,1.6402573643374707
-1.2601768256105976,1.5008551391779126
-1.2875541898929763,1.6407807603239202
-1.2847684374149317,1.3742387279629869
-1.2833285062073443,1.5514919431465608
-1.1528982754338797,1.5243442311067497
-1.1495229884600202,1.5117184200257565
-1.130879132833317,1.5523542570292626
-1.2630806959069385,1.634125094703022
-1.2963227041827103,1.6106475500909208
-1.2281530942868917,1.637583671884284
-1.2717218300382065,1.5435533639197554
-1.2756943353368235,1.5421321398426413
-1.1509406313559283,1.5524957862704314
-1.2517031746159681,1.6055538593744214
-1.1939564547041885,1.4643565289604834
-1.218032175488862,1.5920259550017914
-1.2660156808633891,1.7039850788852704
-1.1836573831817232,1.6773903422744032
-1.2775156005529715,1.7029402729903134
-1.2174472280939652,1.729864322349718
-1.2313863930074866,1.5234122998929889
-1.1482697599698652,1.6357299236641774
-1.112279896794289,1.7195189356523866
-1.2263505342503458,1.6047753060169583
-1.0779758875208238,1.3617318121632866
-1.158372474938709,1.6778443976557422
-1.1230183194396512,1.6187300193315033
-1.182742679169777,1.5125365254373198
-1.1935703752040663,1.588138645689043
-1.1970727360493392,1.6489990835430859
-1.215500833724547,1.4659610354883157
-1.1693268737934135,1.5942750060550754
-1.217416100672088,1.627495491799625
-1.2895832428367835,1.7253972472584675
-1.2893958959026557,1.4039982560393094
-1.263847694960954,1.728033551828308
-1.279576202876563,1.4740935493046787
-1.2270149077359362,1.6319807721705142
-1.259124759532147,1.6157331468638645
-1.1552817813574325,1.5442201981128874
-1.179829430227215,1.7249325792317025
-1.2355158262116903,1.5432646749960888
-1.271462688507877,1.7567678195891632
-1.2229765304609812,1.5920689476596137
-1.2166236220065358,1.4231879704101265
-1.211873512249961,1.5173763633955657
-1.241578257685506,1.6482070333973875
-1.1990305634092808,1.715348665263232
-1.2750014896477853,1.501614024567568
-1.1695162499584042,1.5320866858497484
-1.1828473273130764,1.5571624763090477
-1.2640349571970693,1.6302235341413052
-1.2067605557744463,1.4403045626866917
-1.2772008105797334,1.5717086213231393
-1.1738397104538778,1.757783828036777
-1.2644925272447582,1.45165320627954
-1.2645110808719207,1.4994684064637906
-1.2953929446870927,1.3701367502043773
-1.156632027957823,1.825792580153597
-1.281106138647677,1.6528812301394242
-1.2097787760503684,1.3881436676107555
-1.285884484010068,1.5821746803968972
-1.211658517099221,1.6257042168953348
-1.292031931251991,1.6101601228374773
-1.2146594059620057,1.520724313256205
-1.1412399762336827,1.4793087784846306
-1.2215893158489521,1.618699304593567
-1.2459179097913142,1.7523531832384962
-1.1935475139120102,1.6693653873549341
-1.246466271176863,1.6762596198958972
-1.21745432653208,1.5202885743135124
-1.2388644325494038,1.5452316655695297
-1.2616491122355948,1.6065383768688342
-1.1706911415868884,1.5619086261320498
-1.1299608935194625,1.6383282334662643
-1.2660981183487645,1.6249615845033853
-1.2374463793838317,1.6352620910289624
-0.9933929760043458,1.4363845962165942
-1.2481762192732415,1.4656717001933264
-1.249109788615844,1.5155632314479566
-1.259732438051535,1.5424071259458327
-1.2996283789780374,1.5103700628425125
-1.2924387145473546,1.7481899415387145
-1.0382390210220227,1.6127876983222176
-1.1872082984514385,1.5819953655920347
-1.0381685353982835,1.41543350446174
-1.142400357741827,1.830640879761177
-1.251512251852728,1.7146701418739405
-1.1170203179047453,1.6162748243253797
-1.2473604781161745,1.437970511671537
-1.1883134695956188,1.7054801877335204
-1.2342485025120558,1.6030321524301208
-1.2338883521309465,1.789301953403942
-1.2092446902146832,1.7005030201615663
-1.1898595629979156,1.6778202647024016
-1.15905630644944,1.7928291864227681
-1.284239422025806,1.6541644884466582
-1.147685951513189,1.7846948952511636
-1.2677601560230163,1.511962104641352
-1.1560913998367373,1.7388794801523457
-1.2422540554716437,1.6388014833737137
-1.2331971149918322,1.4349699538790663
-1.2225086934170566,1.5548866214678163
-1.2496032041300995,1.453122066420146
-1.2911301433933204,1.5060877825776626
-1.164872011523853,1.4802632260067852
-1.2611197651877926,1.591838437892009
-1.1900629128182219,1.554383849729239
-1.1428723501065745,1.633563785447782
-1.2516325027851392,1.5482236150868802
-1.1841646725322055,1.6358327704658866
-1.2757342995040666,1.6277513589433639
-1.2240393823878402,1.574047708112765
-1.2942281934402051,1.5342351562233898
-1.2636314893824545,1.6004377253972022
-1.1587662216377723,1.506504329698456
-1.2582649666462564,1.4838774905185383
-1.2806995220904054,1.64065749260691
-1.275140631084449,1.7888181147102487
-1.2246970082246684,1.543316301154895
-1.2926848728685096,1.7508681182601646
-1.1674394804678934,1.6014766335709856
-1.2595407800702072,1.7981844834162977
-1.295763558227919,1.745577734891017
-1.2176300650021878,1.6488916553584723
-1.2524501575187656,1.575097774735231
-1.2572748257502653,1.5896184094754162
-1.255365542120189,1.727032958839064
-1.1367774020801984,1.5594874421886606
-1.2603258366034948,1.744949010462313
-0.9862807925968051,1.59305375287474
-1.2573313016981815,1.7544776995889388
-1.2301242183622216,1.4302266433209687
-1.258826540175346,1.660112454588773
-1.249932261414266,1.4770715521238824
-1.1829568398847723,1.664994723125701
-1.2752557909565205,1.4955689134228167
-1.2453130127521144,1.6330463327369726
-1.2085330089570208,1.6579781744593984
-1.225880266425312,1.6359786951151392
-1.289767893396731,1.6755203176685842
-1.1393065010112349,1.6001988519742787
-1.2700139530336891,1.6219108280564447
-1.2954802328532045,1.3101346455354117
-1.1239518287530137,1.5404537517273371
-1.289342340538076,1.511507950693468
-1.1694744430053068,1.4648479482745502
-1.168005099181028,1.6311001138948245
-1.1804475664498935,1.5001676670848099
-1.1578255792175298,1.3945501767899333
-1.1518832597158082,1.5214870482923364
-1.2018362239815743,1.5106453646557356
-1.2557161039703708,1.582247926763489
-1.2962895467415139,1.576260983805786
-1.2488745370106231,1.6703768756938069
-1.2057080813065324,1.7355330061259753
-1.1342059087415528,1.7535918325546576
-1.217696202840215,1.4245457432758726
-1.2157390757034179,1.7392331231608231
-1.283854872983122,1.720002525062973
-1.2770618618130718,1.6803147395827351
-1.2131213701183379,1.6421347573928944
-1.248004916857223,1.7070381350909662
-1.2507627262863952,1.76368581714326
-1.212161390643792,1.4369415893352528
-1.1293780325337406,1.6186967957235543
-1.2622330385728693,1.5012811966107085
-1.2470550641071116,1.4419583080284029
-1.2721343981533528,1.5646686455046375
-1.2965303589782142,1.537157968324746
-1.1447823606672383,1.5343452632438712
-1.2722679224436557,1.582782581150152
-1.2908514034476546,1.7006506498126184
-1.1977538377243722,1.4891578770168485
-1.298240157120367,1.6097564854361064
-1.1844567784818114,1.5267931185500574
-1.1552317521633182,1.5774389775489481
-1.2330262766671538,1.5130907850667505
-1.2475491249099753,1.5689717460453267
-1.1635230664274963,1.52524893428967
-1.1714776413182266,1.7101595824782623
-1.21451305339686,1.687339007773789
-1.258800338870185,1.803502408777669
-1.1907754419734864,1.5994979895232797
-1.2969659051180926,1.5163195030532184
-1.2235918342102425,1.7898602613071846
-1.2150501828121054,1.6213652791022553
-1.0948863696909372,1.3438175570215378
-1.106735256973465,1.672958471347512
-1.238579082792484,1.5042953752311439
-1.239191301651689,1.573598716013319
-1.2043738259079628,1.721740686632163
-1.223042850492927,1.7047551085040495
-1.2922812466293674,1.6243943008711892
-1.2560362564665564,1.4779405404879074
-1.279441513186164,1.6145498749088265
-1.2089591715150085,1.5439817539587304
-1.2745498256331587,1.589909494902165
-1.2271664998740057,1.439803513121972
-1.2544103079463769,1.6349628934743285
-1.1635949850511667,1.6422502519741706
-1.2308281639429595,1.4770875652775373
-1.187976363708001,1.779391668107304
-1.238890564153023,1.7715729808543563
-1.2901959764902813,1.6459772199098737
-1.28572585282797,1.4766508809629697
-1.1204890871355764,1.589634755860001
-1.2816850760813927,1.5056644194325526
-1.2157877000704502,1.6403775340657765
-1.2473211355291063,1.6470051169383257
-1.2622030158676212,1.4859391676587177
-1.1603044604822905,1.6297009047860187
-1.1218427803822124,1.75779620023036
-1.2068582066628843,1.5889120080080361
-1.228464090665,1.553932423790914
-1.2993647320655217,1.608016292295648
-1.1113026313660124,1.7609200465132822
-1.2452470979473298,1.4333364951609155
-1.1860912500108562,1.646625062636943
-1.2293869911844413,1.5687526893222246
-1.2187640347726811,1.7816428605046397
-1.2887412322517204,1.7486278089386118
-1.2360772550515662,1.4021255223232965
-1.2388383623377681,1.6729883663414646
-1.1416791573978204,1.4498299966384138
-1.1496657227170775,1.6153007063574172
-1.2573012607576315,1.6328974354727985
-1.2563364089403868,1.5645299571553803
-1.1724345073543174,1.5428442578079868
-1.2503610227003614,1.5583702130818788
-1.194590071704479,1.6333876522475144
-1.253114135586185,1.5938046538138497
-1.2054665352555736,1.7164192133906315
-1.226853693174213,1.6329019215855887
-1.26504747003724,1.7814920737642383
-1.2812364110399677,1.3462050390044662
-1.2868322513585988,1.4621523700560501
-1.26311152712211,1.489798800422229
-1.2412076100755949,1.4916351150890255
-1.2619749929515147,1.6148909099409208
-1.292574026980868,1.617444893622802
-1.25797504107569,1.5275106764784865
-1.1605187149313632,1.6537981250102176
-1.2551269451219536,1.6456805164386266
-1.2142420256947444,1.5599622206067052
-1.1946943084994661,1.5144780741422768
-1.2709505835739985,1.5922721059380605
-1.2260422974497078,1.5621991609424235
-1.222792848372065,1.7084115671510123
-1.1652679624438604,1.500956099940847
-1.1638241462202799,1.6129790719469665
-1.1926903728077907,1.5260001053278003
-1.2345622768171027,1.414091320799237
-1.247423794599423,1.7348903859337699
-1.272720775745579,1.5972213741799883
-1.2237990093176232,1.7591130294739024
-1.193399424805212,1.5074447279561527
-1.117042001530847,1.7014435260587417
-1.1744595643591287,1.7218143781391937
-1.2531819308128744,1.499129439097481
-1.2547185777267353,1.633377217533041
-1.1430125970887421,1.5897700340115122
-1.2660679145021814,1.710542517421052
-1.0571207058848282,1.6447146889723157
-1.2103010058115906,1.598706006458989
-1.2447087312114684,1.6642370092496312
-1.2926968129915763,1.5987012522682975
-1.2233666702036328,1.681805410379225
-1.2752180861816476,1.5592305214397733
-1.238643884036819,1.6537280797125011
-1.2785437120146248,1.7075096377372432
-1.2613040333851495,1.5358806889254368
-1.2653569384917975,1.6307744798055215
-1.2021140515349527,1.367041982527208
-1.2703701455582617,1.5749350694337767
-1.2368519704671643,1.5301670137699137
-1.269082277215003,1.5282013625252828
-1.286168874781542,1.5806994685229057
-1.2205354934130184,1.6243880060202742
-1.252230296607081,1.333110727217968
-1.2310828112486447,1.680651050040191
-1.2541808868446247,1.7408347140274254
-1.1993192811639437,1.6421161001659685
-1.2918193999214576,1.5682045562637805
-1.205602822904307,1.623942931075028
-1.23605286904524,1.4556534080120356
-1.054044785271605,1.5634002304138872
-1.2322114028486026,1.4463401114421954
-1.2660617534455025,1.6630002412421416
-1.2346940893164513,1.7002308768516576
-1.1796892494441058,1.6583265999011858
-1.1646353377901142,1.5979818039511253
-1.226967466127767,1.522319783696944
-1.1523765561865507,1.5798991532678404
-1.2847816912789474,1.7103503912985962
-1.168187900313769,1.829408067749115
-1.219992766378422,1.4139933054396323
-1.217762612947201,1.6279218313832515
-1.196635500565505,1.537612013972823
-1.1974954928432209,1.5639691709246775
-1.259358346682013,1.351725651119748
-1.1915859311450299,1.5015428143330083
-1.2065163732618203,1.6004195410079736
-1.1248146667692227,1.7104456336814735
-1.1018278720752752,1.6310624632904525
-1.0673952335601193,1.4241820537912302
-1.1213523527529494,1.5962902265315255
-1.1472325338753757,1.6437061409552118
-1.2345748635864244,1.5623990653384179
-1.2960958250856434,1.5145381576883483
-1.2476021914621611,1.6542116837936893
-1.0622666982019302,1.5082056030123165
-1.2017401970866919,1.5663164155648488
-1.0545011762549454,1.5931113168040454
-1.1405192013899912,1.5874263814640386
-1.2128779274901027,1.6245295352259723
-1.2280769503749593,1.6766103002216095
-1.2017988432373796,1.6683815711090713
-1.1629595818120675,1.4405661054935224
-1.1530809509241364,1.5006027664257264
-1.2412974907763328,1.5244918649934627
-1.2378800187341226,1.6352445380238791
-1.0511147413964532,1.599546935192319
-1.1071023698320597,1.3844037214552616
-1.2854310833466402,1.5724125169614693
-1.248676340301389,1.777510943757485
-1.233714076424274,1.4559572324872794
-1.2733076828040302,1.7790644769433457
-1.157126629338831,1.5287051574827601
-1.2510111544826557,1.4270520417792998
-1.196429271246428,1.6662209140409334
-1.1333144976654514,1.6463191510118813
-1.2063441347506154,1.5145822094940204
-1.164425087419254,1.4981843100343606
-1.2449557707820937,1.7061744861717891
-1.286642978359579,1.8180924714580642
-1.2793702064956298,1.3653206800761364
-1.1516915517525521,1.7052730248151484
-1.2125449473487653,1.6499313392941257
-1.257852273925362,1.4879487567329903
-1.1990758121847733,1.6118379390107938
-1.222963967208318,1.5725623728368983
-1.0866408682072386,1.7230956263101733
-1.1722921877670236,1.4950852835305046
-1.2564975992061287,1.6707707727095318
-1.2537039693434475,1.4342125940446406
-1.168746925865186,1.5685683803796862
-1.2574541898535783,1.6423580679564573
-1.2903708221133976,1.7275726503428261
-1.2712560942213644,1.587959996848363
-1.2462501849688237,1.7007102205745022
-1.2932177727131366,1.5842470114506935
-1.2895439157272515,1.6133650182389057
-1.2284165234427642,1.5939185226735004
-1.203948278084594,1.693899193264268
-1.2859082498818997,1.3643883197807776
-1.29971001172996,1.5592164180257815
-1.2297379693815946,1.708424032920997
-1.2160278762295573,1.5227200481071357
-1.2631906117508838,1.651081126713417
-1.1513020700677201,1.5390568642868212
-1.1496016191864504,1.859759210751618
-1.2284567137683067,1.5446413160438384
-1.28641815859171,1.5753806272574205
-1.2970153107600446,1.5219302134216521
-1.1450082152230292,1.42382503949774
-1.2121397292037233,1.6351356697367985
-1.1783680218357193,1.614195253408032
-1.1690648033468383,1.581157109345253
-1.1385681518193695,1.553888633908389
-1.196873405507621,1.7118363529477814
-1.186948117153674,1.5207445032712614
-1.1750533056499997,1.4806401194673784
-1.219767143554291,1.5994496735526906
-1.244463890961532,1.6352167763982557
-1.2684433097550347,1.5309175436380833
-1.2904957596124973,1.766807032104855
-1.246698541138925,1.6810081893643194
-1.2630560311467716,1.4999025590858173
-1.1761961511363939,1.5101043715505171
-1.1903360176904125,1.5645183155290256
-1.0609419980728105,1.6785930113344183
-1.2792826470757008,1.6354069295365974
-1.252226007743731,1.5336580441178773
-1.2240039332367012,1.5272328929505823
-1.2237829399807143,1.5370055374535856
-1.239029950945389,1.4280440638143441
-1.2637506686446651,1.6805010262376514
-1.2728395663674354,1.6005677538686118
-1.2672341577744375,1.4978554727038502
-1.1501464180629595,1.5725057587251667
-1.2338151037546266,1.707983454779288
-1.2311247551158733,1.523823283879734
-1.1803997798244028,1.6356415312510215
-1.2239972651697018,1.6056233528581418
-1.2047154720522832,1.527730647552691
-1.2797106661593656,1.573531446045793
-1.295668796777153,1.4027341638017499
-1.1947297518541282,1.5271223184995997
-1.1424509223810024,1.686124480681266
-1.2401737038276268,1.6057872241055402
-1.2797443934471664,1.7211390014267527
-1.2506635688751124,1.5293175274205084
-1.1497110310690108,1.8149040575090287
-1.2565248960853468,1.5112780223952016
-1.2090390993217597,1.580742083623361
-1.2069310820524008,1.540565383268325
-1.2455333272986118,1.6202961867089807
-1.2352565237414084,1.4454698061211326
-1.170923035179908,1.6328660379779714
-1.166748939435517,1.507653678693559
-1.2863333523572251,1.436146588770483
-1.2900713463124245,1.7173995459074525
-1.1982218761258374,1.2915850570108602
-1.180513262424283,1.3786577351915503
-1.2352625809419249,1.7495183808771122
-1.267128436471295,1.523556092729185
-1.2524012675351133,1.6238993666871995
-1.2984285373924849,1.7178833068385857
-1.239470362812267,1.5535237533050488
-1.175015463900854,1.4807885258596531
-1.2086477477669633,1.3951092374341705
-1.0972771255312064,1.6599470559001708
-1.2363482767303557,1.6754779478568496
-1.1594320850594992,1.6847025239083748
-1.1877907734256608,1.6266268463617293
-1.2349238320832057,1.5669145102143585
-1.221192624747502,1.587718466144543
-1.2118811200636699,1.5753031408995295
-1.2739472736277595,1.5606994878944134
-1.2869042492153069,1.6153033284638068
-1.131601796804978,1.562347059959385
-1.2522161713006577,1.4898546117865379
-1.1159010331564074,1.6786230495971552
-1.1809127921796083,1.5698894229216989
-1.2938699667088844,1.7267520910173912
-1.2061989875799672,1.713988824229205
-1.22399353435772,1.5571213585097499
-1.2085829958997432,1.5475469433601559
-1.1492228673428735,1.7822137810732612
-1.0364551889698592,1.5679748755638605
-1.2405555449416752,1.6542872594179563
-1.0611355913697513,1.6145845884992516
-1.0632459569342436,1.56623073357751
-1.1796333578182983,1.6032335624327623
-1.1702319369211849,1.664373126448938
-1.2875172896858988,1.5332113191083767
-1.2619500171010054,1.641539669373577
-1.2961382092719465,1.685580977709665
-1.150818572014942,1.4768821273601689
-1.0505339364463062,1.6777612026555733
-1.1305334277515688,1.6141122473120915
-1.2269857822449368,1.6485582867091702
-1.249797538917299,1.4989733003505634
-1.1612111208563793,1.5113080809578971
-1.1108479140508742,1.6592908104948116
-1.191432292738838,1.5904918211634365
-1.1379781865730447,1.5708576394314353
-1.153374079755252,1.5611608452814565
-1.0717812436618208,1.8075025352273217
-1.0976386112921315,1.5330152181293142
-1.2637808808252784,1.5682880014089973
-1.1668439700414333,1.535454515231639
-1.2260950696390598,1.6620614393175823
-1.1484192296143223,1.4915650462800318
-1.1592767419102634,1.6937932369434403
-1.2635234850865125,1.5513514673170283
-1.24160219675267,1.4560169036790644
-1.2477521719936757,1.4726745289451026
-1.1781620559259396,1.6520837394901426
-1.2631002950201844,1.603263082471123
-1.221428814953732,1.5192744990540776
-1.161221954646552,1.5281316844727624
-1.1779403904280343,1.633815059721011
-1.2606732963625342,1.4654759627503366
-1.2759304168359586,1.6785924008081383
-1.2173462937297435,1.750152310196175
-1.2905828734347693,1.8694746199237564
-1.2020397457394831,1.4752509773546205
-1.150015879929075,1.5485716380539611
-1.2295578014521746,1.4834276597144544
-0.9917136278357611,1.6550698316848695
-1.2467528898165776,1.6099531789063881
-1.2202463702911852,1.5830621020144537
-1.1806061300596407,1.5393039834055904
-1.1854741392589743,1.3692058151095567
-1.199097948852128,1.4330809991815763
-1.1764225692089096,1.5842975010643117
-1.2311140230821362,1.7244165960349433
-1.198018352571045,1.6975744023563846
-1.2567546539916667,1.6231925320080913
-1.271576917906884,1.5173425852344236
-1.2123572149015656,1.779022887824799
-1.193057269792668,1.5495650080637713
-1.1035315928909388,1.6429313278687512
-1.219264163584113,1.4775637347527595
-1.2864943586558992,1.6684102511029772
-1.2452239112828416,1.7106809668997154
-1.1981394038640756,1.6651400765422286
-1.2572324716699954,1.6495845015916624
-1.139575386417646,1.63155403673296
-1.2674926850480164,1.5036637766070753
-1.2867113386346005,1.7240747699836076
-1.2498459577254275,1.7327429651855368
-1.0738234302417837,1.5271251929293914
-1.1660230223187633,1.7163311904568446
-1.2896000894018882,1.5982291905920223
-1.2809913101875643,1.5710301448947932
-1.285483904677706,1.7239656317983134
-1.2468994888232965,1.6876865267908572
-1.1957087721434814,1.7437412483395276
-1.1538567599557228,1.7318355850144223
-1.1660658370937589,1.5199553030888724
-1.0303362420779483,1.4727966891373705
-1.299175663159332,1.569473214237563
-1.146494535551268,1.4333035768623756
-1.1857485841954307,1.7526106747003665
-1.1282425728547512,1.5905407292660159
-1.1702483454428203,1.6210542514298136
-1.2519805214892252,1.723431733993949
-1.1140192589695472,1.5913029606010713
-1.2573226514097577,1.3814242277090378
-1.2731880870209455,1.536188621952544
-1.2032238097513126,1.5668126313370387
-1.2150466884126896,1.525650037897714
-1.2969814666389785,1.721278142424812
-1.0676217064836824,1.662032414108938
-1.2507613495276335,1.5684392769331676
-1.2920720237793895,1.4706692543237816
-1.2534655695431904,1.4472419602891116
-1.2367008711473686,1.460519031105367
-1.2949312706971026,1.6944602089256657
-1.1582443377195526,1.3269801603477989
-1.1349994444606257,1.6138832739070732
-1.2348827559537852,1.7438520284706653
-1.2298619574347704,1.7344088029884526
-1.1582200060374397,1.5764246300716485
-1.2986802523667214,1.6230950882963346
-1.1582921054997206,1.6214317364173776
-1.191118294415236,1.6297008110883393
-1.1902298208637003,1.7383714321909125
-1.210796284431844,1.6730065880205838
-1.2952408324502114,1.7505381867943275
-1.1835655361950514,1.5258392209072897
-1.2849977006625926,1.4817736794228962
-1.2668626308983395,1.6550809717061912
-1.1606943340718696,1.526139790459611
-1.2741707532293025,1.3851878191781002
-1.1687515001227253,1.3833514714006592
-1.233945580673036,1.6815658029064637
-1.2846467227023546,1.369385049799065
-1.2339599620033481,1.430016558533133
-1.1402387053734249,1.5192078814978827
-1.2475339824363096,1.7163169653208505
-1.2755583083380506,1.6046998917794317
-1.2000650097737446,1.5135521293248253
-1.292891633042951,1.6359941586841171
-1.142677150895276,1.6222667118705763
-1.1905890736452611,1.4882804149588433
-1.1914308440343304,1.6482319029780117
-1.151617231026618,1.511448973855618
-1.278146345484209,1.5779786915386622
-1.294231750811017,1.6801382590187912
-0.9863866840998246,1.584958449855958
-1.2874638494888575,1.5707988522227618
-1.2397317750933805,1.6805605795965735
-1.2071126399436136,1.4960882631898973
-1.187177268307787,1.4748341254988484
-1.2321528668827246,1.835243501744443
-1.137237234567975,1.4212430913044973
-1.2703201852694543,1.4522688936643706
-1.1974402826113104,1.7417024122338223
-1.2830802062766127,1.546387779054758
-1.2933383122555742,1.869102362203041
-1.1953514455916652,1.5421177094005012
-1.2902035591625902,1.7452637277994458
-1.2341123774545122,1.401897959427157
-1.2444759126746947,1.7080599011990478
-1.253535775543348,1.8430832648016744
-1.2522954727340379,1.5914842800177142
-1.2068304070811302,1.6072385480806035
-1.2679867731884198,1.75510370384288
-1.2651478000603522,1.6379787784865494
-1.1767683161403277,1.5559470241573217
-1.2240664831222885,1.5729346855904152
-1.2368080208585732,1.5775122530960148
-1.2904313622704209,1.59770757460201
-1.219414328854849,1.6406522425646881
-1.1886302607889947,1.5627283930192553
-1.2332328728295316,1.611150755797287
-1.0902766220163245,1.66192705572457
-1.1746300649532064,1.7241598660798896
-1.2953466265018374,1.6632210236854443
-1.265575197716273,1.6338395613739065
-1.2665662169098206,1.5888703500792707
-1.2017241935172194,1.4597681373662774
-1.2849887871951993,1.4061873958002948
-1.2531578579396419,1.6733515463389748
-1.199652986688651,1.4950125207042508
-1.079124249020895,1.3589012488329761
-1.220899886871727,1.5681521052293237
-1.1237553903351154,1.6307720474938376
-1.2163463223151367,1.6853250472507015
-1.2731924467030515,1.5309346286898138
-1.1954887682175939,1.5630019999872418
-1.2567113253751612,1.4324904552003603
-1.2496986679178193,1.4764225595704425
-1.1421544774261674,1.653765173936882
-1.0572384727399173,1.5655480204774141
-1.2780379110309867,1.6820011607721588
-1.2428795786443245,1.5779623493929504
-1.2518734397182756,1.544044892410693
-1.1261261780180385,1.5095968224644114
-1.2980760371935884,1.638149378967326
-1.2169781773552808,1.6538402404282209
-1.1776648440787063,1.4421751675461798
-1.2238446714151676,1.677509831386754
-1.2815810673836883,1.7629258912949375
-1.1848906600316131,1.6979066768679494
-1.213959757294229,1.568388065357814
-1.2517019337002033,1.4206243922889354
-1.266962805357776,1.3895172785580405
-1.2630490105066459,1.6525757921011066
-1.2744877512134676,1.6240187685314285
-1.2329802706595274,1.597150211179936
-1.2510933480725883,1.809115548526486
-1.175773521650542,1.5111434426302508
-1.209283511860383,1.8431075516211626
-1.2837689968679133,1.8685649509938203
-1.258242902229065,1.5109252363678745
-1.0421990212515697,1.6590351812620243
-1.1503403032610215,1.516576798918877
-1.1344189557974071,1.3569617712818856
-1.1776624628348846,1.5103464204404284
-1.0754328234746453,1.634384341215739
-1.2722495908374052,1.594708813335775
-1.2759791380688816,1.6302619433974712
-1.2795105322262985,1.6408478378598528
-1.27280907187619,1.6037673990136654
-1.2219011587299256,1.628960877952882
-1.2527499836166707,1.5636266113750996
-1.2324738459837532,1.808934958260472
-1.214561061211819,1.5126736466597661
-1.2440336478763263,1.4967373598847278
-1.2503056594098787,1.6502641393629924
-1.227387395107545,1.562699507771324
-1.27154146811791,1.8374282996279625
-1.231490620731255,1.7403161163398957
-1.2785118263014448,1.603153363831173
-1.2287299868004713,1.6985141853130667
-1.1755606057356007,1.5740755407957234
-1.1655438796816886,1.6584796307009162
-1.1306621186483772,1.4538513315573287
-1.1915609383703805,1.5648837351071432
-1.253787292053275,1.6808093987947519
-1.2520691965394546,1.5570013238976321
-1.226923537942774,1.6701441086723843
-1.189330663172452,1.725487811266046
-1.2699999257301349,1.5966252634293612
-1.2812145356549707,1.468428418212948
-1.141264396454459,1.5338152350699163
-1.2596935516901462,1.677438183306736
-1.1876291964344745,1.648176091830905
-1.1822394886069851,1.7343566160877664
-1.2505263229911687,1.5093150716717911
-1.2482032272293666,1.5389208812101738
-1.2198372714056178,1.543773192770478
-1.130436014378848,1.5690048247658772
-1.2610689405016189,1.5294465418223575
-1.283847579443265,1.651753338529772
-1.1041416091679395,1.7318289092753871
-1.1713793646207562,1.7666393888767213
-1.1473316619069256,1.636250251799584
-1.2474308324042716,1.449756043676994
-1.209208455630233,1.4460008910573898
-1.132961736722948,1.5327265241642207
-1.2751458587759776,1.5187798373775956
-1.1385431250072835,1.3756207740146142
-1.1864214425022193,1.5419228784393477
-1.1413240605787733,1.6056065208397863
-1.2688951944517772,1.5219568851108656
-1.051728034614233,1.6657340203123843
-1.278222297353913,1.572914145192182
-1.2472448373418323,1.6421902948317217
-1.143269682070077,1.4082079172342752
-1.1213696482600157,1.6214197883035428
-1.262041075162688,1.4533457751131176
-1.1909255822104723,1.8095588181938238
-1.1288841080914453,1.5535670575181544
-1.0966566066196703,1.5365182366987267
-1.128097527731275,1.5927627366040154
-1.1241720921679155,1.4404199264583195
-1.2563662768089001,1.4177178238003785
-1.2742367817336482,1.7882552980836413
-1.2970269405546713,1.7428976044269868
-1.2588885832851202,1.601232957649742
-1.1320617917268243,1.6147339338264988
-1.2300642793147818,1.4481980910191667
-1.2973701379196472,1.4207225993665071
-1.2416774795519896,1.6057131503695612
-1.210416196426076,1.7021873614132537
-1.2722046331924743,1.5994260827206415
-1.2371560760290785,1.7350878285711069
-1.230718400111367,1.6789472969982198
-1.2796192614147586,1.5871718679536717
-1.2173157125373315,1.6915060619550335
-1.1548953182849417,1.4815678107034544
-1.2642687851305392,1.603373456428583
-1.2777349187202778,1.6725194665487317
-1.1658864709814054,1.6662747979798438
-1.2066195477611734,1.7820182210340108
-1.288617786845461,1.6715171675368892
-1.2852069504484291,1.7088337173010733
-1.2155451035084621,1.5997589336426639
-1.2724316072682322,1.4863757614752675
-1.2328917642062978,1.449811609076671
-1.1505185687538968,1.5430390650768355
-1.277468916503803,1.6942141694362247
-1.1744663994479543,1.2465593871392677
-1.2382073554152824,1.5437938733477627
-1.195657253171104,1.4846724405306135
-1.2731729475031155,1.613909962025059
-1.2991606977516879,1.5605606126622622
-1.2250929104560488,1.6066361617158857
-1.1429542222644598,1.4394262258678598
-1.1545991262144146,1.5063663810859735
-1.2710388813397253,1.5592305265448607
-1.2274588952735772,1.4564746832407205
-1.237399172564164,1.7550642288356872
-1.201896858477755,1.4033050929456545
-1.219708576205246,1.4693068641147644
-1.1910000702875942,1.6704526432599716
-1.1647828660696724,1.4185813046671343
-1.2166815095185053,1.4998523791039973
-1.2089220017960922,1.3460731180751055
-1.2441403720983144,1.4515926258807021
-1.1960726937104318,1.6673849256133095
-1.0583297312772237,1.5374425035373394
-0.8964243727269292,1.4985996680659421
-1.2351472127136354,1.7516539796847277
-1.276773042476634,1.5885657353729756
-1.2893985977311042,1.5068071620795822
-1.255079937689925,1.451846473424216
-1.2034537873878666,1.4567324085812512
-1.0857956070341919,1.698236861334007
-1.266787966762959,1.7604983709882707
-1.2478170282342627,1.5330662634331935
-1.2436548067383704,1.4984738990096924
-1.2567816389946114,1.545564365119861
-1.1874313530484446,1.5295837181463219
-1.225765196237222,1.7206718053822077
-1.2589635048485994,1.7652437607519598
-1.2353471585548785,1.6314372498606065
-1.2201839965542747,1.6129451231395235
-1.1903592511709884,1.4656180897293172
-1.2994446539793783,1.5534459234901312
-1.289378403049057,1.755515235070645
-1.184245160124422,1.652586803240653
-1.242407285766074,1.4194821557902675
-1.146249788085186,1.4661518741500499
-1.243818280914244,1.5819355197981835
-1.187761818351951,1.916577377787357
-1.2945293936811526,1.6869447467400156
-1.285399376421776,1.6452349754177304
-1.1630654318741707,1.6812215789470975
-1.288326246710396,1.4684021333048243
-1.2026847565516356,1.498683870040466
-1.2818393734267888,1.4875709187588466
-1.286082043960086,1.7562811528182598
-1.173144300876272,1.4029305198499449
-1.2752152899392446,1.5425784099623725
-1.2758915065608205,1.5645255053506586
-1.1270784942101857,1.4563547584005812
-1.2897820175345085,1.522539889799755
-1.2660576357916065,1.5882064733498868
-1.2996051930976176,1.525412683956054
-1.2101911739655709,1.6236109460914374
-1.2104936459538516,1.5507081222721952
-1.2686314711345006,1.6562829249597861
-1.2901416744942276,1.3347919813196634
-1.2491032075208737,1.6171667737006028
-1.0945790109256592,1.5271284119103885
-1.277029455533852,1.541725566427474
-1.2307755833645757,1.5384301210235953
-1.287352135337174,1.672553741080624
-1.2573751339339012,1.6417962350503637
-1.2213466016677321,1.551564641742206
-1.2295307432335456,1.5874394398703287
-1.2171638974394836,1.613952535420097
-1.2474893804801552,1.5900968424159458
-1.2708786893702142,1.4089699447623412
-1.2724312664459947,1.6686096270825777
-1.2054073896424453,1.5550574914084643
-1.199068826689245,1.5078635931639153
-1.2562441248388616,1.441239691002072
-1.1996005968982502,1.627691430519012
-1.208281243091037,1.6796302051988574
-1.2843503736277702,1.6185742151265265
-1.2331105075470934,1.6123247454640683
-1.2246170830784842,1.682888267586667
-1.1949563212822574,1.7246701846208277
-1.2070939833249816,1.6020442355013178
-1.2433603964153124,1.6543135061524958
-1.2225273997048784,1.6661833305757692
-1.076351738722921,1.4810116276653436
-1.2770598860096003,1.535938251514842
-1.2214886791936304,1.798274593310662
-1.2544022354842717,1.498518023234823
-1.2752894763357572,1.6568005461227633
-1.1047081442294377,1.4036108689078919
-1.2542519111392043,1.6687489292241153
-1.2317947043784545,1.5936633197944712
-1.195174289250574,1.6004862293011746
-1.1656781345700027,1.5896773420061245
-1.1686088221924147,1.5156957547522567
-1.2662437785758072,1.7093431582467866
-1.2296413259057435,1.6008761359334094
-1.2985713427113528,1.5796991907215063
-1.1655676468163456,1.515463651135249
-1.2614975706483802,1.4751487012123943
-1.2254700636039035,1.6111898407813598
-1.2399594799972797,1.6824847419217472
-1.2780491760333323,1.6251142136418395
-1.2095977096322539,1.6438318650227977
-1.2588668491531032,1.9911192278353287
-1.275539429805998,1.6847790287950668
-1.2194551384013783,1.5786947339507367
-1.1591190463785996,1.7334739314214584
-1.2845449231690453,1.328689211985198
-1.090223619489843,1.4913291004313487
-1.1920201618447845,1.770947651775763
-1.2943304391377326,1.548056568132058
-1.224299336059209,1.6289663554755553
-1.0902670597117847,1.5764934752153512
-1.1836665969985756,1.527000675516963
-1.2973870221809838,1.571544875459368
-1.2793532978906483,1.6893150719061873
-1.2699969316787258,1.712607580819029
-1.1307527774178805,1.7407655344141184
-1.1444882041902404,1.4288600197221213
-1.1095362330297776,1.6254696169213125
-1.1892808674370425,1.7299671018386185
-1.284113425719825,1.6613513336693528
-1.1949654192075752,1.431404820270998
-1.2952359519831085,1.4574372654278085
-1.26791208381208,1.5711319018910246
-1.1498779569042497,1.734089391385502
-1.1492443278749351,1.4297141438449423
-1.2706163716277044,1.7670211856421083
-1.223747542100046,1.661333371962591
-1.0976027185061454,1.4977187993065062
-1.2965902517428374,1.727951822559282
-1.2553557292737583,1.632526201708961
-1.256697755289879,1.720452799434176
-1.1605917042918665,1.5614045393740024
-1.2520345787049103,1.5665187453943905
-1.1997584492938533,1.542482228427198
-1.2201624650903118,1.5767050714268778
-1.1792590812330468,1.583557373347331
-1.2868334489054347,1.5603148785869239
-1.2687164499811459,1.7444829379187965
-1.2002759036436266,1.6617767107555028
-1.2183065845046248,1.5928998776759595
-1.1736117441361327,1.555594274505914
-1.136110869432084,1.6896398003116557
-1.2096953949570672,1.6061039574222562
-1.1483265435467567,1.5270296136165489
-1.2451405969570684,1.5819008382641582
-1.2039771719916277,1.7556727189584305
-1.1134091006367657,1.5805061746207352
-1.2926513994602131,1.6535055743326426
-1.2696240941149606,1.616814542379355
-1.1665955978310059,1.5740691870435075
-1.1149880187122734,1.4779961476697658
-1.172819855967113,1.5654016079294757
-1.191505046970712,1.5754038454859363
-1.2610683081900875,1.6138933703012137
-1.2724822747311653,1.638101151681797
-1.2599958036964214,1.552746364334118
-1.2546788473455386,1.5097465122933555
-1.2827791883626312,1.7712887736494412
-1.0955929835402272,1.5756951021578773
-1.2023026403395907,1.7218788833920058
-1.2592734480291379,1.6227756285095258
-1.0384594233685915,1.6615903571747843
-1.2151899910802815,1.4796265847245722
-1.2515542443757086,1.4339183392262203
-1.2835607910131914,1.7074152644792204
-1.2575996445196276,1.6899879708079866
-1.1222659974267353,1.6634550655929903
-1.2299530603703535,1.7575145689110738
-1.1870983567635596,1.7927552750908116
-1.191923805157571,1.806499036799659
-1.2105541372463118,1.798056520446861
-1.2878638119943093,1.5287723420046426
-1.1178283960606084,1.8270362369429476
-1.2265805354451347,1.5322973849515236
-1.2738907902401628,1.4784549664907078
-1.2436917143370356,1.624606177471583
-1.2312923686646675,1.7576863645918959
-1.2419533991086718,1.7092432896365604
-1.2534952420834338,1.5928210762384407
-1.1285207985164483,1.7296723130216776
-1.2143197229860803,1.631955795462483
-1.0214141915505341,1.6293677661735608
-1.2614550416885666,1.5914883453573365
-1.2972160562029158,1.581526958498687
-1.292081475801589,1.5540999979346983
-1.1518054537911107,1.5433396105889743
-1.2892756718522145,1.593291263929599
-1.153592219328731,1.5779835906150557
-1.1387132175844519,1.6548082087080753
-1.1857078588934047,1.6195317938630593
-1.2822858980994334,1.5451193304477369
-1.1249236200043304,1.5299688466084123
-1.1737572014374151,1.7013684220973253
-1.2541448039342404,1.7036863681674101
-1.1542048720920641,1.5894181640588094
-1.2570496123929165,1.5392818818108296
-1.1624095389477473,1.5328430063137057
-1.281565529154093,1.5343993756695407
-1.1805774947145158,1.80673836430551
-1.2404155833951165,1.5145028509951843
-1.1814537661093585,1.6569878387367512
-1.177900586682049,1.6073053139378453
-1.1478288615522256,1.6527906332080895
-1.1794748292533996,1.6008732854907928
-1.2406485085841112,1.6855472758982724
-1.1568045727382457,1.6864571825649237
-1.2300967571366854,1.5759975857092798
-1.2925556963487992,1.422188457023734
-1.1055013726639142,1.580282982891706
-1.181522968301756,1.6505459450582851
-1.2948715772930761,1.740774803986596
-1.2393712441443845,1.4211179881108598
-1.2120567918909029,1.6479480480871114
-1.2697587460202278,1.6971518811500235
-1.1900310202385918,1.515467842180943
-1.257077375526053,1.6040524887923255
-1.2855942261494968,1.712972654258509
-1.0812143931756313,1.6095678549372037
-1.2050997309470104,1.6067756644581739
-1.2397760121940193,1.5906022664079507
-1.2482029350096837,1.7112720032842206
-1.2576596028027704,1.5763004535290448
-1.0619480610455612,1.7269816705776333
-1.1535121519380227,1.4670973793683308
-1.2990062315646997,1.5609897517202127
-1.296776923758466,1.6321036408704537
-1.243835210067037,1.5542308401666263
-1.2617229659892055,1.4387081540395381
-1.1388871584390914,1.616322351664198
-1.2866954969936792,1.6446613568665904
-1.2929638889968222,1.5831362281965733
-1.1914045311258468,1.6083386595921938
-1.297263916317196,1.5710270941847166
-1.1084464853941047,1.7840843425570867
-1.1089457385471038,1.845097083488038
-1.2606304502248011,1.5570008072141381
-1.1914757979652464,1.6270334229627006
-1.267428397838271,1.5418492469109426
-1.2895970504307361,1.6286697421425687
-1.2754548901896208,1.3728960786111397
-1.1534639382742171,1.639835365877497
-1.1318381098006094,1.4348265601881378
-1.0855836419014357,1.621090172561329
-1.2753309553492584,1.5500840783516
-1.142439015219201,1.51505217159317
-1.2183134769878776,1.5610739538485734
-1.197202929440183,1.4461142504012747
-1.1410018393810342,1.5027758220149503
-1.2359273069874785,1.7991613582338273
-1.046402506706739,1.689883603177509
-1.2623793445093106,1.6684228178862592
-1.2792883619876279,1.5045053109018303
-1.1144537634007299,1.6166118228973216
-1.227607894234464,1.6756526784069619
-1.197260543984742,1.6224489025603803
-1.2434043809843458,1.6269523020636423
-1.2465152679303826,1.5648492786421335
-1.1047318080392396,1.6848565688981398
-1.1837585508999033,1.7665355888428653
-1.1355180046859599,1.6105882653651913
-1.2550292409502168,1.7515006241583275
-1.2108072532139815,1.561025609873442
-1.241185633684217,1.8105422440184729
-1.2620335923119281,1.6574739315477025
-1.2142799331878684,1.5763809594665756
-1.1724941546020184,1.6563676990101899
-1.2755963931309586,1.6290585909686093
-1.2993913599510833,1.4392963640949914
-1.2340816105890142,1.6373821863448144
-1.1977354105031468,1.748914064995029
-1.0277902626493294,1.5892860714909485
-1.2423566974170281,1.576293996878523
-1.2741392118416515,1.4924787913092497
-1.1645629623660705,1.6706951932252738
-1.1786882011395114,1.6671410568491387
-1.2600755178032927,1.6413895648398937
-1.0993136333776703,1.6800517723506845
-1.1912225950020778,1.634684069741542
-1.2694860372968542,1.7694097766352963
-1.263301725968002,1.6647602359392468
-1.2285602849998034,1.5761837974965853
-1.2368424533824867,1.4655266561772295
-1.1951291723729494,1.7371812198034362
-1.1995214854459602,1.4278252057110188
-1.0344262917111235,1.721227992332391
-1.0518700803496304,1.4732758746464014
-1.2477446552999583,1.585052342952176
-1.1595788703220058,1.5331275203340684
-1.198239341027074,1.5709461728551422
-1.2517034267311775,1.637431720117958
-1.2231176518520503,1.6212890719257598
-1.1814683018764827,1.5481115429897727
-1.2175620273892183,1.6003194313416882
-1.2067614162394442,1.7965387371071593
-1.2005509807372794,1.697584668352677
-1.2141010684291418,1.5261992949836403
-1.1149343203002817,1.6133554347835941
-1.1722685886930844,1.640156146189256
-1.206841608628146,1.721102239677421
-1.1028819699412913,1.6520041374724972
-1.2496725341011534,1.5785129023635291
-1.2763315720159272,1.5776286529333798
-1.2175044809312667,1.5555172702301734
-1.2365832807619426,1.7179846530409584
-1.1416762672066636,1.541178063455326
-1.2440907346067183,1.6915723776880194
-1.2548289404183721,1.6012580329930697
-1.120394515287229,1.6091254123452383
-1.264680499160597,1.5201306521393865
-1.2563618134313366,1.717975230702014
-1.1996050700062566,1.5493646198329587
-1.2875306026656126,1.5280863811549723
-1.254330804601315,1.5974653535084327
-1.1834304365492985,1.6400837937080024
-1.260846269876399,1.5518796884371657
-1.2412152408528052,1.7802323375822413
-1.2750741528300402,1.6038086955988928
-1.2827448308259903,1.5855351413979584
-1.1676258944576041,1.691264158083489
-0.9980571915186514,1.3748562470114878
-1.1176025715859261,1.679751105885507
-1.19639500576053,1.613776730065812
-1.1690483803834424,1.6882654702273598
-1.2991482259222524,1.53796104724528
-1.058112779919225,1.5207213634121348
-1.1720377994124214,1.6622792033476226
-1.2938103830200105,1.6871473156671335
-1.2695012494448434,1.563331720053494
-1.2139890978825032,1.8163362580192477
-1.2731093185130418,1.742384052235757
-1.2936493233376458,1.7211423238805448
-1.2379084090727352,1.5495244989849668
-1.2450263993586355,1.6462360016516127
-1.2768007768893563,1.4538423653235346
-1.2772091939258245,1.658026534677388
-1.2087948166152969,1.4274584713130485
-1.294121558200371,1.6946031751081176
-1.231176069156454,1.6736530350481844
-1.2786173437030344,1.675268798372738
-1.0467599716165883,1.5117355212987136
-1.050166432624019,1.5442162242866695
-1.2005952768739578,1.6160215962952438
-1.098826217404811,1.5297650368682014
-1.2819343077516632,1.545336175545157
-1.2183539303184219,1.624188746598799
-1.0054562988918416,1.5693976961267841
-1.266367064686737,1.8826710241185178
-1.1638688216839446,1.6638985314185748
-1.2924598391562678,1.5596095635286862
-1.1510613122173297,1.6267867245400047
-1.2330081637991537,1.458869493508296
-1.1589870407590754,1.40609664833278
-1.1705931823876667,1.5231715196480462
-1.1297997346187583,1.5601451156711221
-1.0463931638855763,1.7490411854830072
-1.1190689965007334,1.6761870821825116
-1.2332540756005685,1.6173478478129453
-1.2581446355883033,1.7099712017809252
-1.2826576880526501,1.4849065968115789
-1.2985161696879528,1.4366641255485966
-1.1684732453424314,1.51318617927116
-1.2573050140686834,1.5781240905668723
-1.153776864372182,1.5345559010851508
-1.2252610771743453,1.5644050633785933
-1.0492195849118102,1.480495111075965
-1.2212672104781215,1.484027180190325
-1.2479314704019202,1.6908201188961898
-1.1351592914888637,1.5218505052583489
-1.2480903637487926,1.5900544628975761
-1.298457065952879,1.5786868608025333
-1.172566677315053,1.4699730100084447
-1.2615535373234277,1.5635654757432444
-1.0591945538630692,1.5448709701462124
-1.23242230460492,1.4627926392097346
-1.2305731855244386,1.547172320543929
-1.2443086454744907,1.8238540798905398
-1.1978144835210844,1.6874947564922917
-1.2819986425143899,1.5928658551621462
-1.1652141685325854,1.6009285066485845
-1.235141620996727,1.4153099086423901
-1.123928450017463,1.5886408569700716
-1.1886608184752971,1.8659155019031743
-1.275431981316717,1.4913439128229062
-1.1578707684102458,1.6386056169318366
-1.2832087480782954,1.5523382016003726
-1.2530126823606604,1.6253865118111026
-1.26182958551583,1.7334635280109734
-1.2446950165878978,1.6334633991452514
-1.2257510612455336,1.6055945739355573
-1.1608444447446324,1.511855946257802
-1.240086721369505,1.7528749343854984
-1.272961790812774,1.6266729356613343
-1.2386836011265385,1.5759796137565838
-1.16349425599846,1.5300497856962525
-1.1533681431856593,1.4892711529178133
-1.1778216765689007,1.64964586038221
-1.2973040493382624,1.6356469890483998
-1.0911507428922287,1.520995693901686
-1.2828329416994542,1.6119805575164445
-1.2162798067443763,1.5508121276536893
-1.1809170297982505,1.5387342493967198
-1.2134804233653231,1.7656607529502772
-1.147747696440506,1.5078653885129274
-1.2588240889303626,1.562665707378292
-1.261484741831348,1.5583089999946893
-1.2716571558325604,1.6012031411136223
-1.2643033180493979,1.615983356169604
-1.0797203204845165,1.5719004047470184
-1.2133352546245213,1.5747169624541533
-1.2825139405226764,1.5316260392354313
-1.1853094269233602,1.5089821036066797
-1.2908514969059808,1.5947613918738213
-1.2837535317475968,1.656284214330938
-1.2062052545680355,1.7364639716897559
-1.222256117793492,1.5894344918405428
-1.2353360726517162,1.614845977613488
-1.202263520305029,1.6100304085204877
-1.1695549888575614,1.5576959847115526
-1.2828274647085396,1.6568178349117253
-1.2652995829533518,1.7094928579250062
-1.2568335202629404,1.3960915558731397
-1.2172347155744476,1.6788375977226366
-1.1265647937948038,1.717605272831209
-1.1597796820686816,1.4941356708903308
-1.1115542279198545,1.5961791635327254
-1.2472718721839349,1.5891386276859505
-1.2025516912283967,1.5646169762357742
-1.2846949718478764,1.5023813223442062
-1.161252136326214,1.4111233493303876
-1.1484054717801264,1.5844015078146303
-1.1095873453009575,1.853207189824754
-1.2355345697365947,1.5906199075787215
-1.2316630052110455,1.589411087982156
-1.2728148044106011,1.6809932581820517
-1.2726037174368212,1.5571674508894038
-1.2880994319880261,1.428861370563249
-1.2781920488101965,1.5483911944960065
-1.252444444773682,1.6519796461068443
-1.2265833399715549,1.6656497389389255
-1.280000314743068,1.576877615753179
-1.2909158999474262,1.6458161366319675
-1.2499002351587905,1.4424652187778793
-1.281461192833641,1.5839367034674339
-1.2713677027479868,1.4431739278907931
-1.2062629163144016,1.5588043666583222
-1.2540172493381772,1.582482224774153
-1.2879714737516945,1.5997449676625826
-1.2404770747920222,1.564719595645079
-1.06168416152165,1.445856336422269
-1.2440300758664777,1.3831535974460496
-1.200907973164761,1.5369839004910058
-1.1190008987734053,1.5750492767271194
-1.2276197239681117,1.5188619883906527
-1.2333615874749544,1.5782868346202892
-1.2641397495082127,1.5181633818673896
-1.104212962957361,1.5953414762215654
-1.2756473381580415,1.668025228427448
-1.2286507965658877,1.534014528038389
-1.1723518992115753,1.5613030593305868
-1.2575499203095275,1.468024977858789
-1.252826610397668,1.5194176956801906
-1.2969940829590871,1.5130196294722333
-1.2561368788031875,1.6408273394226411
-1.217393825636675,1.6175227644570842
-1.2644581486870496,1.7566489315208802
-1.191322445904684,1.7825023637695625
-1.2670208953342716,1.501141065101218
-1.126844755563162,1.4591278010889164
-1.2261856029938978,1.602835114364234
-1.2545885362115918,1.4711646153474869
-1.2848447750110523,1.7318548356418462
-1.253120228938844,1.6110477534828447
-1.2618535079642346,1.5065786443493703
-1.2165544488495061,1.5318344738569956
-1.2221376148021725,1.4370554489727774
-1.2430028490746812,1.5538425636093027
-1.2743485398627608,1.8234721489801553
-1.2373061223336062,1.5410495492581129
-1.2173215551897087,1.8377434650605484
-1.1445905870115667,1.6440236740394996
-1.0571027712559014,1.6071673379490694
-1.1420618058554715,1.7011162805214648
-1.057941567170332,1.654170976132188
-1.1976968455707047,1.5473229477165555
-1.1785295288440623,1.779947418501807
-1.2887465976501558,1.3816553412305521
-1.299254451142513,1.4484948870969685
-1.1100428522445924,1.5140548096626951
-1.134927228769976,1.6266687722496551
-1.2167254611537512,1.4581150245476397
-1.2854579548929403,1.429828598840821
-1.2622701562093963,1.4990954745293346
-1.2997505305400299,1.4799492346762473
-1.122047715776025,1.5027166231312905
-1.2814077700875077,1.4365420768010597
-1.2855998753358238,1.4253708614609266
-1.2979037204717674,1.5286096213406353
