0.0,3.0
0.16437011199058496,3.1421281996094375
0.6196682996415619,3.6648239535885954
-0.16119074406454934,2.7172277721211695
-0.3548488793529372,2.1490167430528935
0.4343854756337412,2.801837799271189
0.3419189031055192,3.109138166722808
0.01561259521584983,2.9496689483718552
-0.2311544115162294,2.826358147308123
0.7379544145327211,2.0201685355883394
-0.3681046988855405,3.041167002581683
0.15204821594314305,3.0874970205616417
0.8647888998080542,3.2692207984079498
0.4337245869663326,2.9723497508231036
-0.03393787313342567,2.922402221290525
0.28818121225265764,2.1755721311378204
-0.8253906005993408,2.493159001167934
-0.3761576479220985,1.6657868616828764
-0.10712848934842957,2.908965973925719
0.18221400044885017,2.0719428930475923
0.49493034264739016,2.766074840182175
-0.18902384709538667,3.1338235072538874
-0.5790687114776567,3.6611868518331367
-0.905737539927502,2.877726912578331
-0.6833771573494606,3.8969388477934306
-0.03519430502795218,2.415982479911878
0.039671334355599754,3.814879359040426
0.33822766473416505,2.3007568075323483
-0.767424619579613,2.150279492664227
-0.5328339475959688,2.672149181498394
0.0749725573065641,3.542215460107361
-0.4678853710761521,3.5506992541047366
-0.6654715354817076,2.0861848744854847
-0.22554505390163676,2.7546998434280345
-0.8192086841974385,2.9359518932674833
-0.360514819607192,3.555664146494147
-0.6250393080123869,2.5072437520227737
-0.27126802008114026,2.9167680044325355
-0.20112735844027763,3.8260290733274527
-0.4012578318241094,3.0397837604660953
-0.19364581242215198,2.2120749324076807
-0.21772279207194925,2.125345765108682
-0.5700643634424596,2.8397757990624557
-0.7528041728926456,2.730405570151477
-0.7972220925329792,2.6424914453354815
0.15479025907767807,1.7133521517122143
0.010664262693179993,1.941913369020924
-0.8505697659987947,2.1526331290667016
-0.11220898602420826,2.8066707388784664
-0.8762261321410418,3.1556329647249597
-0.634062726005117,3.8346916876528847
-0.770675217111011,2.9656951664149345
-0.4758282006319406,2.91610977218659
-0.08449264966394054,3.2953890620040958
-0.36902001789828986,2.732046593355597
-0.203888934985744,2.7343198144662146
-0.685768369938684,3.2084221864961426
-0.5889795053551211,2.9649559097642735
-0.4253925629421339,2.531339541335224
-0.9137635127804877,2.6815436363153133
0.04267164508785548,3.121579855128657
-0.7986712580984907,2.744469273345324
-1.239656906997643,2.293022817162581
0.2866874423290541,2.5990527547851636
-0.4411700099794072,2.7680829689443383
-1.029386175257792,2.7511100410170553
-0.39056876386753936,2.508516742596421
-0.4694897278697294,2.3576884607677124
-0.5250525654494487,2.9135716021331564
-0.38966844137760653,2.6920496862291814
-0.33839906671454817,2.9912020518778806
-0.41106986473224255,3.4087738613860523
-1.0636486702277488,2.260061531245005
-1.188082431789593,2.4680444248605173
-0.6895875547468819,3.4271443461997806
-0.39407542235448934,2.7770172647461493
-1.1882480848003865,3.5206602680522026
-0.31426871734902184,2.860167475680682
-0.7323243129899444,1.5740391690563367
-0.25241965083496953,2.560586273195916
-1.009986733719006,1.6147349561396793
-0.815785464820522,2.5004222522273487
-0.2827029281378366,2.602781960652426
-0.6063442757249826,2.6355165759526953
-0.6564377232370888,3.091646481744017
-0.04240786279503017,1.6096155874558948
-1.1322283545960083,2.5873948428765683
-0.6222413058412637,3.1123706355259877
-1.2197770765894784,2.557706355123568
-1.0357484617341561,1.564954670142994
-1.1957095068631804,2.3840866063673407
-1.285218595279453,2.6508576646342554
-1.069440559062632,2.161922672529882
-0.9676407240956838,2.222478103895454
-0.5514548794318345,1.3518933489544378
-0.8736559885197873,2.2065898020515724
-1.1412318978550013,2.3275839024015608
-0.6198070882108133,2.5832341299715957
-0.8874163727412954,2.8269950031639546
-0.9492996083100862,1.717890441209395
-1.1884426916933348,1.7386953291992011
-1.09211933830171,2.87838908283105
-1.123078923945975,2.262328669117949
-1.2533571349624257,2.7434316404245793
-0.8159015381860824,3.0051041714631643
-0.982911561131347,3.487256055560105
-0.6674027971727468,2.939904982288677
0.0977841962927899,1.9897873054083626
-1.0605237309684363,2.6119442666121255
-0.9705799821318736,2.2141040661327933
-1.201770565749382,1.8866848458473613
-1.1776564043681883,1.9382683627429533
-1.20845616471818,2.537644069962932
-1.03761408678384,1.9120304413411753
-0.9953866143780503,2.24988694903287
-1.2705463157770625,2.529925413826038
-1.272719386866584,2.6037410229446447
-0.982667657061148,1.475340555036577
-1.1963235363658733,1.3229451510759107
-0.46962763425645526,2.342847252148372
-0.8821987440992386,1.8914756982783651
-0.2717486681880067,2.9243542559042313
-0.8606483079816984,2.7739569805808855
-0.863755609139685,2.868945007908439
-1.1532255754393999,2.2199423852588573
-1.2383777955077773,2.604836527193306
-0.7573967165763387,2.5980189720887603
-0.6224797424469157,2.579480384336652
-1.2150912185407887,2.240522295690958
-0.7262440433913294,3.1194116809055616
-0.6252997424100664,1.6622381013356828
-0.26984175647770214,2.269620490597775
-1.2116369520926276,2.2544373688475527
0.522199817814883,2.1479316817700274
-0.9091636430926888,2.538903280409759
-0.7760633395030719,3.3258292822217426
-0.3956060192026104,2.134357715150418
-0.42602693682026194,2.214743459527199
-0.8952967288362939,2.66426925429212
-0.22110582499270126,2.142994944942492
-0.8049979557061708,2.442797065994265
-0.973208138779013,2.7173573927407166
-1.139584214300674,2.905192113285821
-1.093379035729505,2.405299962920502
-1.2545249599158872,2.8206967265693508
-1.1902490285652354,2.4392024557594705
-0.13402423664968532,2.1843646814676867
-0.996755356261394,3.27390190525957
-0.9053761887520388,1.7069034373804504
-0.8633113903728113,2.37659181648073
-1.00904514052736,1.842848580083495
-0.907167510685702,3.2324911694578007
-1.1718474039406959,2.1935075716200525
-1.0692269729078585,3.104662312976946
-0.7236574928217931,2.1116308533820143
-1.2737873650987208,1.9487670033203583
-1.126286571789541,2.4314487812186587
-1.0768961040665026,2.5484920653684457
-1.0949771170951672,2.16455687571021
-1.2896222935549244,1.390999028798892
-0.847930684176001,1.8801998176170758
-0.820747345856016,1.485918578312599
-1.2823144141615208,1.9660654291352058
-1.1030792024083984,2.578550719186608
-1.2873943015166598,3.1545275961431245
-1.1053336229258557,2.0080913051896547
-1.1557175704890328,2.2097029527132057
-1.1351792354415715,3.2137481642106867
-1.2839627203855903,2.9404565355543757
-0.7706343268359905,3.315231438213977
-0.5713240823097083,2.7753389477725703
-0.44244798188140977,2.628002832181186
-1.1135387202240585,3.018548880538822
-1.1124688897534756,2.4222236655877025
-0.878545048642181,1.240386026711494
-1.2378572476071321,2.350651478716709
-1.088925731019737,1.6994030866736634
-0.9261167972150721,2.0919144050669525
-1.1754017979506484,2.912261421598506
-0.8984143835516648,2.466327261409818
-1.0938102946960888,2.7582859536706463
-1.1394088046080428,2.5921892563705926
-0.882676543667823,2.977738772937846
-1.1455760658771985,2.9503981382742754
-0.45922464805186614,2.5852861779982432
-0.9849124485219864,2.3932144003007236
-1.1955712831974417,2.4273824404203377
-1.0993021192393293,2.995857884571975
-1.1598275835948861,2.394394443239305
-0.038453970560219375,2.462048807891829
-1.2370191743899224,2.098235770124137
-1.076985024894748,3.146663408763769
-0.6422409088187148,2.7885195125791062
-1.214280917927411,1.884526679146222
-0.1823800445265289,2.1504522915637865
-0.7816124701022948,2.03901396330984
-1.038404087714549,2.5215426394430986
-1.10910447336857,2.6125869953970207
-1.1323185405465586,2.7441509457193045
-0.7546626682447082,2.4583679614866893
-0.4432993710881684,2.680508128236457
-0.988822477380828,2.799452300483097
-0.691555184737846,2.407887545748643
-1.2195580099029193,2.4675076597902046
-0.6514993807828651,1.5605112788854454
-0.3298150118461566,2.883253546426679
-0.6663465087068812,2.5549266087450286
-1.2314073933347112,2.6704854659219395
-0.9732497143957632,2.466976545240984
-1.1972207542745659,2.2154196377716437
-1.211310445734917,2.649988153982144
-1.210727532369973,2.147984471695672
-0.964162523147163,2.3038502939080168
-0.8030733084755193,2.5209809502044513
-1.0854459216139827,1.6121372419497741
-0.312856242779911,2.588827036107306
-1.2659753950793227,2.449349874744219
-1.2063069043021175,1.7674878166898829
-0.9635640724586425,3.6713037316656094
-1.0952525401658364,2.703442552699657
-0.7019299933223208,2.6023700901891322
-0.4713225152639884,2.217151976176976
-1.2766534959626576,3.6405234479697723
-1.1448961180905468,1.6961220797462766
-1.179711166744638,2.820305018346625
-1.2901004379194028,2.1611663071370426
-0.5939065155691214,2.745519477034151
-0.8948379756319137,2.7744512747482775
-0.6616223494765023,2.3010288929441836
-1.0152417846661657,2.1855500689037686
-0.2686051630832712,2.4162866577886946
-1.027340094742442,2.981211353728469
-0.7416059319495243,2.1277322001281544
-0.9113983720252121,1.739710284833286
-1.2798943660934659,2.26826567537921
-0.9468049582471088,2.514458629534372
-0.8023187444445237,1.1434308339477275
-1.1592868792275386,2.415860379014299
-1.02225477458223,1.8822447922651535
-1.1761419192886973,3.10668675457406
-0.7744556964465655,2.5522782399067463
-0.8570823408762898,2.5591591260240847
-0.8993036905992562,2.2214015193705916
-0.292522257412817,2.9931134940925412
-0.19685224235345955,1.8344438988697926
-0.5903037071920405,2.529273397400379
-1.1944030519946753,2.2354640479126373
-1.0948364878196508,2.0130632562326904
-0.9308734455249505,1.4000686120308812
-1.1611580527388916,2.1346883608422194
-0.2523424099765631,1.7893247635725027
-0.25424714164784656,2.1502323294137735
-1.1369574061731142,3.0910191521881907
-0.9769435550186358,2.1933625759993602
-1.12434930177402,1.65705970153595
-0.9508505131218752,2.0539812184778836
-0.9244184920755407,2.4015917775841515
-0.21594422434109206,2.0675987908956346
-0.5882431468465364,2.129518233471671
-1.0514053859830612,2.2780834722784613
-0.6586008077963106,2.399198758410867
-0.41352984634192547,2.0975629271874006
-0.8311003185267586,2.282137403408179
-0.7702172374204732,1.9326715097932312
-1.2161319702273075,2.7345818254990926
-0.8892563515147733,1.760149556156441
-0.8349759546692916,2.309077821683809
-1.2414829223174069,2.170433641978439
-0.5788601131962848,2.2342041926021934
-1.105985230794355,3.3933487891134675
-1.1589831433195144,2.6448420388899514
-1.0188195565511702,2.427201215409006
-0.06727469814635567,2.9760991295006534
-1.2868413762148194,1.7836699524914323
-1.1721175666820298,1.7155542137417346
-0.7689515367227979,2.437817711297351
-0.8241559521738844,2.9864560625136036
-0.6409542379158367,1.955287964402899
-1.1293769897116732,1.863548651682123
-1.007813987993532,2.6621184895854797
-1.1764404978559186,2.384698037328899
-1.1149729397077057,2.2743061971102625
-1.0279397996912216,2.101522005241794
-0.8371184597355036,2.839595720455877
-1.1888440402331675,2.473778332780069
0.09301914545996826,2.2509057735008997
-0.9264622460096326,2.5928437894225693
-1.0795784915195468,2.4870540882823287
-0.7030325774688179,3.25544577113338
-0.7119011653903002,1.6639391405832504
-0.4342929147118313,3.4942799077407556
-0.6334827357539388,2.368969752532972
-0.6295348182992547,1.8971445699026563
-0.9189670811129591,2.4988698742357958
-1.2297399015017871,2.5999538531481
-1.2012359283027048,3.2027366083915503
-0.9776626860921519,3.006085302439203
0.1558908175182614,1.6832263429897052
-1.0168322632627151,1.6641662934700117
-0.8212939431195642,1.7293798131200782
-0.40492911859198044,2.3566414613705158
-0.8098034058507078,2.81609035204944
-0.3999341998658561,2.4052778639450465
-0.9564257936948795,2.538482667878355
-0.9513443746337074,1.8764573073868727
-1.2558674641013485,2.3525010296582196
-0.9695391831842748,3.013751618601667
-0.8433017580361544,1.7595599048339299
-0.8741157386725175,2.545384407649259
-1.2477793281228884,1.9569103261166272
-1.2735582118379292,2.3272363395471696
-1.2111468835344443,2.0020679083627155
-0.7803587277276078,2.7227869599109074
-1.2035199638548564,2.397357162338863
-1.1635795975318455,2.838865701149273
-1.1404981131179734,2.064191392795251
-1.1413841104547744,2.129629865030164
-0.8742001042287337,1.628633822147035
-0.5428722053614278,2.2406866997944492
-0.37614576848696313,1.7771552868996001
-0.33150133438608165,1.7187473045949917
-0.8071605232255854,2.5388768663335184
-1.2892605762060974,2.636327873861732
-1.2355383718182769,2.806211039311921
-0.9536887494666662,1.6633666382713332
-0.5320358131348217,1.671809316620492
-0.4755991191808352,2.413195677204281
-1.0310939458099564,2.4440331288254833
-0.9523232470929084,3.108169798924746
-0.39692792444967817,1.9732595145888578
-0.46105581428717135,2.423362796776114
-0.8644128745480304,3.5309971700781944
-1.0971212778047157,1.7073082544930398
-1.2265306515261782,2.8166178158072466
-0.7584011819873598,2.630797692705121
-0.7837583236724872,2.219474832624274
-0.044213655378688044,2.1518394775374596
-0.39137752799406,2.6994703781257066
-0.29473357273434586,2.9135940122546695
-0.6282885505430346,1.7763298821876559
-1.2729820094889992,2.474693716652523
-0.8538352696931815,2.278435084641852
-0.7096961674307308,2.1421406955697844
-1.2538296988950217,2.229036121470706
0.057936114030098684,2.5531105265468286
-0.3187853409693463,2.951787631629994
-0.7848792490050128,1.952567384812361
-1.1014914867411074,1.8748077772374097
-1.066412055347025,3.2685816913882757
-1.2293361349935212,3.231736842148668
-0.795801669597148,2.3442439741797547
-1.0134186302405195,1.5914111510335414
-0.9055926553831566,2.771295443692363
-1.1246073951755449,2.066703463012586
-1.2577234651628881,2.5029528447119245
-1.1655487439874923,2.842024280008428
-0.2932206148677653,2.0410385341872352
-0.3119087377819836,2.3247669356428426
-0.879772231354888,2.8745585554034863
-0.6708589773829343,2.234915324638135
-0.5798711570090166,2.910811753663493
-1.2310196572173648,2.247493496235099
-1.1784346669377457,2.8308230743309775
-0.6206415252195374,1.9314534147120928
-1.2716916820950632,2.10143718965895
-0.9392953632815981,2.3555040670363105
-0.9512785489519164,2.8777172226681396
-1.1873048148406147,2.1715231226799276
-1.0024213399004018,1.9889484727960551
-0.2893792841481212,2.2004112658607293
-0.6587884391533702,2.1330411894818986
-0.7931172107196995,1.6901020179700161
-1.0800212425856706,1.9864528997295754
-1.2982977143104941,2.1959973260717653
-0.8178332234861145,2.5520367679632363
-0.7331479207769259,1.355947401848757
-1.2351445893508617,3.0823710306370584
-0.9183894964991093,3.1191733380520885
-1.192644617320004,2.5832198755392195
-1.0191123411109109,1.7344725784919839
-0.41140142438422855,2.917449806263397
-0.9786144851547905,1.9848438624664413
-1.1635069985771076,2.256332441363204
-0.9229270673440289,2.213083246075887
-0.7699439998216617,2.130375986678681
-1.0417422179775446,2.1516899670384997
-1.010856494977117,1.3707966846387825
-1.0358070541306847,2.4434263843399457
-0.8176325458761836,2.330384339999754
-0.9364981370650871,1.9464154838377685
-0.615457366903349,2.8230764104254744
-0.2976912641657071,3.0106916094667384
-0.7201693445582048,2.317838244623263
-1.1285341559811894,1.984920264874204
-0.46761044589266176,2.3586432707679434
-0.9591448574642727,1.315378520076783
-1.2535395173004396,2.1849241824523857
-0.834454231021547,2.7710158341709508
-1.2343133438278031,2.1465566942037593
-0.9675250319549558,1.957996430744463
-0.9345473511460931,2.508048657097274
-1.2198508909301538,1.8901488473420973
0.07033981580513382,2.348067783976276
-0.8482335137033401,2.6815680486515805
-0.947423398349116,2.9687030614508862
-0.8841356185240026,2.168851782481478
-1.1379610620356007,3.3185652230841334
-0.9632687207031001,2.641889126094487
-0.5075717913114179,2.163288420282913
-0.529087182639015,2.0880613832242307
-1.2028064678574357,2.484106966472631
-0.6668592661345086,1.7413136297429594
-1.2074824864530578,1.8853284511147634
-0.9127583257920044,1.9561230786122894
-0.5221018953926588,1.7569937383000558
-0.9392360951387388,2.5398788207298284
-1.1134271396561417,2.6197039894818293
-0.8448301085450864,2.6000662200481583
-0.8537006112905178,3.391941081343422
-1.0035284589188485,2.856697311188966
-0.3748931801589376,2.3515608968290325
-1.279553298152007,2.0874762388138284
-1.1034844213875956,3.399250100276429
-1.1285909197335657,2.3718961533558325
-0.36054977365943197,2.4181385446510673
-0.7543973301678568,2.326707364860264
-1.0562839780206013,2.823476127997718
-0.6498602710052053,3.2847668991619323
-0.9765910870817777,2.9939080531219413
-0.9912647302946909,2.6433139405140134
-0.4859892231697712,2.843411298549664
-0.6883540024616123,2.197032896010451
-1.105909327966602,3.0644731285054005
-1.134980840519978,1.2642296119926915
-1.266590327497843,1.7869921073136337
-1.1866740856256142,3.0746910940474215
-1.0540343644028585,2.6845835535354383
-1.1560421096227658,1.712146109330453
-0.8871401376710559,2.0396208582088797
-0.6886491339754064,2.7343612934186785
-0.9419870636587291,2.225655115898787
-0.8625411578858009,1.9835192308050889
-0.9693035058449087,2.691705138392904
-0.5786951973060377,1.5744495131411336
-1.0777125648431418,2.142771849939661
-1.1729665542501015,1.9277362131711087
-0.2559761626025726,3.0685623730197737
-1.1535015791310066,2.591155928042655
-1.0100284513360063,3.1036608164016046
-1.198873750716357,2.4228578864767334
-0.7807976303560289,1.869238292366163
-0.41341188323261846,3.132042464627001
-0.8185056548440997,2.0869599801460854
-0.9511924619230959,2.2345057297100905
-0.8310975730775918,3.040934730758739
-0.5254140663330031,2.4316465722467826
-1.1551295979094693,2.497373091102867
-0.6829585166195901,1.1703123706666994
-0.586819740400733,2.7120957715223546
-0.8078780124914007,2.488849654058965
-1.0985639680178332,1.9658164012034691
-1.1717966606607888,2.0846798192637492
-0.8771150669676084,1.9605622533224998
-0.7883274129957069,2.5010399612520247
-1.2809879044876247,2.496877369644727
-0.15892924941342512,2.0308017282692417
-0.5211375656312754,1.2761419508256648
-0.7578243736759666,3.3140544152847347
-1.010170096022696,2.1458079786908475
-1.2857067788836785,2.1291986127367957
-1.1177486030044326,2.255570766230812
-0.5028132784302788,3.036016130481922
-1.1074046818581627,2.98288334848658
-1.064861850253306,2.3754381071664032
-1.237709599740873,2.154909190891257
-1.2007024107543445,3.0609333152275378
-0.9517646962262452,2.922148175001186
-1.2674687663223225,1.7888646206308403
-0.9789276419949626,3.029881834885326
-1.0397060685034545,1.838988514826672
-0.3628042311941836,2.9382794389011746
-1.1946631691694534,2.566312714479065
-1.045498978937359,2.1799915867167505
-1.0311382069341812,2.483759644594452
-0.8347977254418855,1.5717170477694145
-0.3044254476507935,2.8267933403222756
-1.0688365728669245,3.0560976541610634
-1.0591238430645242,2.464489005763681
-0.11336039277004684,2.3247428450855425
-1.1167158716749326,2.3869046205905966
-0.6785287299832565,2.808246823274923
-0.7094778236179841,2.355832837474535
-0.8778214032734368,2.2474533365364433
-1.2528395695707382,1.5352247556634329
-1.056037913280703,3.2401448336854193
-0.9228380243247671,1.6842021326745886
-0.6341445965850678,2.974721359949709
-0.6983986085403768,2.653624260128859
-1.2852904808842458,1.9608559875769744
-0.7120278124328367,2.4731889417257045
-0.6331639663150344,2.014170311043056
-1.196592162549582,2.576215670853507
-0.5990955122568749,2.0161676382695988
-0.7497970110618375,3.114840441790201
-1.2265052868729212,3.1829151628889605
-0.6120257669142233,2.8867857489847837
-1.0752790200675921,1.6970744225086363
-1.1267542075625547,2.0625330605932946
-0.3246718700268366,2.0335397687568575
-0.6432405403786914,2.25664988690895
-0.9576144468510973,2.349154468032233
-1.2557844704532155,1.359972494688738
-1.2006916499137232,1.9528074436025984
0.5060650398312505,2.131443170048733
-0.7803590493811787,2.381946435007271
-0.6676731588130064,2.4511122582230516
-0.9504870624566345,2.7794462732760032
-0.5024890308425815,1.8280487553107105
-1.1808972072150274,2.6052750898087456
-1.033687784949145,1.3633354911903934
-0.687020083778946,2.1111765538284875
-1.0148516687218996,1.9314712779750633
-0.06212484337534985,2.5693034581784375
-0.8894198327638767,1.395176745985509
-0.8485953182551553,2.0313085529277144
-0.9262698069403027,2.4711475997724444
-0.09450118535672503,2.59242704170545
-0.8043522939880791,3.0614159010625706
-0.6167258979980063,2.7917229858433688
-1.2255231300663687,3.061847754549255
-0.8564714602803032,2.405847506319963
-0.522278304394439,2.2249623807905548
-0.8561258240161965,2.5577538357491645
-1.0293492753193625,1.9736473086444866
-1.1403691407677334,2.4950214397894053
-0.2729293203636812,2.818934674006873
-0.6366810945381504,2.3607660677086253
-0.6913239537335155,2.8798134453192934
-1.2696804857280264,1.6342150203720918
-1.2157229679632253,2.991255785331143
-0.4094183227230006,3.270785023010319
-1.2410332272368791,2.8143768436826258
-0.5961425755997414,2.646771296529923
-1.2761250505773043,2.332103899679481
-0.689492645427517,2.9003614189981723
-0.9556837243601213,1.1263346964897574
-0.8629450746855762,2.9137274584033026
-1.1854969796573753,3.0930535510661747
-1.0904274708168702,2.4200472134801783
-0.9503580520927292,2.3849216699349736
-0.9466562838433936,2.1289801121150274
-1.1602475743451361,2.421765627482414
-0.8874272414471497,2.672200268008018
-0.9389877442302954,2.3205940928414037
-0.7991129626816533,1.9234112061802537
-0.6337917004978837,2.598652881765105
-1.0227675139834034,1.8168947304318037
-1.2645946298621837,2.3210776637916344
-1.0198202367947047,2.0594890388433313
-0.7032204530414295,2.8608958871633385
-1.0007552033932283,2.6454634667544505
-0.7722211231272731,2.4900702833119563
-0.4660611406762524,1.349505178093567
-0.7026167078655363,2.7581213786870116
-1.1989532955895756,2.2033308222616537
-1.1656225482536704,2.3137072675783728
-1.2857011455363818,3.242350136694512
-0.9457378431837458,2.249684788766028
-0.7877931756047336,2.295539845975565
-1.1111608213013704,1.6097325120822186
-1.1182339556670609,1.78348687951561
-0.5727207168172413,2.7945829639092086
-0.6117736884664862,2.0795288918708708
-0.6562604313279199,2.0449296453894745
-0.522506107524987,2.0111797090730437
-0.7725534682344288,1.8204266490255265
-1.1382177010413332,1.5045847399558476
-1.175109224175088,2.8366800845137194
-0.5930870841346839,1.8036219432683582
-1.1311099810188963,1.9767524106389145
-1.0811388888855298,2.5810497548902394
-0.7353008448802962,1.6550022467184542
-1.1612956323123989,2.2931776811510387
-0.4754712295170497,2.8532084624589467
-0.3391537116277,1.9497973761370573
-1.0296022498732686,1.7351846087431149
-1.046810712764138,3.0724282270909526
-1.0507733936805632,2.37730345090224
-0.62253285850697,2.9277170410038043
-0.9800637766240867,2.2906763189356547
-1.2091111984288396,2.0299511010503037
-1.0841908596625633,2.6575295998866855
-1.2332525090403623,2.8729046134582004
-1.1455267153429298,1.6923490228934583
-1.193400399956542,2.133296628152573
-0.9109096698233793,2.7867884231644418
-0.7050759710503912,2.7986938901740834
-1.253485640039597,2.2305453641376687
-0.970666246177883,2.263735012485242
-1.252660994677725,2.1916867261156123
-0.7867867316707929,1.8627805229855467
-1.1439056909878802,2.0761197057269007
-1.1171574411983147,0.8622146106066944
-1.0333459399092448,1.8893000976484546
-0.5624004516060033,2.852695174329864
-1.2068079084093561,2.207498856091125
-0.7550111910154622,2.788283493539066
-0.805166367548203,2.4184859703382355
-0.7498058207794271,3.280276994049962
-1.1745326692356202,2.6046082673520545
-0.8020566393132118,2.952773563747297
-0.5397948808630615,2.131502708622692
-0.8353172274879161,1.39717263353522
-0.7461810075522771,1.9512106234535875
-0.889858045640538,1.832912875410186
-0.4148034843127627,1.7608747119438148
-0.37399065572465306,2.1777177994873442
-1.0980228752791936,2.0545099631528263
-0.5854091095921957,2.8211622804578864
-1.0082975744285803,2.3924510665844805
-0.8099203265004324,1.1913025687445802
-0.9777524830564641,2.102184557180999
-1.071988641149422,2.318138138370538
-0.4457138879137975,1.670602755788381
-0.7196413669774223,1.986134237377368
-0.801888667283954,2.4497994627724484
-1.1775602104279597,3.192548115847664
-1.2908731955193309,2.5138594518532202
-0.7172852629166963,2.5590804046159006
-0.7672426629461,2.0296290032255113
-1.2402582681812924,1.9975416576403686
-0.8847302343058747,1.4021862846752755
0.0438410900522328,1.7767586429052362
-1.2193890142653525,2.211413636574957
-0.9882156416792175,2.065030723103047
-0.10053135951279124,2.356641816695038
-0.7202031345354166,2.575058446634225
-1.1094172056765796,2.2707984036429916
-0.9929502656986097,2.4788552764805307
-1.0333168507538435,1.758957533265903
-1.244530899806048,2.008251966180172
-0.5978750860324051,2.5046187856928155
-1.0554728502306527,2.950696213401753
-0.8979367418822868,1.827957987254941
0.04907745073738479,2.7528903093835098
-1.1397921476227115,2.244273628798642
-0.8294832757463422,2.113371833024781
-1.0343264402028922,2.1966199413149643
-0.73690638492143,2.8587599464437212
-1.0436565173458907,1.3875953915968229
-1.0809769065444543,1.959502501908433
-0.9566235809839836,2.436825612346595
-0.48923374748153936,2.432957065899141
-0.9434260991159114,2.7728379935020206
-0.5549947269143141,3.007849081274136
-0.6023611410645826,2.788127595460686
-1.0076180595130886,2.2279265890957123
-0.779729362472856,3.215605183081797
-1.17493016336073,2.518956573486141
-1.0290814838705378,1.6889306546242606
-0.5432638351068265,2.4461664482811654
-1.2678360505475748,2.2548023860264825
-0.915259475516889,2.56495715910319
-0.9099080964584267,2.7059821039385428
-0.9592626936160993,2.4985080777421818
-1.1491310529926806,2.884073472672595
-0.9673397300225904,2.4862998149736146
-0.6055036653329521,1.5430255331422318
-0.871916083768079,1.50737105429242
-0.5158500217093828,2.0540284897890166
-0.5515628014569306,2.438206225609257
-0.995864025123127,2.913829873746424
-0.9797527203574599,2.270713579637085
-0.9861220510410316,2.667482379612452
-1.1402019260041967,2.566939412537465
-1.0520068071473312,1.7011454442987786
0.3075105898574171,2.6384606212773503
-1.0507308170417198,2.31686381109958
-0.7562398112724855,2.638498438330024
-1.0472048992724017,2.97081107148958
-0.8985325131095541,2.710357615963922
-0.651752737413626,2.232098898368405
-1.2741078014212932,2.254838204612944
-0.6221667333560731,2.3996962961030253
-0.9260556844882724,1.7598478649096854
-1.176092203883389,2.1946174807770844
-1.0647926455278904,2.8860870446877547
-1.232302812652759,2.9439572900918023
-1.2042059868237025,2.0918728464571568
-0.5973312932146146,2.387461946730799
-1.2645693217422092,2.3066200489829174
-0.7831064725217327,3.196924941356751
-0.6106734286772697,2.5276385275159976
-0.5740984251872683,2.618578340307756
-1.133047215560771,2.0029488901344354
-0.44088793208947075,2.9456936200031527
-0.9207377589983072,2.7713170288989333
-1.149058076931653,2.207252968546241
-0.26149361433800566,1.7283972903525733
-1.0552739816001724,2.618250210473162
-1.0478011272543952,2.6015595516230006
-0.7880284545700496,2.0992086401729604
-0.7227756249855795,1.6051720455275849
-0.864760769954866,2.7947779847113794
-0.16445007796237632,2.679570956013735
-1.2940874643556486,2.3842740058102474
-0.9170028344709833,2.7753154069246144
-0.94394941510536,2.1714227220491287
-0.8640165065047529,2.0705179212035407
-1.16435613483097,2.181482668925042
-0.08618420467575483,2.594241734218282
-1.2935815661630612,2.2548544748926544
-0.9903040739303859,2.4672143206315336
-0.4737048534326783,2.6476299846869917
-1.096843830806176,1.939041915822264
-0.9412457953644758,2.64682833216588
-1.0353653216035197,2.5398235894174235
-0.6580965218281768,2.884526144620044
-0.8949850990786088,2.8114891788598833
-1.0506123367345443,2.254940988079316
-1.12264180685566,1.4355590997806096
-0.8588753615069209,1.4717326523401844
-0.4402789843542292,3.2033436460051434
-0.8341047000482157,3.1248572292241246
-1.186479928147332,2.0910381367666306
-1.2569863981138116,3.0340938839095255
-1.0184447397404899,2.3914453748464974
-0.30345576545523123,1.695555387472261
-0.005863547774520583,2.781608659158748
-0.013687607989343098,2.2586955363585086
-0.9359747313963005,2.4151618154805883
-1.0250021553371096,2.39480376622953
-0.8878252665949427,2.709529546456138
-0.6039122066753073,2.911797617703721
-1.1574107853826026,3.040970221946932
-0.8119361284108789,2.8110594193235254
-0.13379425060751848,2.127888486648643
-0.9689879390851912,2.318446862700088
-0.7868273062781332,2.0938940651682683
-0.7543023289025859,1.1908577895088144
-1.2417165871936715,2.6357930177941737
-1.2244338149174658,2.3516613259452908
-0.00164258173570353,2.681782464341046
-0.414917757106801,2.8247850067318048
-0.9189825929193884,1.9463406667876362
-0.49814623822913007,3.2016582350946994
-1.1025978990812346,1.9116528222398852
-1.125138903261695,2.10377192782306
-0.9398542412650797,2.7760639122096418
-1.2179986393575548,2.691607553403447
-1.2070789191888456,1.5130909940113355
-1.1749820232263508,1.8971703800643405
-1.1706649591954794,2.3530074747370877
-1.0248704188484457,2.2757747363410314
-1.0605315940314979,2.151782591544673
-1.0382119945720043,3.3235007480947307
-0.6010620567931415,2.0152463038529165
-1.282268344469182,2.7007808754330336
-1.2468783741297738,2.553289406838871
-1.2433140801575315,2.1816822910725455
-1.0496775167496781,2.622978256369186
-1.205684356017192,2.2278428450934045
-0.23309698391936173,2.0720433712686908
-0.7889245416809969,2.816757440600355
-0.22877614736067753,2.9902295549985425
-1.032395705693685,1.026848209423778
-0.30313007468178177,2.332338719289437
-1.0068218078532916,2.6921120820373368
-0.5068961277909122,1.965488914829006
-0.3892486417427362,2.261743675279069
-0.8847527327146387,2.7258565623293407
-1.228840544608306,2.2190937633465215
-1.0693463485665329,2.5202557125364113
-0.7170266718913869,2.169009731486759
-1.26913261694073,2.3310502435832503
-1.0227389713759427,3.0368308852816845
-0.9167221765518545,0.9717774234694632
-0.8104130232826605,2.665853121486373
-0.4703837322844937,2.390089050451556
-0.7097987178925724,3.1043146128466144
-0.9038655704978945,2.0331202047047343
-1.2652054853396448,2.003315842474263
-1.0138711681256314,1.6766078041751062
-0.9588468034869061,2.1662875185088906
-0.8257991964400454,1.5313108860623683
-0.6644838045916157,2.6225879077210874
-0.9003226870676373,3.108705079939121
-1.047353427510459,3.138024872480712
-0.7215967529909193,1.1315079748692616
-1.293731857188571,2.3576814104483645
-1.235343942310166,2.103235466226128
-0.9614867696167502,2.29334262269464
-0.18443081333116007,2.1512121120863674
-1.0099296853528728,2.8889269769856463
-0.4877315768207655,1.660388759904332
-0.5322597187644621,2.705866791041575
-0.3126406015441058,2.362319642013757
-0.5496747163713503,1.8013488657973573
-0.8841324225565373,2.7824576938335923
-1.2487940498739458,2.7067686665188058
-1.0467473433367815,2.983656186479876
-1.1195821417138172,2.0671660377448773
-0.803584820990211,2.2319526473873914
-1.222314241040902,1.767318313428245
-1.041559096543975,2.6735448334567957
-0.9481452081298143,2.814827064790635
-1.1624832676778716,2.288123820766081
-0.8511559087510261,2.6733380804737603
-1.234428550644352,2.523126779583891
-0.3403865342129401,1.1692057765640382
-0.9563400482630282,1.8859323888327948
-0.34373062569171353,1.8072520123252154
-0.5492196946301476,1.748363758521976
-1.0628816439840816,1.9950513412219866
-1.2907242006856272,2.124310619662761
-1.0143033934849568,2.3124612463887937
-1.020527273826394,2.4074878420244428
-1.2330809215108824,2.598020043600563
-0.6729236973839227,2.8618980744918443
-0.7889466147116839,2.6419861639890145
-0.8577829129497847,3.007635890197683
-0.8987452846867101,2.7746805136670054
-1.1082873307215668,2.570063585349728
-0.738831176895375,1.4477689331921115
-0.8601631787927435,2.307785782675533
-1.1194512025500418,2.7862995986762886
-1.1873956502373173,2.4341728631275155
-0.4259803568593705,0.7532756073638507
-0.6003463007199243,1.914377725721106
-0.5691943395049158,2.8178165360349015
-0.3355574295948939,2.563934756429001
-0.6845563216896636,2.4380727250511107
-1.0170334962221532,2.116275689179734
-0.47777232748340726,1.968923946304225
-0.6271529669981255,1.9467777916585631
-0.7708591938876286,3.6086699704184113
-0.840577879975249,3.360878903306935
-1.2651508069531863,2.040806332306121
-0.6618077992803935,1.404465259733927
-0.39994535865235326,1.977799254224331
-0.5779332895967138,2.33117426009142
-0.919955656329662,2.7893587633927273
-0.8175083361985752,2.5257813812825827
-0.4437967420396476,2.8109574106203743
-1.0864274711028967,2.0750143966313646
-0.6605441721520356,3.433454912463626
-0.9596340405123157,2.6888161545948464
-0.7576050709969075,2.794843493091408
-0.592050620186259,2.021796526755226
-0.8918145809003934,3.572157267920918
-0.5129592350477035,2.543560224217305
-1.0454244087273814,3.3158947787026167
-0.7956977538404311,1.828729949252251
-0.8416141151751687,1.275145589696651
-0.7843219648527548,1.5538474222971512
-0.7488645766685518,2.1111687648043937
-0.9008340278972975,2.6223313539645914
-0.7036829301833495,1.9005309368181718
-0.7502399865223344,1.5869431179515938
-0.016446082669916207,2.805274303113476
-0.6223712079073445,2.0301704091094654
-0.9561720867456542,2.062838626495252
-0.9547318253438517,2.6197737456758405
-0.6104090133280012,1.6300863821863665
-1.293285390527991,3.0189391257062343
0.15054874841978982,1.9240180298775709
-0.9161149200987544,2.177281550690832
-1.2530197189214263,2.3712569093599316
-0.7647890093424903,2.128261155218821
-1.1735364148401612,2.4284305892970104
-0.6805454517720377,1.8166488909661376
-0.9899721031042844,1.8757863053330028
-0.2830917963384356,3.1974625116590096
-1.0302890872215342,3.080547156489521
-0.32652106412328197,2.057203998430414
-1.09767522380977,2.494914626732034
-1.2360450227236903,2.1821479481743324
-0.8849307247325519,2.1043234629105045
-1.127179212867098,2.302327054670915
-0.8841893084689114,2.1471543510294913
-1.2389862529292046,1.8389927848614265
-0.8623364927155514,1.877521371383652
-0.8500994689096781,2.64522218850149
-0.430865642850797,2.3607353713334382
-0.8471996017012868,1.8258480476873407
-1.2538255834424674,2.110338028669029
-0.9512486670043863,2.1093170472456397
-0.8221306140295178,2.171416488025136
-0.8261503698206284,2.963688566264353
-0.9151007563591432,1.97310592741067
-1.1462002289541302,1.9035171139750693
-1.2595340222053302,1.9017359226213537
-0.09709010021077757,1.7450684789657886
-0.44562911374694736,2.2767377693612763
-0.9124173892542097,2.8274817316176653
-0.9656503152423862,2.36255940041498
-0.7593705506252857,2.5603266970726013
-1.0418175395351816,2.5044408523163675
-0.748498889786753,2.423704668089969
-0.3942092135419981,2.5215115379421866
-1.0325299668820689,1.996865988768481
-1.2723535749376107,2.487597135219631
-1.2676186313868536,0.9554256910134078
-0.6903811729287291,3.0873585618256683
-0.5694265410085642,1.9933220966928193
-1.2947989834836595,1.922251484400339
-1.2905149670764646,1.8131932618804711
-1.038586475957973,2.1820158726294365
-1.2746385577569712,1.4831582091954876
-0.49927519134851994,2.9428553931387285
-1.175715236515963,2.114894576878885
-1.219661104049819,1.9967960631332151
-0.25344549453919385,1.8555815872267885
-0.6978366241242019,2.71922883730271
-1.1825650571206616,1.671382028206322
-0.7967290677558447,1.9668428259885167
-1.1590575919061326,2.5632903276311727
-1.2301457950636991,2.6723451826668745
-0.8701996683878119,1.7435270074355493
-0.5392611191704976,1.786169835150477
-0.21388279945583855,3.3540355097511525
-0.2996155579267187,2.679473970956516
-0.9701818028653261,1.7229168355287405
-1.280406223897946,1.2851898144306115
-0.5538897642273959,2.3987729439372907
-1.1796210388239197,1.6863246885062093
-1.2537527428156383,1.5453455712664368
-0.39873982198287095,2.999217064170421
-1.2537907310200724,2.621863995315487
0.31003978298911594,2.3451450664640285
-0.9539910730101081,2.8636990116955277
-0.7875301265142762,2.1199846020480817
-0.41359142538915517,3.2862657900614605
-1.141866196831115,2.040326927068115
-0.29776090300284563,2.02863387754892
-0.8892043035675627,2.532436933413127
-0.8788706999789779,2.0608627930863843
-1.176847502460924,2.3879840580793825
-1.2055487130512057,2.1727037617956753
-1.1424260963127204,2.1234106706354643
-0.28171319967898245,2.2622111458284966
-1.0433814962953816,2.6030256988671705
-1.055590003710932,2.580750016202314
-1.0263963005197627,1.8052470934429459
-0.5832817951578824,2.1067070687792544
-0.0848836308785601,2.1082184514619047
-0.605266562352072,2.3426598543969077
-0.35740842046173993,2.120470362757192
-0.9824312730485527,2.6385479626784822
-0.9271199555264198,2.697315725065826
-0.8007539921441531,2.9545698439135677
-0.7353064790368237,2.3573681788958574
-0.8356501285029637,1.9010819396336525
-0.8510149100662512,2.3700357059628048
-0.9087923599478107,1.7905780769879887
-1.1224790511571423,2.4361468431998072
-1.2501582899691501,3.194301143757923
-0.485717791655771,2.5547567233283512
-0.7925461853669042,2.092158705804933
-1.0427119392688589,2.737542183920093
-0.9205202171249254,2.65133459841118
-0.9866403168503213,2.0366936078820266
-1.1008731439350046,2.774221373971513
-1.1637020758976735,1.9952170448182525
-1.2000375443364857,2.4106249802055615
-0.46468607905286186,2.6003361399649503
-1.2496209910919163,1.0581844413131658
-1.1350548052080045,2.0104418994108912
-1.152080936711532,2.0896542799929474
-1.1396289713086112,2.6519944237438127
0.017035581906346575,2.561358111888053
-0.6195093009397753,2.5236654196775863
-1.2030539938861533,2.2584951903549966
-1.1434374147647488,2.5313266718714322
-0.34746669874951697,2.545991293641173
-0.8823828341112598,3.186069057540549
-0.8187532057703402,1.596700656248303
-0.9445750516544238,2.34391118519705
-1.1598407479587012,2.7700014214982014
-0.4877537682494901,1.723978328495043
-0.9761019226863583,2.436151545318806
-1.1103270633194424,2.7294740801271473
-0.7577616108247591,2.078581843727088
-1.2467841111340883,1.9796805644250026
-0.8189730098017032,3.704524341569437
-0.40912886015869454,2.6972556822742617
-0.42208765948389526,3.104349981484136
-0.2895374629650004,2.134031088319583
-0.7336516798790292,2.1775177357831934
-0.9630356187011855,1.8234963167605271
-1.1718955204093544,2.0096342812916594
-1.055839511708385,3.088650804618652
-0.9321973797296952,2.257398384529064
-0.47059818418971333,2.4002339397622467
-1.2615884516187286,2.281653281396696
-0.9902609684088729,1.6771234853116042
-0.05380248568983981,2.835381953125359
-0.5783962457247259,2.1859103409458194
-0.19949047333430148,2.4962975652617483
-0.8948356665420967,3.1928348553951658
-0.4751683058291728,2.5842462546878497
-1.0273244891129327,2.0302311802594613
-1.1908648480291297,1.739520369374373
-1.16263993523602,2.658579516280634
-0.016824705398759576,2.2540994578935454
-1.039972322126701,2.643034468591303
-1.1157589442297324,1.4065528419140296
-0.9718372419909772,2.5383602280217064
-1.07287223750404,2.1600225610418113
-1.2010952808673057,1.9709836501439568
-0.4887539733686507,1.4569582050358592
-0.8022537215761096,3.1017040303884915
-0.9593736992947264,2.164896966495161
-1.2168273231325333,1.4163093708929322
-0.4126987896069062,3.51041957009973
-1.0269103517385187,2.1898196806352614
-1.0884092360160096,1.603966602626207
-0.9683939204882356,2.4405268761399865
-0.8813717216477324,2.2988629385472685
-1.2023835761518074,1.0191294740232413
-1.2535898271648382,2.8326986410679384
-0.9227946398425699,3.0769614382492065
-0.6375171135334138,2.653003527089039
-0.9636738137250069,2.5417942744504725
-1.1742079862448123,2.219814684965081
-0.629849543686153,2.3832640734399058
-1.1299528284459128,1.7982293577959725
-0.4768395788285824,2.2933203484165072
-1.195761442745809,2.5651540398590242
-1.2380004813782461,2.0380367633392753
-0.5537142411807628,2.918221894393817
-0.9645959378069213,2.02162713295299
-0.9993472037712176,2.3562442119058535
-0.922026427809203,1.7779351142872817
-0.7929265836871129,1.4301081015882735
-1.0471973729413737,2.8251111980569394
0.09853587727066215,2.199658973265423
-0.586650973976258,2.416522949346721
-1.195371884423908,2.2330894134070567
-1.1314644687470508,2.407757434685894
-0.864425528401366,1.8983559001224684
-0.9477999460069704,2.2416176551021643
-0.5466500759788723,2.206386098797726
-0.8591418573121904,2.23635744972269
-0.6672584079260101,2.11066007612768
-1.1248946906280457,1.8667791642251081
-0.45284145133182585,2.011071098458094
-0.852473102172612,2.058881966980986
-0.7805437378446922,2.4256319732912317
-1.139733397655115,2.261953907920344
-0.8893751641156098,2.424559478842139
-0.37063092481247173,2.0933097500708677
-0.991568811441661,2.264675059833124
-1.1276745979301523,3.361693818571177
-0.9901492589533654,2.133470800625312
-1.0048486316705563,2.0245489507426147
-0.9987100891701046,1.6820600819083933
-1.1733578648719298,3.1533880268172565
-0.6985397061898563,2.7282337162481114
-1.0583355324137849,1.9670108710717322
-0.9614515812444694,1.9110942679169818
-0.8453098856925456,2.5680220246607055
-1.085340963352838,3.0380742274706245
-1.0301367376755208,2.1364425763011994
-0.36105046131054064,2.780897318845727
-0.4054568284030059,2.3968776343526623
-0.777373239567639,2.076254538187917
-0.7830394621319995,2.2525602105596905
-1.0526000482261655,2.402652481796696
-0.8461409109528676,2.753599778218211
-1.250122842539501,2.1763903285815536
-0.9673700995200682,1.561890636570023
0.09532313317710894,2.949027148455726
-1.1982788537085587,3.1164513967233236
-0.9391667550848566,3.434938287069871
-0.4986284615384978,3.836433964367245
-0.7968007207425424,1.9337542953018416
-0.7427989082202248,2.1764503882620247
-1.2730265891681998,2.1534074513977917
-1.1804283592177245,1.9646779397197385
-1.0927042269072638,2.2573753279056916
-0.6361173349214033,2.1765305476185004
-1.1059166488848458,3.0397681676796093
-0.6621550895602636,1.9088424697929738
-1.1245161827681138,2.1166744728027713
-0.6126892723839182,2.700702685853883
-0.851404248533038,2.670924032884258
-0.5741453869671371,2.0432865765287573
-0.9280691974443689,2.083627252855028
-1.176087380494949,2.440079031833973
-0.664063912053287,2.2863094598020766
-1.0869993491629235,2.6523019418394425
-0.88920081094006,1.8204920003685772
-1.1172324027306146,2.3028127858402136
-0.8588175067700554,2.106778581357041
-0.8217590413937104,1.846141285652514
-1.2036042768731265,2.614682106200428
-1.221308881422059,2.866360782756826
-0.4339309733727992,3.3930617568021475
-0.6851655936653331,2.336842823911848
-1.1100925162049184,2.8056126543891384
-1.0899792181215129,2.5293224612552994
-0.9308225605456526,2.426685897643716
-1.294041469467096,2.7779545066596985
-0.9848691632305022,3.016061543625872
-0.7785039538201528,1.4628174658624329
-1.128185979418088,1.935268796999547
-1.2961081193184505,3.089465631612925
-0.5909586612662995,1.77637355825075
-0.7684723396518529,1.9703966888793754
-1.2812800773650888,1.672659265161584
-0.7698950613719524,2.1508090125053805
-0.9432025228213268,2.260116457317976
-0.8922375807937595,1.774004897686566
-1.0912958528416092,2.022796715401977
-1.0036669262221267,2.4288922059056834
-1.29300679616286,2.1232940817815664
-1.247775158796288,1.8721207700142104
-0.4910420494908788,2.1502145976075915
-0.6177935505194571,1.3835194892339826
-0.4145856241950081,2.605959556879565
-1.190852479929922,1.6759079390110951
-1.1625123958534143,3.1992964216195428
-0.23782694191662723,3.010224085574242
-0.5742397416428474,1.6551944695552305
-0.9091545292606764,2.8646761773535525
-1.04079188295586,2.877360909667974
-0.9632651352437653,3.5411812046051607
-0.14318917287475408,1.5634301769280377
-0.4190149668210936,1.6762536025937362
-0.641885883890632,1.4675663820656908
-1.1640106262269918,1.9223265422551945
-0.9277951403638954,2.47668759797186
-1.0675714650234804,2.7398656473074556
-0.7838056929146922,2.9270469097882765
-0.6247725758846068,2.4580120728886286
-0.6515268915010716,2.7435357323438656
-0.8682336541666884,2.7739477842421443
-0.7046128972348786,1.8683258174386743
-0.6638972594079438,2.087104036983723
-0.2907595504724644,2.412327708485859
-1.0534967565477835,2.4725164293686435
-0.9462945398428956,2.602996220083072
-1.237449959355094,2.64566645654408
-1.016244150821316,2.7185039244367752
-1.2832931103051624,1.9691834971948845
-0.7554600353996953,3.0031558201525645
-0.8049049824555303,1.662244721961982
-0.6213298941939385,1.6782465489957712
-0.7238897873458706,1.6664142763446765
-1.2327017662762587,2.330791303786865
-1.1748163365361841,2.604436229188629
-1.1194486075381542,3.0624496043760177
-0.3281617769181875,2.4498474193011934
-0.3492849351709022,3.2358704910040066
-0.8655530775150053,2.374352986265707
-0.7300055271182448,2.0864576820222633
-1.007116369985584,2.343706903861181
-1.0650092842999679,2.86919748067305
-0.3464123812541534,2.3563669923813446
-1.2071380256530906,2.290185213971649
-0.5518591153052794,2.1367202351072034
-0.8946888308005437,2.3262780545789634
-0.773381360588056,2.161041721521416
-0.8984576540930903,3.0074610692736
-0.9228361710181578,2.1750156510836143
-0.7852459295701495,2.5844990688606986
-0.5480817699700959,2.8984345579098334
-1.02784908644348,2.7931419612518797
-0.9269142386696537,1.5851723669017754
-0.7139068064594836,2.2311477269807227
-1.099068096034217,2.637648679603762
-0.4765680137808582,2.711107444308995
-0.1362649858293179,1.5542038130079407
-1.2934730686475275,2.0238312535903513
-1.2648597776536552,2.181602049601431
-1.171297599521977,2.778472960747588
-0.8951170002635279,1.7995596262659936
-1.1005579976064241,1.8167005299854142
-0.6593580276927362,2.3687135306421934
-0.9533112106544683,2.900957847597532
-1.1551425816903986,2.052778591098946
-1.1400714966923535,2.7691930153525597
-1.281688186975032,1.5240544165614929
-1.2794489913354168,1.974687024986228
-1.0015758038851101,2.886397394206142
-1.1647524888698537,1.8752427926831192
-1.0749464868999095,1.3022567377841037
-0.536099759881913,2.6135440604431333
-1.047250896567082,3.0438613925077167
-0.8843389102113051,2.3941862461088155
-0.6111497000497997,2.876780542072557
-0.6727506711257457,2.0687454316643197
-0.9022872208783053,2.135970172637953
-0.8162095151049753,3.5102705051683483
-1.0339985127589664,2.812019628785626
-1.1211875724268947,2.3143351890533017
-0.8745719055054222,1.8806953755572902
-1.2648000705599578,2.8162833673167684
-1.1675464294721571,2.3533675394879108
-0.9442263975802561,2.3723370194004296
-1.0320971050924972,2.8041543489687255
-0.40059364448445445,3.286615301043428
-0.895760850024065,2.186962578206114
-0.5515582852627287,2.045984928748047
-0.6404024371446937,1.8331393414889248
-0.6003597426568263,1.9665270266229742
-1.2422057552543826,2.880311511168023
-0.8719098659255172,2.4399777606703994
-1.0368131397909408,2.534493664589991
-0.7260658959337251,2.245392224324485
-1.1890833668138674,2.4224844330657604
-0.8919638253367108,2.009362316275862
-0.9569567450032097,2.9320062766542936
-0.570572982380076,2.470285778277761
-1.2109947063276973,2.3435329819406308
-0.5713678273114053,2.297362101886425
-0.614022752493748,1.5675853644960518
-1.277043935506103,2.2053868319086116
-1.2803776597637186,2.0686126883160347
-1.1622652874743824,3.140319520191257
-1.2478014799940453,2.3933650524748646
-0.44005154086088205,1.2155122423183484
-1.0880120455117037,2.3129548965155866
-0.4295575904544645,2.1202795977486995
-1.1516370922998846,1.3084203288693912
-0.23655096498506833,1.6807868109644462
-0.5925862473808341,2.967882339712778
-0.683352728211403,2.57924869689296
-0.9208657226421219,2.100855690397819
-0.8308876257817164,2.110245272893392
-1.090730316523636,2.5837380365657188
-1.2425375825295633,2.8257789458645384
-0.9503389350511016,2.6164585706937107
-0.7805785355088207,1.7270485145224121
-1.1758657504863979,3.0665043736719357
-1.273657937673484,1.6828172606116678
-0.761579041586613,2.759768340728228
-0.33244852627721444,2.6281819894605474
-1.1966889694310112,2.2787366118523917
-1.112264236861739,2.2433017128240746
-0.6566081697833701,2.5721605969188657
-0.9512342763446948,2.570364167018507
-1.0267425763844813,2.192668296291338
-1.1266168752184225,2.7099544799406603
-1.0057647974589738,2.6614010479937518
-0.018469428573820945,3.33710225224395
-1.169446686973892,1.3972140290030182
-0.9292840393854114,2.474997220354262
-1.22595983669581,2.2578679038956238
-0.5131780320229252,2.886805475080024
-1.2790157197853014,2.48861941145586
-1.1050405154052279,2.1077294154073636
-1.1292630521538902,3.0368914103895044
-0.9264560463959444,2.2301532117950957
-0.6138774591935707,1.601184186405697
-0.9998637658350606,1.0246568271502778
-0.5202843671763311,3.235260806624608
-1.2586043544845311,2.4733125762509336
-0.8356303316569926,1.6199490752215984
-1.0873827014867712,2.7953557750678266
-1.0378977654185981,2.2820572091152
-0.9944809991178798,2.319641610554511
-1.0372454318711757,2.5145273957093703
-1.210406469262916,2.710425757254015
-0.43749609282740254,2.3812862438673266
-0.5457039213914763,3.378765307834189
-1.1544872087580849,2.0051053522400055
-0.7473062068038812,2.0441310818015523
-0.33591484763450985,2.1630658486243006
-0.8863587724974211,2.5058984604424563
-0.719188008496505,2.7176304948842427
-1.233002553339839,1.9927253533245013
-0.08718697197289238,2.207375745208779
-1.2242090543096615,1.6165970482115068
-1.2909327045047763,1.8338505361996429
-0.6863064622720673,1.8269195383840717
-1.1843284378515047,1.9313592466426543
-0.7095121985480713,2.398727354897068
-0.8319260165088167,1.9801978912188463
-0.5265612746368024,1.4845591478437141
-1.1333286949562433,1.0458532169518264
-0.5734845050753687,2.1449067819801417
-0.5838919162389536,1.8439742078382877
0.1789228908271392,3.0450664584644644
-1.2235024561159444,1.8213577407250932
-1.2390557238349416,2.0915665358580053
-1.0057725784137084,1.5440687450222383
-0.7648179211315462,2.088959202677134
-1.257639932151738,1.4425382746899134
-0.9475364774084988,2.084216754476719
-0.805912708703423,2.5895523128674496
-0.8898075699698806,2.3126571460450847
-0.7539838173652142,2.133756286930303
-1.2461878829637185,1.7865102131038244
-0.6535768647587779,1.9744119466204262
-0.24179687007035267,2.3695020528069497
-0.8769224735359703,2.3093873015945023
0.028890694546425566,2.8346220209457607
-0.9832092660427102,1.5340502185219096
-0.739707031145284,1.2174107605804017
-0.16608128322285265,3.070315271839122
-1.1507572635942904,2.2327097777779983
-1.0493085096209287,1.847148972439358
-1.102510804770773,1.8429098468691412
-0.7165214267520332,2.2059834358655657
-0.6851006408558667,1.9744388248801328
-1.1719697861823843,2.6880317307241772
-0.9618336749540355,2.8072318315690623
-0.42906375812633124,1.6801764353418693
-0.27946651130062905,2.690105467084261
-1.1011886518249188,2.600569593721594
-1.0804223742448742,2.1486465682572056
-0.9706036293491773,3.2448780531105994
-1.1503739762951217,1.6831863940130725
-1.2063606905381148,2.608352700164421
-0.5710413933751043,2.1607397553083927
-0.9580939184718438,3.5539618828363553
-1.0154644292628714,2.5359126558038922
-1.1089493412024267,3.0485972922817517
-1.1624553863417584,2.7273721095919834
-1.225749303614173,2.736204952083471
-1.030648175487151,1.6524398909365696
-0.6335012244986722,1.930686558079573
-0.597693492587741,2.3211059336267263
-1.0031785971614078,2.0103220205501686
-0.2589993958544192,2.7448896690733036
-1.0099414462712013,1.410077562573198
-0.6831264816428338,2.7021408916333205
-0.6444131156019152,2.80203933518239
-0.8034632285197258,2.1552436456792265
-1.199875049365247,2.4365148934044916
-1.218982947947803,3.1984975780674105
-0.9364808691462677,2.2522268719435847
-0.8195418331241877,3.4414676828402033
-1.2769906421295798,1.612679164138395
-0.7892514481655079,3.485367805547372
-0.9578059667559908,2.544670529661663
-0.9590286469746558,2.4674984846247665
-1.1688763422535624,2.125560105852326
-0.882403685250797,2.4464822565502153
-0.4069087098777726,2.6535019819200416
-0.8808145222180063,1.4406416708549574
-0.8250868821691303,1.9023758480334618
-1.189662546488307,1.9572313082369062
-0.870934543402877,3.1375448776128962
-0.9594950547165417,2.401615536772669
-0.8375383530164914,2.2090661487823438
-0.5671854877040342,1.849629037415006
-0.7492565077244232,2.875021237589217
-1.2064348124377804,1.6957609978550836
-0.7934492529114169,2.7432682495135152
-0.8582635670408705,2.969140126419968
-1.0083817647189752,2.129342177819292
-0.944637947782938,2.5547155578879672
-0.7516600264625913,2.560455233913858
-1.151986959224836,2.470114693397798
-1.0959871262724283,2.999650437069082
-0.9564528625923964,2.6034623374145482
-0.6038438200783722,2.7476575102561114
-0.8982848008360937,2.803682466791405
-0.6496324032072339,2.6321209810476325
-1.2520593061925414,2.0661177371383554
-1.1808406714159168,2.396195778395496
-0.9917826043069327,1.7480873516026978
-0.5852314779929214,1.7092034695029832
-1.0112101133999218,2.6785855751081047
-1.0116028258620164,2.727602116976088
0.18968407033595325,1.6162011294102512
-1.2920938969192446,1.6931667916653605
-0.6224220325819219,2.750682423321838
-0.912663206421195,2.6518842021239752
-0.27718443079303046,2.7825574628896717
-1.0977179502407675,2.0118454506792705
-0.638243195411081,2.1964870636951597
-1.2790397430251095,2.6249128026186503
-0.5076095179707231,1.7410235223366874
-1.1792392858446827,1.878023224979797
-0.15330854229216406,2.0026056904330076
-1.0011736300156466,2.6914217994363256
-0.5194476139999066,1.1998890723863616
-0.41171668529350136,2.4609110819196838
-0.8393977595744613,2.0751175290259214
-1.098278153122005,1.9106766868480447
-1.0910620217962625,1.7802692827811155
-0.7657331436488153,2.13780186856864
-1.0987630572118734,2.179330691308998
-1.2127098156301994,2.735587195286618
-1.2788163659336018,3.5505848997439404
-0.4868216094835084,1.9823790564678814
-0.9319292334793312,1.7293229162447186
-1.0986545021031455,2.095068002794455
-1.115915765098135,2.695312828399946
-1.1041294854761023,3.2074849357130732
-1.1534640663871072,2.3713090213974173
-0.7478752136424835,2.2215433921807763
-0.5894655918252122,2.6775774987563783
-1.0718360790823713,2.2646326814785906
-1.1678320573111536,2.420223818940601
-1.2805939362029815,2.7699545601377684
-1.0631154245378118,1.4727573002568768
-0.6364227661279638,2.9298402269688677
-1.2523782231998115,3.715439989343533
-1.0585266061080367,2.5633619822521467
-1.0387368692148662,2.7753659300240905
-0.7869333778134637,2.4552640437557565
-1.0596209870049682,2.3698359153753676
-0.07044712415351984,2.0593416042513404
-1.192994723749329,2.4112923630686116
-0.4625478310008393,2.703381353457319
-1.0209050300858165,1.472146939366883
-1.1235823768686108,2.702184937157239
-1.0818295012209893,1.6991545778099986
-0.908080495587174,2.7057954623957725
-1.1044358639030505,2.4647041126840286
-0.6624031875108926,1.5019318219390776
-0.8329139433874377,1.9578942997425304
-0.9598589527443177,1.926987774923743
-1.005695699242703,2.9893160525382663
-1.1441897125487197,1.9710021791099408
-0.6512446071586361,2.806154098427205
-0.8523585781841415,2.6026816363270138
-0.5128150033022681,2.8230245590480436
-0.7653008598174944,2.1999114020325576
-1.1039747729369884,1.9569124506141415
-0.39595599834869044,2.2781324951794764
-0.9017210262020181,2.191342585498496
-0.4376157557833462,3.0347208651782394
-0.8678434965757029,2.3339464707818784
-0.8140789810231988,2.2161525253776397
-1.0336906639840826,1.9833714456302045
-0.8981128877940148,2.842496944787145
-0.6024785418943938,2.828811499583735
-0.5677985313356796,2.4342437468698472
-0.8871255514390468,2.361543069126499
-1.0238182320125677,2.845494386266661
-0.24711674323967658,2.389452671629314
-1.0529810476205304,2.7167451319234357
-0.3623644532568615,2.6292555230350234
-1.1555391345356387,1.9042244374182853
-0.8331817588454657,3.0175914518465774
-0.9715389546810483,2.5676022316880154
-0.3873520243809667,2.2205476438542373
-1.1099224074797367,1.2878176859614945
-1.245015694242203,2.137465260414813
-1.1274949783638244,2.4294185402969983
-1.2082932557115453,2.70434651188804
-1.014073463353843,2.3996393050632916
-1.1287214338849876,2.0127782089571875
-0.4869837991291365,3.1677999035859004
-1.2273713201553094,3.450954065401854
-0.918613995871252,2.4020742443077086
-1.2447862239469878,2.963018304320719
-0.8476851735919536,2.5075412237120744
-0.86902565515929,2.2855986718764654
0.30130358875169794,2.3369430973382923
-0.1743085014518566,2.5358888523425103
-1.2414398482594218,2.192794863196872
-0.4228429458671078,2.5025561770469875
-1.176085096581813,2.11274408265076
-0.2651090613662985,2.466606169669612
-0.974784975593689,2.6637668859650163
-0.33048640019759323,3.1419144183474033
-1.2972582488989846,2.3008659347377622
-1.0080305088955321,2.366315465152224
-0.4128496279373274,2.9024587570663103
-0.9549451392191766,2.5909743013533197
-1.0004060487352948,2.3087746524091446
-0.8782041914268868,2.169307245577662
-0.6973625786502227,2.3787175635236384
-1.0257212922834271,2.153998133914196
-0.08676284494785169,2.7280591846459403
-1.2943409086864817,2.30098457155465
-1.2524320909467463,2.155908587022741
-0.6087807565608649,2.6071543275340376
-0.3511005444598516,2.5078148153126447
-1.0536060792007234,2.1961168407387266
-1.2813121615681637,2.050298169487756
-1.1341596840198385,1.8577605672181592
-1.0518800387009646,3.1670613202511713
-1.1036808708636365,2.258992907399187
-0.6323479589428824,2.2302077092537065
-0.19907260889302036,1.929853809439812
-1.2388601428273611,2.6248632696729617
-0.9811023717356557,2.414136254975951
-0.6180558610066419,3.613383424717864
-1.1743315163193908,2.8537222562505717
-1.2685154876516294,2.3069330423964702
-0.8853148627627367,1.445045567346658
-1.0439430520589714,1.8673435354425656
-1.0365990232521558,1.5905510785634136
-1.1716739837273717,3.160882824634509
-1.0404060858450597,2.5627977559936945
0.1725368181642346,2.7609727482840216
-1.2354254381010334,2.7919666795021794
-1.0858671067828418,2.375926891627481
-0.3596640516370688,1.6917853424468996
-0.8743110601329622,2.4542557009654473
-0.6149910631380299,1.8315629661315151
-0.7446638440922632,2.278435987818605
-0.9347229684090779,3.2260348329447632
-1.0006794012654046,2.692629589383913
-0.5737416891366237,2.5109066883492157
-1.051213772515169,2.6531642636143276
-1.108742490316249,2.402191626353954
-0.8880491120030827,2.5935460536673274
-0.4633115588790042,2.367570172545092
-0.7789140958599717,2.4908057014029437
-0.7651476361598777,2.384678333284112
-1.0409466974491577,2.7051942361001116
-1.255436014836202,1.403555841436579
-0.4759174671468417,1.8512429799879258
-1.1279580169368018,1.62973510443814
-0.9367662662489786,1.534961695612042
-0.39706937101822437,2.9442745987436356
-1.2110610153948196,2.995887756553123
-0.38604540163803025,2.212460850230795
-1.2152508896716916,2.141832747272189
-0.909435387269692,2.0713446545168415
-0.6603832689823078,2.4420429368847056
-0.6297865553218208,2.2021906203927544
-0.6885592911767543,2.95746444339201
-1.269314537769121,3.0306309070129585
-1.2639343170001247,2.042263545540471
-1.0535063850899096,1.9228476746131244
-1.2497153373790195,2.5181582312852218
-0.8291574774301285,1.732420106102345
-1.094946892682384,2.6300053707967357
-1.033040169476099,2.622491924137554
-1.2813807476941799,1.4296339126916955
-0.8833544066833949,2.759393755971298
-1.044636124015932,1.2620828624764382
-1.0536026475168783,2.7442619181748977
-1.183563007542182,1.7261669781074547
-1.2308651188772133,2.6168433469078725
-1.1248780808370697,1.711395090921429
-0.7521542767488275,2.3431335922564456
-0.9065632524223446,3.2483684673130093
-0.9814404064007427,2.825674910713192
-0.6131071818983194,2.541500114811333
-0.16687432982716,2.1897954144793106
-0.4927102339316637,3.229961219843089
-1.0818300808177812,2.532315209515289
-1.2088885009774906,2.4816299922762584
-1.2878705075081431,2.2493318356388308
-0.8275222600797654,1.2236222246635429
-1.0793601139415987,1.2870893013065814
-1.0886980299915592,2.2688361676370215
-0.5256659061970219,3.029445870274736
-1.2192726645974552,2.289340316059154
-1.165038172980255,1.9265412645564364
-1.2273995849360106,2.2433515193429807
-1.0325641181325893,2.7936224053205807
-0.9711537743776788,2.205317435480236
-0.6787973686383785,2.226668237724421
-0.3728443912580989,2.6459196249344936
-1.0084220057922344,2.8101369098822526
0.058184859492340424,1.700100207104939
-1.1031788440778572,2.370253961319767
-0.861039174665774,2.5759377970162443
-1.1822117557013738,2.2368454153653192
-1.0767953718295094,1.8071292740376093
-0.8289844782476392,2.8100168538913115
-1.1826413176904518,2.677313467496965
-0.7914563140268469,1.8033353650111055
-1.2101313771752784,2.457572028068818
-1.0278463302331402,2.098989343928031
-0.9796116781667422,1.8086337170097393
-0.30013506880158625,1.6024483516880048
-1.1823454918246579,2.5180542266039714
-0.6418218142873834,2.121799945641173
-1.2681364433334408,2.3104159328101863
-1.1383953776047977,2.9869641344441815
-0.9839988037066347,3.0259236464445705
-0.38924650980707953,2.5297334689763398
-1.2262083867647302,3.133585237915665
-0.6262213733410672,3.0348666382839076
-0.8608089254165423,2.083603564742709
-1.2237231391556094,2.37194931004244
-0.8018642663529338,2.295928833560424
-0.6764559432067324,2.1496821684628853
-0.17239128784234614,2.3501342171069752
-0.45875987923666006,1.7653230033461575
-0.5975604287767141,3.158548756678461
-1.1957872881733418,2.3407191595975103
-0.970850999820428,1.9173524740015093
-0.2967257818220146,2.7995241858134103
-0.4643094910782273,2.7143561395667883
-0.7517678311850733,2.155139724034667
-1.2924924214782139,2.1561539996692534
-0.9531459112559606,1.9277389753937233
-0.6540569745779902,1.12441430430349
-0.8368167347842024,2.275074530953056
-0.9600432643917844,2.6294566617226574
-0.41883500353791814,2.6636679573933506
-0.5957368940049977,2.4576027359537655
-1.0474915944187555,2.2032916374561573
-0.7149436420714111,2.357738880337339
-0.8129392564335238,2.0892274740821954
-0.2841704007109698,1.7755378456805677
-0.7102500109696439,2.6258994904551844
-1.087828542491572,2.5649659277719077
-1.222092970817832,3.1875712926201016
-1.0658071937868774,1.6216413798547795
-0.6760404247340358,2.0055645898624768
-0.9218497834057302,2.3454034179402705
-0.8636843304177273,1.7907649714411669
-1.279782705666339,2.271430238176524
-0.9928883543613278,2.7571557301355947
-0.658114084569788,3.119058698571537
-1.1485952583987418,2.7452044481757443
-1.2762498299592804,2.9467332478378188
-0.7707717883129317,2.8647376146209593
-0.8595091417632008,2.531903678957067
-0.437821080356925,2.3664158822995534
-0.9715410673213707,2.6406085337238245
-0.32071486612232847,2.507635978421602
-1.1711361128617626,2.1316971579427224
-1.297274011851657,2.7581283879547818
-1.1325939840108001,2.174970251312694
-0.4603113603890141,2.6399516722016516
-0.6588590220434067,2.2515749426011955
-0.8339546068372877,1.718440990176326
-1.2296015864732084,2.4824886958852272
-1.1884794530283198,2.7498824341107966
-1.1267989058295895,2.4301711426984562
-0.9121146635853122,2.6211767374145616
-0.2559457613151198,2.0952294818844552
-0.7772432241224431,2.9019456810220152
-1.160798642812127,2.5076616595584946
-1.143425189436991,2.4689309700261353
-0.49236559251759704,2.5286143447631173
-0.7631015353073588,1.4153708730233152
-0.9603809174398918,1.6388644193618207
-0.9846979570586376,2.8723947506175094
-0.6205019670292219,2.189781015915821
-0.7609059416700087,2.9404131911040596
-0.09348656040054903,2.487240281491254
-1.2224933979364165,2.83198802168331
-0.6406766346295976,3.1090095530056248
-1.1524989382118165,1.2457532559830031
-0.3839504425299959,1.7549965861287695
-0.6995698753745457,3.241714178776277
-1.1622337479279814,2.777144419728225
-1.0025800489679253,1.919835359747808
-0.4580955115185348,2.0153086704563976
-0.8813647500533361,2.507787829126347
-1.078400261026699,2.5163547536398227
-0.508419119580689,1.7064431487847926
-0.7024316647371092,2.510821468248566
-1.2109539578704012,2.435583658861191
-1.116235352809415,1.9082260426952922
-1.2240353693813346,2.451425250130878
-1.2753029454111735,2.760888826996184
-1.167934201451359,2.136102968440565
-0.5781342944652013,2.4167353318711404
-1.1644330304913435,1.6839435193770105
-0.8675557910073401,2.6427616416172857
-0.18614743714102389,1.7413605283698765
-0.8122806592833629,2.367422243552125
-1.0479576560647363,2.201603795896835
-0.8468214425067737,1.359924863269844
-1.079040463207237,2.4513054520070665
-0.2938190091693258,1.2267799578711558
-1.1646311960270894,2.6627753673835124
-0.5640116951910953,2.2183264327622796
-0.8712726925734833,2.6492880107342396
-0.24103078061304295,2.1792762298195703
-1.27007660615248,2.6689178007992096
-1.2301653455457762,2.817417187280105
-1.1586879682214504,2.5996859400603367
-0.44271138133264865,1.9648445464072182
-1.20921903458148,2.3344477781896633
-0.46649149883187047,3.3424301709152835
-1.0652539022475274,2.8881852489356907
-0.5539441483941604,2.0913960434890506
-1.2108688546335953,3.2273353953345
-1.2409487424353,2.4107765390003735
-1.2753237836434508,2.6148871035319203
-0.9336089749677111,2.28709993900631
-1.0100180938798107,2.258601771993666
-1.135387687336439,2.242945826356016
-1.1174675307307953,3.1875855691312305
-1.2855672635272464,1.5369185860642958
-0.5435143211483199,1.9189232514446573
-0.659640562707349,2.1321210498264414
-0.9949575548722251,2.441314262482551
-0.8258500437206648,2.400612567899445
-0.42111811529770127,2.2928179511499582
-0.6112352264907495,1.707428059060618
-0.9577581676314293,2.4998399646203646
-1.1676423477424591,1.980699729914924
-0.6331618516765909,2.2376699666866973
-1.2543937914933732,3.4021134080723328
-0.45973318081891823,1.9027277039593062
-1.0813810027272692,2.195853765427925
-0.7077828854478513,2.099827863790729
-1.0007671264722358,2.61864247349772
-1.197684927044281,3.078970889534201
-0.9849353860205523,2.0216896227820627
-1.0678245626153209,2.601863919274359
-1.2464934162911863,1.759375853649793
-0.9789759377403535,2.451507685007953
-0.8121248246462995,2.926589744228386
-0.7291246998787766,2.5905417873262704
-1.1083366341152352,1.978107981393267
-1.0875462313902269,3.4900804291408787
-0.7860334426448616,2.0714238182678915
-1.2589227321978318,2.3652187518943197
-1.077964622144549,2.1265040769224903
-1.2873077080718254,2.189497473000517
-0.6552573578711994,1.6053489628951665
-0.8243946937193968,2.948842962250106
-0.943854771202751,2.8967929012055764
-0.9688281490332271,2.2717271884199484
-1.1795025245555453,3.1619315823088887
-0.7300470868863581,2.5972135881743754
-1.0249215341887785,3.5387408317777593
-1.020877675587433,2.43768109459951
-1.090269745359187,1.4661887033636078
-0.6207342791635027,2.822079313761277
-1.0812667633635307,3.342358600522924
-0.4641721114746934,2.333200489886506
-1.092149754311273,2.3424698554509673
-0.5321952709968684,3.0632820662968703
-1.1174880786839518,2.425021184637902
-0.6161731856047914,2.3458341280370636
-1.0434642853472027,1.8730606509793086
-0.4794196105726678,1.8632826592647809
-0.9945165877737218,1.7906922573747617
-1.006144162000779,2.679825387160826
-1.1455981423418282,2.2716325422615458
-1.019523908194886,2.274815679698273
-0.9355575577984172,2.3350445251862566
-1.2873471073468732,1.563833208212001
-0.22975460700551809,2.36698801628754
-0.9262538844923414,2.0370630918806336
-1.1585507875334227,2.1901091199913196
-0.898287840708178,2.472281382336253
-1.027476355842907,2.055473563400229
-0.7561328988465965,2.8916073853036273
-0.7831985254510145,2.637680599327695
-0.645515218456728,2.578920018079197
-0.5314453029758882,2.08131571995458
0.23707949867929035,2.243541987292183
-1.1423158575211447,1.7044783857881156
-0.29835340079677886,2.4145467487864543
-1.2396089794822744,1.6990898041269795
-0.884051394160636,1.2991580877576816
-0.8116662912978148,2.0589565592573913
-1.1928979950941003,2.380807315686091
-1.2071833743626719,2.7920987283420726
-1.0450076400669077,2.673358961069918
-1.2662851282082481,1.946873731895565
-0.569621634980249,2.667737634028093
-0.8335957884271533,2.231627099219556
-1.2163818744858175,2.1426428289871353
-0.08096953127530337,3.0339813593229445
-0.8069013882512512,2.425445460731567
-0.569065996352564,2.1477520178748892
-0.6627954497208681,1.553050416890502
-0.6181148658014766,2.3604768040888064
-0.8595316805175879,2.101655736989693
-1.0563019296875245,2.194389794156152
-0.9033897121408079,2.7364069676454377
-0.7826364379784705,1.4990837056137607
-1.0282589657363572,2.2771509145195235
-0.5824551421704756,1.702089635805184
-0.9842486926262288,2.4638889599997227
-0.5316023134001612,2.832137204375329
-0.7895613750885848,1.3391202803156834
-1.1600879992454773,2.973407769066022
-0.31300872688608694,2.4512948891068307
-0.3000658281285866,2.4264990525531283
-1.2506075377962174,1.5993632714359851
-1.0406936006571723,2.325349431961983
-0.5218089134012985,2.6532577085397233
-1.195685883103736,2.7390007571382027
-0.7529925245157386,2.0001094726621176
-0.66792229273174,2.3280834377366677
-0.21760624862099398,2.7547247097561542
-1.2337064308331667,2.4053255803917883
-1.097421711005622,1.9180243572112834
-1.2120969255927696,2.8605344942288227
-1.24022698659326,1.621855400630498
-0.8262737269225942,2.992595823145841
-0.5336201724943507,1.3690448211295378
-0.41108100323759733,2.6360363068427266
-0.029652366563120536,2.6188921081723437
-0.7196070009526463,1.5685788172657145
-0.5376775859188647,3.497190923862637
-0.6444905073336512,2.4023412695496202
-0.4905559884388938,2.329085843966241
-1.015795001490651,1.9281656046607678
-0.9660102961569215,3.3006861378415726
-1.0845699823857264,2.1164963216995205
-1.2149359141025082,3.156861989502785
-0.9626521078720726,2.358932442359253
-0.6703970879839687,2.230082829821769
-0.9559896354171424,2.798764396507762
-0.9356404662747128,2.7841651047484963
-0.8737573995588137,3.2287274330471623
-1.1211783406980564,2.6945995256023596
-1.0692632013886072,2.898964345523466
-0.5567814439288771,3.076873934075966
-1.0034819968720792,2.4134818685219295
-1.1450894257060553,2.503841157074818
-1.0589908634188139,2.997837068946045
-1.1876237013231226,2.2457958106733025
-0.8251212370187766,1.8050504913732124
-1.2683829420052128,2.0421836060280065
-1.0488722700227973,1.6090763763901585
-0.8800967329986579,1.5402162269796615
-0.6828363906694231,2.7152997408739554
-0.9707547985650896,2.346117481986182
-1.2185383337987927,1.3857986869220362
-0.7992220966605847,2.517958096715505
-1.0215940998056179,2.6542476430067548
-0.5023758793958978,1.868967580972548
-0.8865158883288007,2.065821031925228
-1.1361470352278515,1.7923956937961534
-1.1956981384987895,2.5372443703223206
-1.2891149005073257,1.8729034321332472
-1.2480305662730862,2.697660609863818
-1.1512782721086476,2.5031286319812716
-0.30586257474307454,3.338616633125217
-1.0009545173900949,2.4197706235936565
-0.7695662063503528,1.73694175362825
-1.21939497419108,2.3912744652619176
-0.548946405649395,2.2312828001485996
-0.8006707663336949,3.0139153807524472
-1.0837056732487647,3.2784628361808172
-0.8338052105454283,2.233660276825211
-0.8644111960439713,2.796293051221719
-1.10964826379793,1.9540272273009676
-0.9556639764161637,3.1891889197747387
-0.9355869359616582,2.614550929292874
-1.2504533163134965,1.9891048365766408
-0.9493324054521604,2.1767312105024073
-0.6978165174378016,2.5189256428624827
-0.917409449980408,2.275993013406945
-0.6159551553107171,2.2192277670223035
-1.21231685710431,2.113137226164533
-0.8300054203721654,3.2227683374952596
-0.9994520767106886,1.3020727044783977
-0.9102575971683713,2.9401585743125165
-0.5284056250656549,1.9844145622738774
-0.7612585015979503,1.8093722648041073
-1.2217236575830608,1.7096067795272663
-0.8949025265301712,2.9455565187362818
-0.6975541588758876,2.1009859039275973
-0.7759065014801163,2.7573879558621037
-0.7879506951556696,1.840796145782266
-0.932946993227171,2.9447658101800034
-0.4516191084382216,2.1123891228811
-1.0005468218275975,3.274432644524344
-0.66119274678061,2.001443232962946
-0.6144030896470654,2.2501929873795583
-1.1426775136510925,3.232973194323934
-1.2493967445178558,2.4409519599665686
-1.0475710457010086,1.054381046171794
-1.1699656747785927,1.820017835519789
-0.5982831870593344,1.9998430487453294
-0.874833826638995,2.5887378498871247
-1.2243637377608305,2.32524502017252
-0.6918325428324434,2.314802822864241
-0.8758864375964127,2.2932694059604852
-0.6637832830664963,2.56276928764958
-1.1389232503582323,2.4315851958015493
-1.117231980815578,2.195569828705795
-1.2492993781466677,2.184798325569145
-0.7622130296077847,2.3069062473163653
-1.2188597492820297,2.2460938877520977
-0.9135728772782281,2.94768345137415
-1.0739763852655206,2.9089049993804297
-0.39297407835275644,2.123511606296382
-0.7363454331277334,2.1367523654968705
-1.2815859860153227,3.0849296002122752
-1.1526566959474702,1.7070673650062482
-1.1282661863374237,2.0578596947399372
-1.1701630304833242,2.886860030142161
-0.8674506563751617,2.2003402512692163
-0.8580628946362341,1.8215122292536634
-1.2277312201434343,2.150386382406276
-0.49210590535583243,2.8414461441500194
-0.36506718276433525,2.7372191275653712
-1.1198015357711821,2.415516910770402
-0.8515472177710537,1.5219501516580505
-1.1399656414428303,3.1976044481165653
-1.0022309236359692,2.1861401445773048
-1.008430294155889,1.9945899114206527
-0.8516106863267516,3.0385025971742885
-0.9681930077946921,2.838109395202926
-1.1589526994691843,1.9570842092674874
-0.8674423575103061,2.068391625813918
-1.1252786208395595,2.0125727044908537
-1.011896202292661,2.2738442772205976
-0.7110712122552111,2.8940355994930043
-1.0705178187213296,3.1307200230059546
-1.021003796851155,2.36496319754309
-0.8319287786911471,3.0796863708131546
-0.9602710097330902,2.404588095837754
-1.016527951863775,2.630435444459679
-1.0786213856895817,2.4899326934052066
-1.1951124939900966,1.8932782473339964
-1.1868784297166393,1.9429999880713145
-0.7566884825658731,1.6877202765764436
-1.2165592691348572,3.025830370222798
-0.9007944183509877,2.3355764193688686
-1.1483310097599657,2.480086082821869
-0.7511798743188776,2.342436378752996
-1.1201677500693954,0.9435557522752467
-0.49884606524940367,1.9057295130284402
-0.9296553240147035,2.442238583113525
-1.0156444201852262,3.003009525314462
-1.2702728164219645,2.084055906210175
-0.9715911394526844,2.013223663829568
0.19922974792594172,1.9993202841638336
-0.8054181416024104,2.1067225609792106
-1.0780401867161766,2.1997613861114793
-1.1654330546013152,2.89690095237974
-1.0342529099335451,2.518295083206281
-0.7653851928278174,1.6672034755373413
-0.8294368212749093,2.8390450347702814
-0.5320771336425965,1.448128632894901
-0.6245664761514771,2.568018488758554
-0.8236238369552986,1.8241201435066896
-0.6740707923135991,1.73817021677026
-1.2006841759964944,2.111324153713927
-0.6427160146344323,1.672143104099731
-1.2353280482834759,2.821314498279477
-0.6776709025771014,2.1677862087531623
-0.8847804367960241,1.8483770438309035
-1.045260459775716,2.933541301514887
-0.09232211989655426,3.0241297251123456
-0.3403653780286555,2.866769796874933
-1.1826345175223112,2.8524632451326646
-1.040787815109733,3.433894110650387
-0.9187056400685556,1.7960579371036671
-0.9576726022096026,2.2208168828960115
-0.5095547769156471,1.7944016467712753
-1.0326999798069303,1.6762068654141018
-0.9522353815916396,2.2205038339950565
-0.5251609572192624,2.265177847655601
-0.6217413906561301,1.8462913984098277
-1.0120373182512543,1.8600231567591483
-1.0756048407082717,2.132574041213324
-1.1375490130003991,2.6085846721621486
-0.4731410243705725,2.7959413933477952
-1.0285050966847433,1.0409845657319905
-0.7537802900310928,3.1683382039422323
-0.9196012444429502,0.8086445230997676
-0.7380716578235733,1.6410522015911322
-0.4145377984316314,2.4362843334501805
-1.1581329552805133,2.323673817883356
-0.29221535133427035,2.353798282163143
-0.9237945517363971,2.270250051992283
-0.37989931469493554,2.3210616073534998
-0.8955440733640971,1.6332571354518688
-1.040185211000075,1.7826151333702367
-1.0993955946042429,2.674033626436403
-1.2752890406939381,3.147492072167667
-1.0439787741579913,1.9495017530890115
-1.202656424717529,1.538112251702684
-1.22675804735297,2.108406019810199
-0.7768259802972017,2.223622278995891
-0.8201105856175451,2.38924710100572
-0.7287736362688586,3.368145546233486
-0.5422107618516457,2.670019972011535
-0.6134306388029541,2.322412425629175
-0.2831167244594739,2.3745043042923455
-1.2115351358372533,1.8405930444145877
-0.4542219084368816,1.8461094414637433
-1.0925078174867846,2.4738201748771145
-0.8326824986014956,1.8675614992536549
-1.0768394393194753,2.315110584368524
-0.8607454947641191,1.8734978325097507
-1.0708865112033696,2.8781520078403884
-1.261539146241955,2.84282659646755
-0.7949920488368685,3.0233101981525734
-0.2366146022685378,2.9227839551117203
-1.1506295745499067,2.5346527663301157
-1.0913409136316696,2.1793112649107322
-0.8927378841727631,2.977823072970545
-1.0400668408138063,2.4090457228939854
-1.1211600787080556,2.622079183414829
-0.9155671023081458,2.516427259305756
-0.9196112486642245,2.66909236137336
0.1916410334766261,2.921955178983564
-1.0052621229199794,1.8538061793735028
-0.6554614736793812,1.0543015275542094
-0.6097395106713753,1.8649567778454426
-0.7048409593852069,1.212839550471521
-0.850316373371589,2.719358218701346
-1.2659463290425423,2.0925874120683456
-0.6640152803816617,2.006118265343366
-1.1142496074027946,1.978255867556188
-1.2081300372686028,2.229837100177421
-0.6740845217987589,2.1230647998909165
-1.2675285927294486,2.10649412183422
-1.0261939315240236,2.302577806098931
-0.27757900279417735,2.9649045888061885
-1.2298507043938298,2.8785232231711775
-0.23048584426153296,2.2861256877479192
-1.0756254241062453,1.4021964295385123
-1.0792704637396633,2.237827695504969
-1.048991875438461,2.825255529329733
-1.2804100907649238,3.305601929539219
-0.51211311159933,2.3419327309474665
-1.0008039153291894,3.4009460298676117
-1.1454909437755343,1.5406039252466637
-0.9374200710689518,2.505250355674064
-1.2312680973889132,2.214557879185251
-1.1600170819705728,2.685420935257877
-1.2502211154603766,2.174107915670387
0.05339521926037705,3.283516114776537
-1.131067442931262,2.1168849084647734
-0.9828061132141521,1.5422002265129118
-0.4970844238854306,1.8809186078375781
-0.8274759028136935,2.265633925110328
-0.5542602450744301,2.158209518516509
-1.1632893408487603,1.3825281272149936
-0.8143446160458374,2.1961123307384955
-0.37924640345280913,2.3286442281748982
-1.0691738155508195,2.2649668921788644
-1.249195788906481,3.6239664711897692
-0.5454697216684901,3.294239323453589
-1.1463787823265619,2.107078374094364
-1.0205496719238398,2.4443782918803705
-1.2885630424833576,3.286519006949489
-1.084151074778292,2.3736272988105793
-1.2234599617778292,2.7084102814332676
-0.5521567314690181,2.72717976476169
-1.0442416176922968,2.004118772123604
-1.00024834236158,2.7532823607151093
-0.38239652224383036,2.1527000472980298
-0.6063552750689708,2.365424695278533
-0.6495263661696883,2.4806895053152895
-0.8549849029211115,2.289313937743443
-0.5165477121755315,2.0738734353160897
-1.0255206019312642,2.197104522294255
-0.5421716862174102,2.5706930865571476
-0.7683388753528979,2.700928842771794
-0.7728903811411524,2.2796281485962844
-0.49903530583398037,3.049252863342474
-0.720455151056748,2.1718189231910303
-1.1710852970200754,1.260671124257808
-0.9853232461213417,2.627462466711708
-0.8398792745100379,2.034032890020993
-0.6166751424787625,2.7816085879767094
-1.1817669592317388,2.308538962189185
-0.527242583578271,1.9303888750520233
-0.7101710693674449,3.4679163174972327
-1.2017636286052713,3.1758153780005225
-1.2965989093680712,1.4445834203171097
-1.1724572968190203,2.94838191270857
-0.21257084871675413,2.3303236305234165
0.32830475923461844,2.4996524837676746
-0.3883997337983115,1.9547579641011632
-1.2888940268594284,2.3146148846856147
-0.5458606098308498,2.84628647284697
-1.1160729055750775,3.0981765463153956
-0.7749945723804512,2.9595679704242284
-0.9298322309829655,2.7018944813948003
-0.39382421998583717,2.876082854021952
-1.1609739005183992,1.9156819580711482
-0.9612265237351534,1.8598228761378892
-1.1074228007748945,2.8818331238315142
-0.8491445886687243,3.0951430398842543
-0.49881751264662955,3.19295979602781
-1.2525372731055988,1.790673496793246
-1.2275083582345763,2.4345171471544287
-0.9957442072705627,1.6831500146331733
-0.2452067452620652,2.1414015267719817
-0.7540465850649425,2.65500082237678
-0.9869083706392412,2.2597397833113892
-0.5503159102843356,1.7940945693498782
-0.23066724505134828,2.5927380592109053
-1.2985839590796124,2.2764220048831327
-1.119605742273618,2.835153699630398
-1.1082250931094542,2.4549520406484397
-0.9011751750531791,1.5159019191626464
-1.041554202472663,1.778512045514741
-0.9578961529074561,2.6452420762120963
-0.9336086013467142,1.4058033198741295
-1.1071327518418,2.9155843063265237
-0.049101077772500945,2.9814573497239962
-1.0008994541598033,2.9996449426390672
-1.0697631497015423,1.9313507857586547
-1.0473416505101525,2.8270371915548798
-1.0899826261843133,2.6701305372247277
-1.1803205979657223,3.255069752721844
-1.258611621827971,1.7159810288602084
-0.9017565419952144,2.7700201120074657
-0.4979712319661872,2.1225870459628435
-0.8481941495125702,1.8003905580791808
-0.9704203123220091,2.785438767429069
-0.955304023108599,1.3599100147401832
-0.6755119193387383,2.634929297831321
-1.0248580348074696,2.3660626347721894
-0.9642495591408147,2.879093173949824
-1.2028428533773683,2.5318674777985333
-0.9494289454235926,1.779484667666214
0.1800391377114854,2.109207524886592
-0.7874192979774058,2.3190796111985765
-1.1766059096612747,1.757500502771744
-0.8016690755681415,3.131551220473896
-1.0809132819459022,2.195108870884876
-0.7105099188048057,0.7714191312937988
-1.1718276858956627,2.20658401160221
-0.8893690924754428,1.6680758215113891
-0.7673755057336142,1.7599283394357084
-0.3129315088837844,2.833391119260117
-1.0198165628332962,3.1787044651323706
-1.0797147141161814,2.45140049302925
-0.1043081490206732,2.5128566818544753
-0.5346762341590435,2.870548471363268
-0.6800880925396664,1.5531012305494407
-0.8067509197234269,1.9279414013827636
-1.02867804572317,2.622140756078008
-1.2837958171739752,1.5820017460380034
-0.7582120511168893,1.9563476053335769
-1.2818778043339971,2.793750072250991
-1.0405144473458923,2.0379980822487926
-0.7791018835114292,1.693289091937671
-1.2649946395823104,3.075473626134393
-0.24325849480628214,1.8047383008233664
-0.41761919499694133,2.3015119817604246
-0.47094020747374865,2.5742365759823223
-0.7734836290091688,1.989614704509232
-0.6425686802005963,2.550169364443622
-1.1626859577841697,1.434724090023568
-0.3601250709543937,2.577722009305024
-1.0976846818742114,1.7013934719158845
-1.151773493750151,2.445023529452779
-0.8915900627789595,2.4766525613660852
-1.0420647968927486,2.104282024221063
-0.8875582878614756,2.8486525378323617
-0.41417435008087056,2.222883997498907
-0.7003260986130687,2.07589912545504
-1.2306369564618334,2.586330870539026
-0.748782802069017,2.63895402900631
-1.0772493988600096,1.8248312002145954
-0.6745886742598726,3.2242490250184677
-1.13469575147935,2.622610014359653
-1.0340243090766112,2.586509715638363
-1.208614849354139,2.6274920389967895
-1.2177094590089943,2.2942081845071334
-1.1924395062897124,2.184710436147646
-1.1166092271561436,1.57754055674557
-0.7025304724304797,1.9873139739245318
-1.2851885029378245,2.7983850064146334
-1.144172696180352,1.8463534518893017
-1.241515374538815,2.5183092444762174
-0.24726854677870302,3.0129331882804333
-0.6362046710403707,2.169030477571194
-0.8665333197158149,1.984190865175154
-0.7856094451158111,2.434728090266002
-1.1438909285353591,1.8618051011910999
-1.2416260399008918,1.8612088998136467
-1.2229073975484976,2.652143902625111
-0.668131854632593,2.3519328004866065
-1.267295094884806,1.891609284484442
-0.04697524246521234,1.928423689006212
-1.2523013364592068,2.2180588813124715
-0.719711254815158,2.6490983960798795
-0.9968819154497901,3.0502670490859476
-1.1847633943437517,1.8804270243610883
-0.05681423015154796,1.7579767117397833
-1.1438100042959323,2.614749655250022
0.3117454596102409,1.84831447555298
0.20684307054229145,2.8406809955901955
-1.0246393561702707,1.656044897721982
-1.1414322372350654,2.866272100240827
-1.0021332279534243,1.970686931345583
-0.7555493083669849,2.2327317766030976
-1.1279642033509807,2.690820180450343
-0.8579281929894914,1.9527361101416731
-1.181341442304957,2.651740694267487
-1.0517991740115753,2.6340531792992508
-1.1856089838040538,3.0871038458677402
-1.1793132474024204,3.508837258798608
-0.667375240387188,2.0460570427821096
-0.8462685553819496,1.6651525977252792
-0.6420276953304348,2.8730444577964454
-1.1297335115585425,1.984438336408742
-1.2358315431696345,3.3985071586391173
-0.9644897358950926,2.4564571020599115
-1.175124816651063,2.947977499127467
-1.1156084482512598,1.8367152356530472
-0.9663374979639433,2.7312516990036686
-1.0829489749219843,1.8400787120627666
-0.8698884643993321,2.2179772853300204
-0.8025555378070435,2.397681402619101
-0.893102009507782,2.531769599454387
0.07979018593872134,1.8164604496678372
-1.1114025773902112,2.472289704730721
-0.9370100571529254,3.19637615579454
-1.0391226333781132,3.29075683056636
-1.1253464852985315,2.267839905763264
-0.7210381118812158,1.8942712947263054
-0.989249796515847,1.8706657533913913
-1.2134018661642751,2.4782444628206743
-0.5250046662968945,2.1029050346527387
-1.000502969148145,1.4523063136273895
-0.5378703820089927,2.6557828446133143
-1.2155938747515964,1.9304359377055706
-0.667107023531406,1.858809007093163
-0.9221364409721075,1.7538251986054976
-0.28279968572716296,1.420912575505489
-1.2527103369040926,2.8681792930466825
-1.0007857465582435,2.7255314744181742
-1.1486622090998475,1.984011460857174
-1.0942745044542133,2.9424411419584127
-0.687943915236165,2.229279781962782
-1.003790502004647,1.7667741627350986
-0.981799392881965,2.835219116131419
-0.7404075840466777,2.155087217989634
-0.9349673973035558,1.6117524079474221
-0.9919571385442174,2.465590704429139
0.09970356282153126,1.6445967903851901
-1.1584743408645921,2.9259917172124346
-0.7861768161836391,3.247661367828292
-1.0092256758703362,2.3570045932745085
-0.9186857828143784,3.5593303216226406
-0.9615155859340778,2.4164531351973735
-0.6986282397716209,2.225791005459297
-1.2969045138330726,2.72255809671509
-1.0363633133595453,2.1624338851474
-1.1917946765772305,2.0404209965529545
-1.1917286784545031,3.0067629653253647
-0.8126750717536033,1.904707517234693
-1.0293277950475923,2.077036897448137
-0.7589956266476698,1.6965224645620385
-1.0579904575755799,2.0850696789881624
-0.6748404083447078,2.5983047579537577
-0.7016558058416055,2.5657288193341596
-1.1599160002614373,1.798595493425988
-0.9884370055107803,1.8242157159693164
-1.1243837932297267,2.663651215773954
-0.05775121569802644,1.5199717464920595
-0.5185411659397516,2.672708283142328
-0.5094252401163964,2.4957086693483976
-1.080374610074096,1.805387875947091
-0.6043115620159581,2.9778994474531224
-1.093714640169207,2.3099743979001612
-1.0346371347235626,2.2152626229756236
-0.9813483636185618,1.758174629809266
-0.7972132175733789,2.0085174298753525
-0.14374541014535036,3.4219830562017606
-1.1691637274913231,2.4613004592017846
-0.9103610359052527,1.8265919727120283
-1.2395891522715614,2.3387656396384693
-1.0196551080878828,2.3942128679449692
-0.7590879465191804,2.3599218368290797
-0.8475009899128312,2.8861038795139335
-0.3333455510445906,2.284213592230819
-0.9607398862179948,1.813102165268066
-0.5499582531673392,2.798184182442194
-0.728970681578484,2.922744134790565
-0.8309450594219843,2.2576503583212606
-0.7555089794778092,1.7369247125852216
-1.2767715329235962,1.4559788854053055
-1.0809080183865323,2.2839433714472523
-0.7586694730342957,2.0177226363161944
-0.42979526736262197,2.698995077735686
-0.8548035763691226,2.4739385527141757
-0.7334288808591349,2.9488555996237964
-0.6569945973902371,1.6857636984343882
-1.0606001181793006,2.3382263842571342
-1.0501599645199513,1.98362541199325
-0.38098041459130283,2.020481676011122
-1.2612524166328183,2.821645243009274
-0.8892982891247943,1.987299035836007
-0.6549257484567635,2.7791177172850996
-0.8381531545499257,1.9725180912923377
-1.121453886375124,2.3655705750938103
-1.2366673133036312,1.9057791339928245
-0.7513188429896336,1.9718360386737774
-1.282152416712633,3.404762345580546
-0.9373305942574561,2.2255079097576678
-0.6737734831093275,3.4141220888490373
-0.9516439238135471,2.152129125715461
-0.48364119175119136,2.241609502241077
-1.1957203591642789,2.3009295699782633
-1.2560949486412263,2.0173322444330357
-0.27437009986590755,2.1164569589095836
-0.7323073043825675,1.7159936328848309
-0.19975784335232127,2.305696737816595
-1.24717020450389,1.935609909599728
-1.0049385851946444,2.515666141251111
-1.2364500302018586,2.307324321137621
-1.262307754274075,2.9064788911502575
-0.43304034616417497,2.0257264275842193
-0.8518672012889386,2.408986334236101
-0.814680994613184,2.3276245834141953
-0.6969261994386873,2.389122445511441
-0.6792854716844433,3.178662416250738
-1.2376694304296212,1.5130280706436827
-0.8457101045308928,2.86567658586532
-0.7134570635605461,2.9200876200480916
-0.9347984800549474,1.6702950913648122
-1.1364811350377513,2.784896004043178
-1.218970567568643,1.6510598387425945
-1.0066812421222873,1.764623889397917
-0.9194326350148312,1.573499415371849
-1.1822433642350016,2.6626836729194587
-1.0160343724154566,2.2355281439761274
-0.8891206228711683,3.1496379382373862
-0.7707890308835736,2.440111689701389
-1.1707663249912232,2.8901495642918826
-1.2890960730879115,3.131825116424982
-0.42669975801901183,1.9453158940505868
-0.8876631392120395,2.57763662304621
-1.0519547403350706,2.818864901339296
-1.0426825128843569,3.1820639768728736
-0.17615621327303166,1.933222863193143
-1.2529026611951186,2.0201948307019317
-0.8399641362940536,1.9911810473964262
-1.1403231296013723,2.4401676460442103
-0.986310548415727,2.176516931098462
-1.264341725603294,2.627707035697208
-1.2542592942816244,2.4042130017985834
-1.0166914718856104,2.6069872808791397
-0.9592087505444409,2.985742151472179
-0.5661093122901508,2.9195175716733734
-0.6302529301010628,2.2645617750402094
-0.7586686205730085,1.6985654943007873
-0.5587431269056305,1.8852718613834898
-0.6174677981445164,2.0495925210761246
-0.6388576071893588,1.6621395018235199
-0.9905418527247645,2.1251437829771866
-1.0126708572023986,2.722196681190006
-1.175361234274168,1.8581544641667191
-0.3303034428120494,1.8457362502758135
-0.5532619431771634,1.871180804141653
-1.0978859595469554,1.8548630104023944
-1.1756490344344916,2.886330735297573
-0.9385511345063293,2.0817305659652114
-1.2317951927096527,2.6224603467392553
-1.2951284950950297,2.6828972291888027
-0.9511653174590753,2.211246484271049
-1.0107715317538413,2.177718711102656
-1.1506210830705066,2.9202353407157418
-1.1128275611620653,2.226100488212817
-1.1327728368041015,2.891814398422671
-0.8591386137511124,1.924062069235234
-1.0566102424302217,1.464471314328041
-0.01982928002602291,2.2148967663429144
-0.9387093713069681,2.157505579867058
-0.7252807118373334,2.6477650406532347
-0.8833918984909248,2.3789038527698194
-0.660777719805815,2.0736476985484713
-1.073521271548726,3.5976878086290283
-0.8506090636422529,2.909371180640785
-0.6343642851547056,2.414223550505122
-1.1430395178297519,2.902384662090613
-1.1237147175547764,1.9061119862397744
-1.041150666170143,2.7293766594462814
-1.1582124291638656,2.2154737357927825
-1.2031167865294856,1.6939396897786312
-1.0755161805974651,1.6618764112834743
-0.5643711800210662,2.065119458121302
-1.2424933224357828,1.750069999650476
-0.8280179135785928,2.8767619627951073
-0.904550253493978,2.7078279277125143
-0.8264417477368728,2.0031827083200278
-0.877521461459608,1.015596262610568
-0.9358105104817515,2.820331027479698
-0.7178217346276919,1.462822733978455
-1.1480952984379675,2.3482416318101875
-0.9023519290912041,2.5661960529254593
-0.47083006760620016,2.199981611132984
-0.578554755088805,3.044253940359179
-1.2409751997739495,2.830810670487675
-0.04161534377867149,1.9683858987914624
-1.0042971640371623,2.922794117292937
-1.0701047129120342,2.1626741749584997
-0.2521715052065646,1.8149090289901046
-1.025871301657616,2.223006951442219
-0.3035512419294548,1.9803161599742065
-0.431683808195211,3.7786929971519605
-1.1772046138508458,2.5711815164851397
-1.2843583943157824,2.6211359624554618
-1.1239630391712288,2.710943400978415
-0.9893759137249879,1.8441394452147248
-0.43003484677702686,2.451293804605617
-0.34914918861174793,2.68663220162867
-0.5809384114959522,2.3499134126182772
-0.833694083605711,3.0259565702548588
-0.6084890525464145,2.4491946132087157
-1.1367208831312683,2.2039351042405997
-0.9432556985279879,2.4494037486895026
-0.7756642666786489,2.5198046540427708
-0.902158323649094,1.8296611028629717
-0.9880903413658552,2.856216613478488
-0.9818005003006369,2.6956708405224803
-1.2164676379247044,2.345416203163208
-0.6083550947865777,2.3863395280172717
-0.7662526488386321,2.8157194328003925
-1.202817842473588,2.241470844257752
-0.8976802741455885,2.455341429364754
-0.5112001195137389,2.848188508042843
-1.0951957856037113,1.7556506664761322
-0.7573307502767281,2.0921194455350434
-1.2259551063763348,2.083322266116173
-1.167863524996668,2.149729230760081
-1.0755810055254902,2.559611157627386
-1.1781935414944578,2.7975273408181804
-1.148875700859724,1.7051027717942058
-0.6380500977621433,2.812136310252374
-0.7948370742178749,1.8471951717916253
-0.737598001171972,2.2218663695184717
-1.2162536022909878,1.7828825937422725
-0.9985240814622606,2.888863657388992
-1.0455427883730872,1.9064912219540284
-1.0373212976619868,2.6980528251458313
-0.674447057725777,2.7263749898771072
-0.9387991750995768,2.141706448606464
-1.009006548983383,2.2511255045135687
-0.4887017526497687,2.330331976513173
-0.5082782351739393,1.8752001312582651
-0.9378345759426507,1.4834663155562515
-0.9103987413456847,2.3835409804122984
-1.0934973378347224,3.0879621873667396
-1.2319388367200343,3.043635199220224
-1.0780446987928578,1.7090207164332836
-0.6961256588595528,2.47481005301571
-0.8139243716308622,2.296079020630838
-0.5759350393526135,1.797122405042662
-1.090299698429061,1.8820350155592989
-0.5940328621386263,2.4190994562795423
-1.03586734470317,2.835236806310715
-1.0128354686355567,2.1055680587886076
-0.8480126714588332,1.7867430548450391
-0.9589130590382682,2.501476244905297
-1.1011567334744656,2.80876316931668
0.03490019048699178,3.2484010492219464
-0.62949581544745,1.4356416379142196
-1.060077301888183,2.0331673508873105
-0.2089047686990284,2.710171490614596
-0.3460328338508549,2.180531447767571
-1.2933525788460818,2.39020246738705
-1.090266589693537,1.4965677313694472
-1.1302758001558337,1.7815316462090818
-0.7195593339474071,2.2670164786757105
-1.141726681404743,1.8016322140334289
-1.0640762178440162,2.8378319691328078
-0.596423806171695,2.3047357636274306
-0.7298243610222472,2.4668993779702526
-0.3622239102372411,2.418270871159125
-0.6043912511475593,1.7345023203145247
-0.7032522838682947,2.946206307387775
-0.5893135822907154,3.0236860777278967
-0.7129155331845973,2.376260177699975
-0.757274011847548,2.2855237245859854
-1.1113125156069508,2.898669023015903
-0.7484000313316371,2.697676703098666
-1.2986612093496785,2.0829755533816283
-0.7251508431626025,1.7975508985565234
-1.0092965178913877,1.183469951145787
-0.7841380829499482,2.182256287432457
-0.9366737162754581,2.5797150775551474
-0.9622676707295639,1.9898051048679948
-0.916602257252825,1.9932192695762727
-1.2143878012828355,2.1729315766667625
-0.5698695990452958,1.7283310598935024
-1.1116844271062218,2.1606947919795547
-0.6158471275436032,2.264841899289156
-0.06210673625372776,1.6088816439685847
-1.0442695207868864,1.5037432441112744
-0.9469389471198209,1.5564127391672633
-0.8454198812492559,2.6108727291312412
-1.0447281888305138,1.7933358548856038
-0.8520334362684558,2.925464952294186
0.10472233826135224,2.36506816636839
-0.8056359659987533,2.4329690029412934
-0.9672078114047435,2.944198023071332
-0.9911037785122602,2.544258601324471
-0.603267613336938,1.7609063686329094
-1.0156877691974624,1.6843797323131353
-1.2384234087348223,1.9214390502625316
0.16017968753845424,2.7591708727341704
-1.088410406116223,1.9120871476898955
-1.2048011611698073,2.9600070996695673
-1.0768244594990295,2.7719127835600026
-1.2178967339532867,2.5218815777268664
-1.2134346407864247,2.072925985973298
-1.0761951033826709,3.1484337146751225
-1.106172751285715,2.3721771539342384
-0.8740195581609547,3.1270194933443864
-0.680686543232964,2.5005825200665526
-1.0804323093359285,2.551285123534003
-1.0270718763704767,3.105795526195509
-0.7273842043858355,2.5453392743268304
-1.1294627406247828,2.6937850431789716
-1.198701962022729,1.9313951016653195
-0.6547864442841493,3.0975476387363194
-0.9778964275500479,2.278191805639197
-0.951783664336129,2.2232345494528407
-0.4724442219170726,2.7161536573139236
-0.5138022900668753,2.5139308689037554
-1.0423163099084936,2.1659101814475794
-0.6655993168512165,2.1978621715456494
-0.8327306427918177,2.3239385513680846
-1.2376236784368224,3.0590643435689535
-1.0903822220686694,1.9902971762364112
-1.1982333347233463,2.684112357489827
-1.232352971962131,1.520350556406795
-0.8547244346352084,3.65147327731514
-0.9242003677550599,2.12318198020658
-1.0765272953912068,2.4519351735661687
-1.0608180804265679,2.5487389244998724
-0.2947373539519149,2.0988253309824882
-0.3659986257220027,2.7926756076582655
-1.1479756268175925,1.4174813567323297
-1.0258563166392234,2.184807314972971
-0.49187987688337265,0.9932763430852651
-1.2447802157929744,2.386222797957469
-1.0278145692173934,2.6075783475822223
-1.0274770975819127,2.1311599948142614
-1.2609762279097962,2.3646574827468076
-0.8698015577609997,1.4682546285572795
-1.14068391234512,2.734437400641921
0.22292494121771456,2.041240369458441
-0.9539263361854318,2.6358035277420404
-0.8305955208511315,2.3461913823089944
-1.0822452276210333,1.8293059323400036
-1.0246161039052106,2.6573240805009903
-0.41985706539994916,3.036402022568698
-1.182784508103835,2.4999475983134314
-0.97041640744081,2.5853219609585976
-0.6507162985887397,1.7098554519799518
-0.9703628796822306,1.9171114566305303
-0.66315760232168,2.338533196671409
-1.1594250644339568,1.688326015789467
-1.070173304302723,3.0515623060403443
-1.0471779257456348,1.559751671183188
-0.7980996469565491,2.174058904094054
-0.06266159002079141,2.0648925137912313
-1.1563617494432998,2.611978122976341
-0.8148167045970416,3.2466038748898773
-0.771001451634018,2.5563123554853258
-1.2187155464569093,2.7794926254880092
-1.219747789794162,1.472559520149817
-1.0126156634735044,1.7651642546234934
-0.2631250658587011,1.2590290261911659
-0.3832087254331963,1.7682368401476392
-1.1001338795893028,2.307035043011659
-1.1984269522252207,2.853659934598963
-1.000705472345099,2.2286534262091737
-1.2406086500438813,2.6670426788814017
-0.5928634632842297,2.857398491329813
-1.0989332960830063,1.8239138096942202
-1.1405538353158566,2.511385421670828
-1.2938586654214914,2.01388128888504
-1.2929561748892244,1.9760594617666305
-1.1672587120536762,1.9996225948506592
-0.7164458925809775,1.1105444790100474
-0.8159274629478594,2.8246763775982213
-0.7832036075796391,3.558266173499819
-0.8351057943436844,2.339991377565469
-1.1388871067445574,2.7175977289027355
-1.1917596156182837,2.158723602365393
-0.6109424348162706,2.28894298866124
-0.25166163130682484,2.4961997719075244
-0.5666107593175277,2.632752205899829
-1.0726593260598134,2.449456377425793
-0.5782708903719193,1.3154747266794258
-1.2261583763395727,3.125349946744355
-0.8796689735188097,2.302237216469538
-0.8776058608409809,2.8890369445677857
-0.7556029187017087,2.4884572981666455
-1.0163294987617624,2.7276763405587734
-0.4363352785441622,2.319425619307597
-0.45982673954520537,1.8999245357277774
-1.178583869331557,2.3623871020845226
-0.2524292069898806,2.1505091274373807
-0.9060280166537453,2.2352787845643163
-0.994939074812967,2.35026447196336
-0.9298436205355058,1.8184501936835427
-0.6485155063890902,2.767598884434156
-1.2765784778419462,1.7356909404780256
-0.9378415744066622,2.7623567852686635
-1.0368287331090744,2.712640515871215
-1.1205961512112939,2.0292235319328595
-1.0637103022655698,2.043900990730137
-1.186078570945583,2.3241157690056733
-0.7362372814186428,2.022469706977199
-0.8763967927688618,2.7184827850633777
-0.7918027166468334,2.4421365622946465
-0.6919018516963859,1.8790639586265185
-1.0949617267776448,0.5105595490104435
-0.7193801194557884,2.987258780856846
-0.7953567107233044,2.617103627576355
-1.1640011194070192,2.6413268503964105
-1.206131907989619,2.6447303141586884
-0.783343683052577,1.9828854786322265
-1.1860137143190672,1.8775479377883129
-0.1290624290301705,1.666964888338243
-0.6707867744035747,2.3582991376442775
-0.9660952600945043,2.0672635676762017
-1.127125614074218,2.9258038213465487
-0.7363094765371782,2.640145030336001
-0.5769026200869738,2.4358807291069344
-0.6977063246500422,2.3137075644740595
-0.9607847269265973,1.9029119382483346
-0.9562039174882982,2.9840235989300212
-0.9561672928897725,3.0121845663993065
-1.110548166489011,1.387978324717037
-0.8590606227300273,1.7110247860804728
-1.2041272612138143,2.225572697817689
-1.0606786217828983,2.623322040770178
-0.9692999619332796,3.2315010153346453
-0.8353103784272728,2.7262312099426147
-0.8350071462886997,2.782220921609852
-1.1959882586726847,2.0302088272559224
-0.9218476256975969,2.3703945232701455
-0.7431367744840507,2.447261500105688
-1.2250544180091942,2.952893914559649
-0.6766451500746431,2.684483663408577
-1.0677121901015483,1.7019557592182009
-1.134541538918253,2.6772556479048464
-0.5078438207051619,2.674231697430819
-1.1583126077305186,2.7471693407152236
-0.9698168735622681,3.008198460843335
-0.749109466583388,2.146649077795348
-1.1699546882516874,3.0024581904378342
-0.7861020414860057,2.4922128434377937
-0.6432898120277643,2.851041571134136
-1.1211241421485632,0.8670651076511295
-0.6470735992874828,2.879769587048893
-0.9104452133346483,2.114178915157139
-0.8503765460654492,2.681444622212447
-0.7660009078289591,2.2445071939175727
-0.7604591774507407,2.4468676994409315
-0.7351107077567923,1.245257518801546
-0.7901306112035487,1.5946335248670924
-0.9170066457618538,2.509441007211666
-1.1870868643029127,1.2756580803030921
-1.0715396811282685,2.0215199434989573
-0.8626218344596057,2.5632284225767665
-0.10437665727419199,2.0030497953448587
-0.7255798243337415,2.5376501234681195
-0.6962824358235725,2.836128443520288
-1.0522716515897437,2.385189472072286
-0.7911656066553969,2.5079007795175516
-0.7265756557454506,1.5218338838670094
-1.1890096836927735,2.0017498313669435
-0.9995000172179622,2.3504336104569665
-1.2507793911592964,2.0385740094050515
-0.9031488741298666,2.3529521333019936
-0.6549323124025612,2.0797270908276846
-0.5102666772797676,3.066242600961661
-1.2052926306565883,2.606728689849421
-1.2077564263465845,2.016269972558276
-1.015252378028836,2.449130639430554
-1.0030814896535842,1.8937649506525132
-1.245517154922143,2.112479740222611
-1.0476916207286024,2.357940613256479
-0.46732305432765164,1.587687081686437
-0.7959300653606958,2.3189613993661893
-1.0230938193370158,2.6404805352374776
-1.2045527037301347,1.6961495710818082
-1.1018345814404036,1.8490736676795019
-0.7320516111513182,2.5944573281196357
-1.1024370836043822,3.455647286927248
-0.6247042455046778,1.9640492447980509
-0.7556071121457018,2.9084125392669176
-0.6954054115684238,1.7725879578885335
-1.0426358390024906,2.5576024317367985
-0.9186585912311758,2.127774573457118
-0.5866939401665276,2.847478737209104
-1.2400370620256587,1.7463654389931298
-0.46775173134093884,2.660425362135335
-0.978718244890337,2.438865979882325
-1.2574991567948646,2.485027041681736
-0.5569641097982615,2.2793818265680628
-0.8186116677774721,1.922027591216724
-1.0360384922268253,1.9374848726825475
-0.9295787229476122,2.5197077518720583
-1.262275048943498,2.5434626803830302
-0.7832836379630976,2.689095977025198
-0.8601220255574289,1.7492955619192503
-1.099500505909996,2.079454059388353
-1.0660166905467854,2.655282970373326
-0.5130824345703293,2.6979493970128883
-0.5378045366874381,1.4678895139881087
-0.6666646925616924,1.9626279818750179
-1.296166106384812,2.506564766364406
-1.2448923288086458,2.137722846258654
-0.6617030508122981,2.2203119095190798
-1.2380963456950185,2.3055178476640985
-0.4971729204681554,1.3252274125226744
-0.6376380137968282,2.8669338630486916
-0.9062239405212366,2.76951899179306
-1.0508926743151144,1.9455635823914612
-0.9569571898652839,2.747470813231148
-0.8769853311441,1.7169873536758131
-0.455337277153402,2.6714206285141717
-0.8346101815109055,3.1448223830349606
-1.0259961221954446,1.8549393718564553
-0.15543189020175685,2.5853143017514535
-1.1994879277055086,2.1695960981285287
-1.0942363800910555,2.0961357236985134
-0.9415494145195329,2.175645314570722
-0.7291072406730541,2.1581484097763974
-0.6044727126057976,2.7869098949153286
-0.9541877545553932,2.0926919944694324
-0.5652682269660512,2.337690407452319
-1.2714673523177085,2.738163812184454
-0.6916777697524423,2.6007920638297723
-0.4365834684138471,2.106569905369095
-1.2668525535529076,2.613864709161498
-1.0988349230309056,2.15320405580051
-0.333761900753633,2.296959480989208
-1.1234868044973232,2.7173792847911478
-0.6325749269282739,2.6605040167978853
-0.7097779000357838,3.2468807106543274
-1.1183145322221646,2.0056194968462293
-0.5796039147127289,2.9140012456911517
-1.078717287218285,2.782600223019319
-0.9738150638508004,2.91150133677579
-1.0677479438208288,2.7684329656873508
-1.244302629031386,3.270327399770492
-1.0322008082557785,2.2186548781957005
-0.24878104776270304,2.0863614598508065
-0.7866257708466176,2.5359564518586257
-0.5942799245279325,2.316577875463217
-0.8042410834726779,2.484895687532015
-1.1576517515983757,2.515280645647415
-0.7800329718307284,2.3734236545972105
-1.1811837604049482,2.576797247780426
-1.2154138770965308,2.7845066932806946
-0.8274654066326343,3.0228796190253835
-0.9423234197418717,2.78220438591383
-1.0173775210678995,3.1494815493095865
-1.0488632153634059,2.8850140488305316
-1.2953355907558046,2.0668213671280005
-0.7720889123589418,3.0135254663784616
-1.2985929191052066,2.724081171042917
-0.9471586367997762,2.7061121411406117
-1.0551665103968038,2.7564708432296965
-0.86506646060584,2.4888828118431587
-1.2714541144082323,1.6753958512757072
-0.5424962256871592,1.9074226694981857
-1.125768642728133,1.9508812619351403
-0.5186641383631361,1.6570034992262446
-0.39196169759941135,1.862825231999623
-1.060921570600025,2.027139026345037
-1.0541892160106887,2.6823934085847894
-1.1696271512133198,2.731339609185957
-0.9743264667629855,2.147005414305881
-0.6365234548664294,1.8877527902815778
-0.6528556109219598,1.9816225405150922
-1.1255243513568827,1.9318751720057006
-0.8288539594076472,1.621166232419632
-1.0713762088060297,1.8115617243799607
-1.1218693399353774,3.2961631294130003
-0.19740865362233917,1.695612681632724
-1.0934417909590737,1.8344888537472057
-0.8808892491136784,2.154348071372909
-0.6117294563207653,2.694312849354951
-1.0149317288664883,2.6646405524264294
-1.1377500022026568,2.5668814125070334
-0.68377908435553,1.7782998296644457
-0.6364070162255104,2.3763669752333807
-1.1427534324823179,3.67405558847069
-0.25373281378592194,1.9030330992674118
-0.8356194737360967,2.65730063147425
-0.9587081292856068,2.731751881095316
-0.4828473254259569,2.4491893253492267
-1.0022474811797266,1.2494094501701138
-0.8921942495014876,2.631140005179077
-1.0689558801355865,1.703891188277181
-1.177144069134545,2.158351405610582
-0.6407879592940681,2.109043447863617
-1.1943508837793126,2.3968675081744255
-0.5072107236504833,1.823706075716896
-0.7686031261099584,2.660810440600705
-0.29789512436154864,3.1786810098020952
-1.0486918188002663,1.6960707214524664
-0.8241764789522246,2.7906752390608918
-1.136235604946496,1.5493374078616056
-0.9558132098271288,2.7689977659392784
-0.15838321786428744,2.033419312669111
-1.1218294453285516,1.6239400100778352
-0.9734018658503496,2.702066026899426
-1.1687259574781375,2.5358406545206904
-0.23241697975693665,2.783691373212774
-1.0374674956637706,2.0532304052825943
-1.0747240314650708,2.61838486768627
-0.8055434805941333,3.0656976254468384
-0.22617761602484632,2.189481630589085
-0.8677786861679653,1.5878934322284979
-1.138542575296173,2.2894728695031277
-1.0064321161687337,1.9501547495185265
-1.1510574806655716,3.250598505797235
-0.848774623687051,2.5780900840161047
-0.8340046358880105,2.5686376545342586
-1.219490982541399,2.5219955026438337
-0.9595024904087892,2.6600789835108856
-1.040281696746979,2.14921664381128
-0.9021140114839132,1.5501033467690535
-0.6774463480042289,1.6836339687749096
-0.8443567130721428,3.4280489817580566
-0.7665521815856993,2.9331304521742942
-1.0906139117584357,1.9917597169738204
-1.0031555956857163,2.1345805076968642
-0.03059452275399277,3.392307384198536
-0.5884279252731209,1.917739532046299
-1.0099209663256938,2.8542118989922542
-0.7673022128702616,2.554558392156542
0.18038263861928705,2.7671864902500407
-1.1525494272905403,2.846104954831602
-0.9551338572891654,1.9952015716960414
-1.1333571843902905,1.7118209063421042
-1.1863058005002234,2.6004873286905483
-0.6804968638644235,2.58556356226999
-1.233178018715921,2.036634044980449
-1.1037123001045617,3.749904240772807
-1.0660919723205784,1.337886016356928
-1.1103990185048243,1.5156395666456983
-1.1642184317684185,2.1555982431863705
-1.0243540297693103,2.651417558443536
-0.828020866495888,1.6562143369147768
-0.8757809326766994,1.7754467548993484
-1.1340137511238528,2.522562109837915
-0.9909306780200059,2.2942914551704536
-1.1191561661417797,1.803778037285202
-0.21534836782644873,2.496336079368133
-1.128383904933669,2.1361550654478973
-0.07002779943814308,3.0533062986764734
-1.2569716678837672,1.6816218722806617
-0.3581119167397644,2.684072104922882
-0.22926209511402718,3.1248185044774615
-1.1933667105856522,2.4283970666635306
-1.0286393873385078,2.4224986267738515
-1.2234982428233994,2.8680415206067584
0.21026951229387714,1.8120729731439615
-0.6813954109640412,2.347227164868244
-1.07363417911331,2.6629344072810515
-0.7035389446427306,2.3669408707619293
-1.037008141694609,2.1817609916284617
-1.1922385220077398,1.7748657749167993
-1.1290692954110588,2.6434849917742262
-1.0148842873392383,2.475410552022375
-1.2153551921309502,3.070893622266138
-0.9795934949769612,2.6757619372716914
-0.833115851737291,3.5656257094032036
-0.6662540665836386,2.705481067094417
-1.2864094425547639,2.6666223427568454
-1.1139263577668201,2.611709716435148
-0.781950036612985,2.842699920908297
-1.0927435325551902,2.9391319869821846
-1.1554072341124353,3.1497169383568084
-1.0847548654005106,2.193496752798313
-1.2688683425588294,3.067798840706203
-0.91352198747838,2.624104631396923
-0.17558958235405164,1.9463987635810773
-0.7986103989166082,1.950725057403502
-0.4797905648615922,1.3101164754763992
-0.5203819029181119,2.3879915723688634
-1.2206679225205084,2.364052803105674
-1.2279969619710829,2.114120699284173
-1.2417522762431232,2.8027967707028956
-0.6800045339212777,2.4067036120922767
-0.4880454317196924,2.5108798555066447
-0.6010879385138841,2.1081443950811627
-1.1411534954173133,2.159617685954969
-1.2571363195641154,2.141068965750136
-1.1986508726251184,1.8624921561392536
-0.8801008147513817,2.6961362468693735
-1.1377261382778303,2.5492690060197094
-0.7048106671902603,2.74224379322873
-0.9308786749222995,2.754584899423589
-0.6377149441232407,2.769431823620023
-1.239924486846913,3.099740400763007
-1.0369697196784164,3.2841589397539415
-0.8946798271701835,2.064484449755805
-0.9296225827744051,1.8429392830637652
-1.2632750898712843,2.101868145023768
-0.8823612386637576,2.070778322003655
-1.034089146003191,1.913993913514745
-0.6917321430378827,2.4575418613656494
-0.6016037252644413,2.815113005356061
-0.938010986152874,2.7896027483918204
-0.5522236912958643,2.1576617576025665
-0.3410917786032134,2.2595070749224737
-0.8655609677445784,2.562341796167982
-1.0930055396884935,1.9298576229969275
-0.8770913753779184,3.075330700886646
-0.5508358449978044,2.9438459193713578
-1.2840797364772012,2.8784525958210008
-0.5592882645184212,3.3794556080815505
-0.8995339867049914,2.666715738649006
-1.1398874133191184,2.3671755899549507
-1.082336605089504,3.165400708657658
-1.0601965441888628,2.519267631687717
-0.931006963223195,2.6182785155317627
-0.9194231562919513,1.6811883567119437
-0.8904094972761598,3.0204911375299583
-1.0767948049726903,2.2076727895001316
-1.1096290060893548,1.967845100251537
-0.771586426195569,2.096332625701154
-0.591533517454009,2.6863022260858864
-1.2919048028297788,2.755041807777066
-0.5743384484572561,2.4851028414429663
-1.2778518148465157,2.590867096428269
0.3934266358491645,2.646597869786274
-1.2102078236013285,2.6377592710394704
-1.1849659503058938,2.590052753002884
-1.14871064694514,2.217121898350596
-1.2869663521796468,2.8181237005144903
-1.2189779625230746,2.435739852391032
-0.5899702306381572,2.895633639180552
-1.2234429146803536,3.051426910953532
-0.8305760871033406,2.4907561979338637
-0.9010450053538325,2.2847188426769334
-0.408524824046134,2.7019435425685447
-0.4665259500253697,1.6435424522496607
-0.7401520899995756,1.9060622173998178
0.21132340227483892,2.7315061092774378
-1.2629481745001476,1.5931958182789172
-0.9395415893096708,2.0089904744906226
-1.0632447275336665,2.2705820622397894
-0.07337619480610158,2.2902518785513037
-0.9580052498203617,2.8901714969228207
-1.111066876945112,1.9786009995200935
-1.283791597771736,2.9699575116466965
-0.3739039422195388,2.553583498311995
-0.6052100377484619,2.3172365810737796
-0.9571722303771073,1.9597980313943189
-0.6427130159459361,2.4160310057083176
-1.1545253943578628,2.4365175570862028
-1.0197420598317515,2.1929044665222164
-1.0503767035076133,2.6804573632167052
-1.0647844732862235,1.8719713869142218
-0.5327372751523181,2.4347290817836074
-0.8447286363211817,2.47243645983793
-0.6550453908738371,2.5266575171445234
-1.100484089466333,2.6667183508051284
-0.7401642643292898,2.2654819152238876
-0.7624277753410391,2.45274260560439
-1.279077614042031,2.1656747311578206
-0.5287387257966607,2.2235555229292507
-0.8717384149063314,2.717997753021629
-0.6668250522092501,2.531302889102426
-1.1809766806250193,1.938326294740143
-0.7978567449839902,2.695490419943794
-0.8437223278677198,2.628703034075763
-1.0984650262441544,2.004768508241048
-1.2215452072917667,2.0009855880885965
-0.33760767857036134,2.1176904567176646
-1.0087582143779752,2.3203241267187793
-0.49370321834960007,2.4720938215737043
-0.1935866562655093,1.9920234921772784
-1.2214941589134407,2.1823005313346795
-0.7202872091337265,1.761721411880796
-0.8732435101704681,2.0460839286084163
-1.0655427238019486,2.203723269339436
-0.5869870197365422,2.1322030725347054
-0.7045219856585043,1.9943813540610664
-1.1678207203393407,3.507987043502409
-1.0063193175581142,1.396862153937814
-1.2800424343520613,3.1082074032545597
-1.276438623964823,2.3567622402943105
-1.154167216375729,2.547127105434463
-0.8598986872853877,1.0675163790597975
-1.2083672537846017,2.299197205338859
0.29006589484403755,1.7006308384556639
-1.2955893340302218,2.0389755035575456
-1.1168440018150454,1.5295136573252406
-1.2427048053991052,1.9695138222429138
-0.9409330164816114,2.9029106247124
-1.2687051740811262,2.711936729576528
-0.2313180921850153,2.0339425981844244
-0.3633187710821101,2.3206829670884166
-1.0350182644910662,2.1462204110677225
-0.8647393260983065,2.494301184406869
-1.0741222460561581,1.6206695965089675
-0.36847757757269906,2.8261817096896853
-0.6391646741627046,2.071759616258019
-1.030920594942526,2.4005761463960638
-1.2867008958680135,2.5579443953744883
-0.29319873536729846,1.356466663753447
-1.2388415730874633,2.7314920053287706
-1.0991452459498556,2.0209404838741203
-1.013445629497529,3.3051730299626585
-0.6769850486751602,2.044543676277212
-1.0227218079398737,2.8065829634307784
-0.8763202290572739,3.447932229818438
-1.0052068869944777,2.28000474122952
-0.9143679106315309,3.2081326581804945
-1.152379071402664,3.2125554951118023
-1.2936743842644403,1.9848102108492955
-0.0899708842786664,1.670830539763993
-0.705246869452332,2.198140196975727
-1.2158726612236892,1.6267719276946782
-0.3191230150704484,2.258135297288105
-1.0780168396576792,2.356187466247245
-0.9829217853533092,2.3053557110618135
-0.25853915631017677,2.8873501356337616
-0.9821327327549557,2.8074117000986423
-1.2771367198933448,1.9160063540070835
-0.5884736194854432,2.6130285215725446
-0.57083186230755,2.6452254390525574
-0.5776326504573878,2.6916449247292746
-1.0920240999688868,2.134493154444554
-0.8022674463616785,2.66398607819342
-1.207356677320775,3.3728646784788214
-0.7667884965680383,2.177674938437195
-0.9596050830132448,2.279009440230305
-0.937210149397048,3.013939933068017
-0.704458079048977,2.5542840202311443
-0.5376728958759607,2.1817623055777466
-0.792979018041325,2.320705516934554
-0.7581291439574724,2.1865988614872034
-0.6567132943721168,2.293104251360449
-1.272811772476188,2.3804457384079694
-0.2718958495095629,2.219737588131247
-0.8672219059711064,2.851901014308099
-0.2811562719635847,2.0392643856557
-0.039825083769551295,2.038747543497484
-0.8540834506814228,1.8342838633975345
-0.8233769031043392,2.431821620072455
-0.7043611005556819,2.12519342607503
-0.7937465979350238,2.1232705774846172
-0.8614995590528709,2.6315414785705884
-0.34863921492750194,2.3982598131938344
-1.0876837098713854,2.0949055609664464
-0.7723984681950338,1.9666245155849307
-1.2797260344075618,2.444437624922084
-1.0739633060997036,3.3476315022755587
-1.2096386109592427,1.9023790881272142
-0.5284299578310845,2.093043004628904
-0.23264817902769352,2.6009828425928516
-0.6406314333698271,2.195455612842873
-0.5999435541455111,3.0439147652785614
-0.8348636911170675,2.5251823087025587
-1.1087094022994677,1.3585326934618172
-1.0239992437221486,1.5634501609738174
-1.0697270933834533,2.162405554150768
-0.9775657197432241,2.6512345622162004
-1.1060997264162107,2.347756309748619
-1.2003186240456802,3.036335308406352
-0.8495792192040756,1.8257159364850917
-1.1613936044852913,1.6155435242048157
-0.8042387647632818,1.865165138531327
-0.870259223238184,1.9900799720456106
-0.6834906102480777,1.8229602578982649
-1.2160938782195863,2.8863479205117173
-1.248935851341313,3.1611713645952504
-1.0786181751495536,1.7196053051664257
-0.7207070987524409,2.6018487652341014
-0.09420010624318431,3.067687807412448
-0.5197122945955124,2.478820424230628
-1.2886668829732972,2.0645858106466943
-0.9812176843011204,1.9489051237416775
-0.7541706282907652,1.4724011062820739
-0.9955223701702873,1.6541179083228976
-0.9578901824618398,2.550529438755554
-1.0027002167304873,1.6941531815603927
-0.9874004129080338,1.7568111454507545
-1.2414146217830475,2.168915140225165
-1.2908026299530055,2.4190668816916845
-1.244207183710056,1.751381518127338
-1.1673539872986065,2.0001831183176932
-0.6844830292377871,2.5956137592003135
-1.0944824814551342,2.045763793121595
-1.1451069946843975,3.116165013649453
-1.165597790064708,3.0962765430822183
-0.8442032600232214,1.8966516844664638
-1.182742977205877,1.6301519124619595
-0.8595175295355291,1.8651070638367535
-1.1871974235528788,3.001083851521941
-0.7644790040798407,2.661391032474951
-1.2654916006920565,3.0145666074043365
-0.7452291846286379,1.810667627971082
-0.672074257046034,3.2280120573368762
-0.7762425334461125,2.369186616419031
-1.144175621214737,3.149977290367925
-1.2187731771956403,2.575924450463808
-0.7135636201408584,1.8880938693516403
-1.0588882395670214,2.294199950981702
-0.43082482290326896,1.9924527350978058
-1.1139893872885782,2.4165971562584985
-0.8144798876791848,2.953393512096154
-1.2657242920999785,2.4112534085683506
-1.0808569346007304,1.7562553747113545
-0.7222225128231945,1.1737920860302777
-0.44436462276734046,1.9467190070890577
-1.1759356944194934,2.1098310486705856
-0.8852102727327441,2.7306783504770626
-0.8117778132978812,2.201082002748145
-0.804017203570576,2.2552542992979716
-1.0470811625798278,1.2533337738176331
-1.1805904915020888,2.7614622591209477
-0.9690378473793988,1.7087100876455947
-0.3389992632431107,2.6730885416836343
-1.1286131941971989,2.333667356013361
-0.7242144694671212,2.1095498213375388
-0.9487236410138856,2.7182330169552515
-1.2404545724850107,2.8732683420988256
-0.9502385209967241,2.015380389953315
-1.1256191988267956,2.630749799074597
-0.2338190295384115,2.5516298693593225
-1.0420565485803739,1.6111307884293766
-0.8509806799344921,1.4872463174040425
-1.070805218019821,1.376498237116719
-0.7618305943363731,2.668255949491443
-0.49790286137985196,1.9276357731092597
-1.20625010258484,1.9706502219098998
-1.2325116296184289,2.580565216247558
-0.4491591589349875,1.771840214097796
-0.9134619724358037,1.4083125289324219
-0.21320047220201088,2.4027274937680665
-0.5322071444893605,2.975972849648058
-0.49546754728137,0.8703053386837647
-0.7880469009595095,2.4361444822391665
-1.2872839145759996,2.0832537989647393
-0.9006324816318987,3.5623816641989485
-0.7481690546574578,2.095508249012589
-0.9589505851028396,2.0451342186404045
-1.0005155949565447,2.780273351007741
-0.5093421682580741,2.4664924044139975
-1.0339295817374488,2.615157826121292
-0.6862829466475469,1.597925055573659
-0.8638117870493458,1.8890206991247371
-0.8325029055503077,3.5176417275213328
-0.5493973588747927,1.709740621411855
-1.0308500128855553,2.2011105851045696
-1.1645255142546642,1.9132518532130536
-0.9290477728984912,2.304345086089827
-0.941446187987622,2.119520726899512
-0.743485720821793,1.8776353073164624
-0.6867455580718206,2.433473360115539
-0.8974995518842065,2.922202360944418
-1.0696567402906871,2.6110398527202197
-1.1796095996447271,2.681885430715621
-0.5161397965090451,3.104342135942337
-1.2018387004194346,1.429679517561638
-1.0835304527921752,2.9598216568125753
-0.8486722617618695,2.4456638085689892
-1.2378829293581206,2.462318007198532
-0.8556661611963505,1.4424197692971865
-1.244853852434989,1.9447964768654524
-1.1888595863342073,3.1720621114413885
-1.129076356434001,1.9588069233836534
-0.9541394808285062,2.667453311642074
-1.0412816860000198,2.4227749318259653
-0.48946972475634887,2.606537605888705
-0.5569485179678605,2.506719364742534
-0.9102233912430868,2.3336373107702553
-0.5961230347516308,2.395643365454437
-0.7612429647666157,2.324448214718232
-1.254235482231834,2.1969158659090864
-1.2734208638661326,1.5790763396171066
-0.7417106170371981,2.460767381643285
-0.3432260308079096,3.428603739731652
-1.20057237086293,1.437502311364669
-1.1892903424721766,2.525227856616494
-1.0755412131539623,1.6275467950725107
-0.6094969842751183,1.848584292873448
-0.9640441054284824,2.0534879848726413
-0.9337351271619551,3.4473914758859974
-1.2696526308139395,1.8606465212373398
-0.9522467552505658,2.929186333605416
-0.9029461978220579,2.9133651558542866
-0.9273996952730197,3.1079539480658145
-0.7911733666277152,1.7827856507020545
-1.0103608480833648,2.2452139984166335
-0.6933195352757467,2.4420266855845494
-0.9714229533142758,2.4272094853765522
-0.35089406368348286,2.118770172456746
-0.8885447304301262,2.9890495927509106
-0.7004716658573314,2.2263233191526335
-0.6117351720626225,2.769479501161106
-0.8187806711829336,3.51616770744672
-0.7394349673628033,2.3775844053732844
-1.0167301557746014,2.4017783645543616
-1.2378414939643525,2.3441523394375663
-0.7291541554560318,1.8911308116599752
-1.2025836178594485,2.279315134063883
-1.0995089623468954,2.447513817503671
-0.9718272878873364,1.8599513720662817
-1.1684524068705748,2.8045306464563216
-1.0609420366332176,1.3270250868846267
-0.9292838237984256,2.5815408312187067
-1.065267805460638,2.0726611439201035
-1.105022222624496,1.9033525800211655
-1.075131294038108,2.968058657557766
-0.4997136213275466,2.0105313481630915
-1.1210713639454093,2.018573621529467
-0.9730465308237009,1.5714302924797887
-0.3696382349515961,2.846001952503021
-0.7576229120013207,1.9821501366272827
-0.45753287927724096,2.80145204571822
-0.8665183068692976,1.973452921496755
-0.7227836355797213,3.462778062609206
-1.2289249979145724,2.681593181279177
-0.6343769375068046,2.478259326838394
-0.6500594206494652,2.5214481768714423
-0.4221380129918716,3.230275109166381
-1.0861650881173042,2.0535636421459853
-0.7565601928335284,2.264068099910699
-0.771292465565559,2.1762746082197313
-1.0927039140078632,2.8461650996643457
-1.2273833557964253,3.1225129168680104
-0.6670303418647964,3.1284588273756855
-0.6235508725837803,1.8704996792414237
-0.5125507237333788,1.9584879172750882
-0.9494727095404629,1.8479949414126604
-0.6596263871065065,2.628042871351858
-0.9757484997048258,2.7832682920324525
-0.7568506880086477,2.8542705575334018
-0.9283176421894229,2.3389301019514424
-1.0791033590223191,1.682851813093728
-0.5107523235330185,2.2652090275273036
-1.076550665699798,1.6701061950415168
-0.8392309634468962,2.8320670399686385
-1.1890151981375559,2.3486828063893417
-1.0947916627036918,3.3638291936542215
-0.4437202312579017,1.7919634111964386
-1.1644311828386504,2.3799633612288194
-0.8470005224373894,2.397858455379089
-0.7420143342586485,1.6483850722739897
-0.8271157637663267,2.7730246806218104
-1.1859452119750844,2.7496090955802712
-1.0125929084949163,2.261967785863946
-0.3116399770009989,2.205132754519176
-0.9095257428635468,2.083717106181951
-0.7822584801156266,2.18607941520369
-1.0882705003981614,3.717272405247342
-0.9381855143130373,1.994296823680034
-1.2140041540700712,2.0641306528084105
-1.2904452495004706,2.5307641881233187
-0.38190391095683995,1.1197319663057133
-0.8994832060976936,2.3174538957471253
-1.0850501555757623,2.5649293164405407
-0.5915432626693023,1.7280901203457097
-0.057093433454249,2.386093247803882
-1.1244758926844753,2.3005322573593103
-0.21447956072717567,2.2296504789685194
-0.7550293392768865,2.5336212719132787
-0.2632542149898307,2.9245530817505028
-0.6019360182235727,1.8511270949348968
-0.9044431365831177,2.279198828292262
-1.0301050747788265,2.0381719472808104
-0.7108098306275561,2.3594722752047645
-0.786984525070991,2.9187832903078403
-0.9365176695647899,1.9195266933186725
-1.2416845690623153,2.6014620587655437
-0.5664517488192744,2.2952202129787502
-1.238294763181759,2.794007763667212
-0.8415237047822255,2.437560961368545
-0.42358449126857345,2.832665497942312
-0.8263378007179294,3.153194871972249
-1.0599481983646115,3.3756324938036917
-1.2728894064890008,2.105757212892711
-0.33285235182889716,1.7090810720752496
-1.067353305818291,2.14861207528219
-0.8232784275717144,2.429164354490945
-0.6669244601728221,2.7507149448493378
-1.110172704941625,2.984368477016651
0.024489866683951256,2.8450251936123063
-0.6190864557189873,2.462930109263741
-1.0398152728959655,2.9481619253182614
-0.823809057739971,1.983471768175941
-0.7194682702743221,1.9991486786668422
-0.9873040633170072,2.7088812564025435
-0.8874678274308532,1.981885381163
-0.8142573042420811,2.17864509056295
-0.859161491344666,1.5800443604492074
-1.0315725156439899,2.798767792391002
-0.6210365350150527,2.904119076570261
-0.7642785191012207,1.6552175520215215
-0.24964944346257223,1.4883310140049169
-0.24021879104171406,2.7701582779618605
-1.1254084144871286,2.6369593788158197
-0.749153006644353,2.2710982546905405
-0.704218954162649,2.8727822302172656
-0.8722410829603511,2.1912682704611024
-0.4835888515814102,2.197143066827844
-1.0289864172397865,2.4222673348377244
-0.8892933310927975,2.796321728450837
-1.2152405913380844,2.73073782839305
-0.5742879875225043,2.1273179681645256
-1.1632856611998905,2.3061257887745032
-1.1619861155944526,2.2329822154800536
-1.0825313158015102,1.8261509287534445
-1.1868531990570708,2.2969707249999916
-0.9048291724686166,2.498903399304593
-0.7236769563665479,2.3247867176495793
-1.1594029082622153,2.7404529696869884
-0.7133976017048318,1.8700101389100392
-1.0106315668238555,2.517135489008975
-1.1850648391768006,1.910795570516026
-0.7869262853289491,2.0367700134777764
-1.2619762781153248,2.7347871157517356
-1.2465369932635735,2.1464284886519835
-1.2296411335106692,1.9328696243055716
-0.64647094152797,2.4896464811990864
-0.6979706508897024,2.0259763960105537
0.021714277697753692,2.761087669338482
-0.5726861224874297,2.848085257019779
-0.6379914996504841,2.645767666922278
-1.0269858054553946,2.5007266828259103
-1.0729975599464001,2.358898695240246
-0.3903330499296812,1.5502140104626339
-0.29487627322387366,1.656285598929325
-1.0727343339678166,2.006436964772161
-0.715340232257119,1.9280369348101953
-0.21450396584302056,2.103906813139059
-0.8491350161156026,2.4196748504642347
-1.2675511198520508,2.051520028126763
-0.9480438409989093,1.794120443132842
-0.47441474494159497,2.6185586058778174
-1.1028551797123203,2.7724975969515455
-0.507946221127639,3.1884334712275133
-0.7469658664803471,1.788586031417386
-0.9277309863330088,2.946412893279416
-0.2914031396140484,2.5795920158203236
-0.9858550226339682,2.1229543745793733
-1.1138529600256997,3.015705539493173
-0.22638600315448665,1.7014919711140986
-0.6387342856292287,1.374882580613755
-0.9134465716232851,2.241302110585931
-1.1103740459805596,2.2044872239063147
-1.1010824026703507,2.339517312894085
-0.6326194498363031,1.9936418931120001
-0.9255299970559976,2.5429316685629173
-0.33516756709680284,2.7907139079941494
-0.3761048512010089,2.7307155940558485
-0.9559158115130852,1.8666491312310975
-0.8874912733607836,3.03742866126831
-0.9196790130743759,2.025043941793095
-0.9576482363407653,2.87834981590587
-1.2787033855844434,2.3339914766393264
-0.8947487992923127,1.589154822819042
-1.023462402539195,2.7078239052042923
-1.2376540187273115,2.6361091222303648
-0.8380831386276804,2.5259082126786714
-1.1624329743826765,3.154973219322799
-0.9384234055118859,1.2616830595775983
-0.9802242595731663,2.208748473050285
-1.162713741014499,1.9082597797590677
-1.0358964055644777,2.7745607098031897
-1.2564110963884303,2.110450818887228
-0.10194478405699003,3.255732189413491
-0.8651163458170066,2.075769081537904
-0.812697084151216,2.183850345947364
-0.717184094566643,3.186279995597778
-1.225164914467881,2.578670979824373
-1.1383569252618315,2.4242768895309843
-0.7911185455377394,3.043488320613535
-1.0149146326366336,2.284010095833673
-0.648362806157968,1.4862734762376144
-0.7861414978661246,2.0193129759395054
-1.2269584015715693,1.7632999521738886
-1.2470315500776674,3.1343835758199874
-0.7881632004379704,3.1795738491823373
-0.8486802605329771,2.3120799296009036
-0.7878786486556837,1.9032076642875424
-1.270602876057842,2.170260115430895
-1.0326177648827612,2.3158513684592505
-1.2938812689432995,1.9186277195117003
-1.2201552650902796,2.9538504235597016
-0.08629931965673565,2.3837723955877577
-1.2254927223847707,1.7605813030047517
-0.39570985256315994,3.151041131568234
-0.8336458830693922,2.441425987950799
-0.9958655636468912,2.4884845625032077
-1.2213592284961154,2.9425674166641773
-1.2395645454781135,2.1293113502210597
-0.6299464346379207,1.9406895018461776
-0.6589411776207592,2.6796321960846456
-0.47126377838398004,2.3930090565691575
-1.018590624609524,3.109868756082693
-0.5794982926996282,1.7224057245203235
-1.128761681646216,2.5224117035818856
-1.0881338698198364,2.1882012280397496
-1.080072442995869,1.7615308722469067
-1.0863401642657222,2.656158857934738
-1.218339745504837,2.5647395958044585
-1.0381473245637944,2.9153978773012588
-1.0232596368270686,2.868909081889093
-1.187800650200637,1.7779036250517644
-0.9480811849550528,2.678478186171707
-1.0992942309865172,2.999382883512873
-1.222132530768198,1.458218737496027
-1.2232503593930573,2.5794814907177126
-0.6977612780732388,2.6198451955343645
-1.0311839699373957,2.1082753134773404
-0.3326519110409405,2.543306934742428
-1.215930066890142,2.1965535417746005
-0.8550568533312715,3.366758781117289
-1.0887674361380706,2.339906760532123
-0.9728457362062384,2.684575779934673
-1.020224904454331,2.5269845566595674
-1.005917346482887,2.7948637894943342
-1.2681520011002976,2.5934695533262975
-0.9355442030718566,1.6056077432799274
-1.1081917960137506,3.0207278026657756
-0.9217700022077482,2.237787267811849
-0.7880979849667422,2.2180752207493915
-1.1702586655984692,1.9402734712098888
-0.8446229836099739,2.3427541834502126
-1.1583230445100603,2.9934291922475116
-1.2022540561249437,2.5826521139284875
-1.0333435328428902,1.491851035933104
-0.4945169807847627,2.713179725479451
-0.2114511975729516,2.12909312732447
-1.2416986034961208,2.0519479863063648
-0.7395523873839052,3.5366000579347006
-1.2509424107122915,2.1849257324960716
-0.8060534341488945,3.1412820971767257
-1.2175135658736496,2.851155502537661
-0.9213639304297165,2.5768595686868494
-0.44244047325359115,1.3736710723508843
-1.280104635181513,2.791373175951295
-0.6892150676553953,1.674986478247177
-0.9951334388926546,2.495488609877437
-0.8418245488480367,2.050966705257636
-1.0075961317831557,2.4524624904303014
-1.1389790947053613,1.2857013155000678
-0.7010653073320301,2.529465437333185
-1.0046309733239165,2.8326004739793538
-1.0203289362267947,2.508471286181834
-0.4830658994571305,2.0742023707304114
-1.1763023276635567,3.0534369801293746
-1.0438428657503858,2.9301297045666734
-1.097498895533914,1.9971084502027652
-0.7954270135451743,2.09295755060944
-0.8863690649878919,3.0909436004886186
-0.5779667842943734,1.636862114864843
-0.7531859232742274,2.791051878539803
-1.2031925100846053,2.407583647412024
-0.7398925549154739,2.942215141686857
-0.9816770452212129,2.6647134820312472
-0.45433481367828843,1.9157796296818403
-1.246693361644904,3.1177257858199963
-1.0316760864842691,1.948590910406278
-1.1379873272475498,2.8095738474493195
-0.8896557718230429,2.4982151358445743
0.6913299666065706,3.3936139396513085
-0.691285219770931,2.759591336406854
-0.9275018284452365,2.6072498518363734
-0.7269600746223825,1.6022698564769728
-0.4378128267017175,2.951696142727177
-1.179085225080509,2.600359769023851
-1.0998005253422685,1.3698983753812584
-0.9641293171862583,2.8596684129922343
-1.011690326711788,3.5550023424730712
-1.0819721946338081,2.5089509928863514
-1.1826938727627732,2.975497329299655
-0.7048241383253357,1.8232107953348935
-0.37106394213512917,3.187144757125704
-1.1015220992872352,1.906054494717859
-0.6587582938038344,2.625768057675708
-1.0893175294312012,2.4665564383744076
-1.2338338913922697,2.684518775845393
-1.189433593682742,2.8893822885571545
-1.0648573330382614,2.70086525488083
-0.5725535958785806,2.6698819555169
-0.8257745835998649,2.330062831517909
-0.9252457640522698,1.9021014080056757
-0.802663779241255,3.0224382972657575
-1.064328025508933,1.7139265396598096
-0.6159909380151732,1.5758738814777724
-0.1872972217704869,2.425418393212462
-0.6220864157933368,2.743038891408884
-0.7379245306740922,1.9325461854951702
-1.2254594219199144,2.7688622175980635
-0.6019076206241565,3.2236996980330663
-0.8354467069927218,1.9159611216814247
-0.5512730998636732,3.207377973421653
-0.6768225309244638,2.642058764709813
-0.9816485878901494,3.4897295526876966
-1.0731228302130158,2.222579658524411
-1.0726093964964964,1.7387642038736137
-1.012155426394569,2.478176118668749
-1.1034157618626836,2.89976615071763
-0.9639515312356823,2.2937869804764834
-1.2808257532350709,2.6210732693294196
0.5037292422167843,2.9777252507207947
-0.9929553912381588,2.2835161165368136
-1.0397809726941132,3.062718701913459
-1.2670245053867142,2.229286912533993
-0.14560524773852923,1.270410926981567
-1.2943246874950949,2.2245821050476584
-0.9675830670372054,3.237446653006698
-1.0227100549350512,2.7467607133310907
-1.2784788314064994,1.8107795959035955
-0.9144279695086728,2.031885774686802
-1.002474984667822,3.0531526456245315
-1.2861472183066822,2.095938658575291
-1.0392560867993106,2.1038677812382103
-1.194770899386297,2.0711392646691746
-0.9747255960582091,3.0333070067553822
-1.2500444005674276,2.3260611245921576
-1.2640174860268996,2.4741919818713876
-1.2261636344557243,1.5966389740287417
-0.024543615414731823,1.7896235278563608
-0.7709140239341783,2.830426639029962
-0.9258740791675761,1.9231432194194875
-0.9805506050320985,2.305038517505333
-1.0537763410108858,1.9353732085207276
-0.7983852064760216,3.053804743309855
-0.9382993053169522,2.5924847768951236
-0.9678940549397439,1.9843289830153554
-0.7259979737966177,1.4933752580437354
-1.1638205160025974,2.631723699118862
-1.166280158473635,2.288658676338925
-1.2642774625501803,2.1823350331250793
-0.945731661536841,2.0244213438976115
-0.5460208565877023,3.1121539241886884
-0.9797538106348351,2.4041799291956494
-0.9179046194916427,2.116329499748525
-0.9594557472646836,2.451529604059959
-1.1269549737866094,2.030881491125218
-1.2932451703199777,2.5499937014293286
-1.1598305690323456,1.756764737520934
-1.1740208514814277,2.447344691638306
-0.6994129562477329,2.428549878800296
-1.007596451110496,1.6051887412094166
-0.45809047976210704,1.8736314758194559
-1.2093769053153034,1.465208555563227
-0.8753603134949816,1.709046814561759
-0.9750725843647161,1.980971443038829
-1.004254889221039,1.0330367032083654
-1.2289634955455337,2.884657953990801
-0.5766335028693598,2.40195951166931
-1.1220837265772685,2.2201708623686605
-0.8873009111930296,1.7101236870785943
-1.1899629175786781,2.361319194745038
-1.0938889396091054,1.9608250394349485
-0.9250776498248219,2.4360206715706845
-1.2021099559897932,2.2462345477835868
-0.6528674625236092,2.558363084605676
-0.9349872842356459,2.916187612608516
-0.4168918432511527,1.8355809770852547
-0.72380459212942,2.4777776571724055
-0.8713075020343617,2.001183257016836
-0.6528758473502133,2.4072419744620412
-0.8665358896033644,2.899244802262991
-0.1669598429968122,2.3971834875073057
-0.9388905734243451,2.5980634476933098
-1.1595907409543649,2.3447961105981436
-0.6994329215977517,1.7151382370827823
-0.5419509370936643,2.763148267863383
-0.9717999623344746,2.1175702896056587
-1.2263283030189243,2.5513355964169384
-1.1682779854150749,2.195205363017465
-1.163420129174873,2.74420166430285
-1.00669920937195,2.754271026324312
-0.37326385189043076,2.9915835097352033
-0.8591965867813953,2.3557685269844106
-0.2546264904157698,2.945556434247954
-0.5934198176716332,2.8358387104798393
-0.8372606895653736,2.4334238827253722
-1.1293133672918751,2.8963004768327774
-1.2204741556928798,2.6399971248583456
-0.5484434414768745,2.1458908359371724
-1.0563205552882704,2.513596968065715
-0.28590644817197075,2.190917580160819
-0.8074386766888115,3.0313441330809416
-1.1149465424137601,2.199822617164544
-1.1313142607340936,1.8181769341066971
-0.8046559644581808,2.6355503396979967
-0.8971830754285604,1.390047017132936
-0.20142698947769633,2.325747903455833
-0.9362559242496007,2.5489284070384226
-0.9467440783543712,2.233750948395048
-0.9652551993398901,2.0488575954664876
-1.1600919761729385,1.6063986327592459
-1.1940022110767532,1.8494323006471807
-1.2502959337228998,2.0584002702065103
-1.0718734304344801,2.7230264617382645
-0.8035339588790233,0.6662675080669058
-0.9741335886492875,2.566348571648213
-0.05846959230170423,2.4377216511775317
-1.1108643120664117,1.9303680331769082
-0.8675609142001679,1.843399363442425
-0.9281168464631986,2.23987970946972
-0.26418805569240633,2.633297096565531
-1.142623293175346,1.930197296920711
-0.3899471561142689,1.923865617031837
-1.2245786142186008,1.9669883599181008
-1.1929394550565955,3.074998818752705
-0.8928447417032399,2.6302831714517767
-1.2321868939462306,1.773922778268986
-1.1632416836717934,2.358300901944693
-1.1136468550965712,2.730075245391978
-0.6260220394274505,3.1495315376461326
-0.835043272346478,2.28537104505374
-0.7030406295202731,3.005940491988479
-0.7352038482731407,2.685896319776902
-0.9450392041108735,2.512900367487017
-1.2929378846960657,1.9669124754712461
-0.5594975547760596,2.7754408560314108
-1.292035631865636,3.1519511402434928
-1.1555292314877503,2.203702232098661
-1.136778034824756,2.714825269770334
-1.0453721025051779,2.7224735762743677
-0.32244063925115585,2.244526984517548
-1.2064063834264236,2.840144363883793
-0.33172860941849514,2.4584676160079093
-1.1333603008084012,2.2270239007831774
-1.1766053958889526,2.5276661997533076
-1.2306868140930713,2.218602274355693
-1.1524775230006725,1.9656359200340736
-0.6520192692528121,3.262862017666245
-1.142736183786543,2.872903130197484
-1.13769652606855,2.8055846696880855
-0.5841458044029454,2.8691843264096546
-0.7428720764894665,2.856763328977266
-1.153357443745955,2.887315249977838
-0.9569279529272261,2.4360711021604105
-0.1388088967026666,2.7585603900756
-0.33867530445485816,2.9676239980818364
-0.987151498354131,1.6788027330993542
-1.0645216805036712,2.0774269824226232
-1.165593094810347,1.6755119172605646
-1.170788743795101,2.557424970422359
-1.2510341652008021,2.2770694843909314
-0.2867448185196574,1.5890730624042477
-0.8462941704822677,1.0948620646268754
-1.2257641067449863,2.752717693730363
-1.0456146021997679,1.8580854923794186
-0.9688267828948736,2.629595448745874
-1.005040772598933,2.6557386632783326
-0.8379565639881418,1.8650370405834629
-1.2928820584639389,1.9893340562063901
-1.078565702412353,1.9223401495527555
-1.1103623046279232,1.9056026405005015
-1.259409321837123,2.8571483672011926
-0.4178317518055473,1.7153146348811
-0.05510082487281642,2.1024406731133674
-0.9847519055615477,1.8571853861239256
-0.6271299815713353,1.7487169355288281
-1.1290744514024826,2.1228971973523603
-0.5843104006968018,2.4769850923742203
-0.40252091235069376,2.212927329766021
-0.5465587428348838,2.226309283722789
-1.0907992899416525,2.0846701013539626
-0.5798746248273426,2.8976715160568274
-0.7696471441657055,3.3577862962492233
-1.2825635313021748,1.8682059330608758
-0.7374089408337982,2.562840501036428
-0.1230960624149342,1.7400826418317012
-1.139221140799867,1.7176031451343023
-0.7330740569455727,2.8974958030897957
-0.7990431878504086,3.006147535343676
-0.35143688698253583,2.8216923634158757
-1.0661796271253925,2.5786225650007073
-1.2577294049940564,2.1118388440290023
-0.8843298189184416,2.7712944485643005
-0.9077165402744702,2.8893115678683303
-0.9732321350409339,2.3305369170446917
-1.2107396716820478,2.3741068305469977
-0.7150706797224005,2.2587521710423286
-1.1823711193396285,2.9180358203636647
-0.8074092015387428,2.6687504539266587
-1.2175661161873248,2.148251233023027
-1.0852647116376022,2.0888446616321494
-0.972737899848515,2.265618624069837
-0.8910333307441267,2.8024799036540675
-1.1405748102203281,1.259806439130187
-0.044208184983933085,2.3541870258959174
-1.1107322053458455,2.576103895006635
-0.5097658870418872,2.5980175134745993
-0.8100921990441186,2.5641925801103658
-0.7696575912233797,1.2503283302287456
-0.48773172406426113,1.967016980275867
-0.03144819890268513,1.9373497827782054
-0.735679349689904,2.4506424162304286
-0.8670440934339738,2.2198761705915917
-0.2910528317247463,1.9644331292988841
-1.230066696628157,2.3159185732974716
-1.2505402107515486,1.6828101578846564
-0.5992409036631801,2.5902386164344056
-0.13244588786279454,1.441400691715301
-1.1951972574669145,2.6803961984985616
-0.9042178220806388,2.169757932923765
-1.2592539789731085,2.162899769258306
-0.7824204182886214,2.9314626060132243
-1.058832500645655,1.9874893124512876
-1.2991126518721803,2.6502788018008028
-1.2594625697362203,2.3467894248863197
-0.5649102051910933,2.89370520636715
-0.4220795364250721,2.7269625827711153
-1.0973585834522548,2.3419312478544914
-1.0959179973679987,2.0640521562213925
-0.7746821747106711,2.7508262768261136
-0.5698973210899386,1.9669020339488663
-1.2682395522029957,2.426918657644268
-0.8733725677758617,2.0479642550383286
-0.8188613745620897,2.3882398164327303
-0.8055183655042675,2.426517761792754
-0.807068239486276,1.832866538938045
-0.9059661065786411,1.9028794137692002
-0.9051423894037758,2.1817543515758815
-0.8269071961563292,2.8329652002142325
-0.8815614867182239,2.9278484895230297
-0.5896535520114606,2.2414039509994685
-0.6615429267168226,1.8740470338722677
-0.9931065078724567,3.0593739100767596
-0.7677398496455106,2.3558733914420427
-0.9542493406758519,2.4241359130399407
-0.8155218276351371,3.233677628236992
-0.632225768566079,1.406062870550444
-1.194183636420015,2.0906008204872606
-0.9581190703196725,2.1079402970899173
-1.2820910952436535,1.8148318780516317
-1.0995181879073477,2.437341659231506
-1.010250689671598,2.8262497265723354
-0.3023787425899931,1.7491251932283611
0.12925192305882272,2.4273660894212385
-0.899058496563401,2.566155335557001
-1.0328506937289719,3.205401404430143
-1.0622128180685193,2.4577433512788183
-0.41503858158801155,2.7695922947232146
-1.1340679044216295,1.808045188313221
-0.3884778759440264,2.3811475798119717
-1.056208392963796,2.3811785132279293
-1.2650795592692292,2.9768535945570624
-0.5512923868105681,1.8979593360595408
-1.1943858535102763,2.7077222458559107
-0.490281682015029,2.43835927225549
-1.1588889767084072,2.019412163249787
-0.9598769620259645,2.668371335962711
-0.8249392748522744,2.800015191293231
-1.0973706372657341,1.4123449605919047
-0.4903707010174003,1.818421349862172
-0.24076626986371918,1.894472489913245
-0.7938995767737138,2.0529653815569064
-0.7028784291973901,2.2666654317495523
-0.6413620417649922,2.1510270180519893
-0.5575053042495162,2.093463055323072
-1.0560191218429913,2.455079837953264
-1.2927974426414546,2.765435808717486
-0.8009569470178142,2.728311613018613
-0.7948203274510888,2.068895622151749
-0.7775214042334726,2.2092477454160417
-1.2748020790100767,2.1086317050384267
-0.6662460230373455,2.307250358471681
-0.3820038465801947,2.1899862665296608
-1.27661993132623,2.9481984520434557
-1.1875438090746366,1.6133445865619325
-1.0675750162770328,2.1915726250976766
-0.5818092853433435,2.504001465431965
-1.0981366870716018,2.054735751231058
-0.396273085743283,2.773550298667227
-0.8626201074122113,2.390073594566439
-1.1676088580908024,2.885695797746946
-1.13723489192131,2.456509819272111
-0.5277655764305137,2.2594631275266504
-0.9040517759993381,2.478034655603347
-0.3799923680336804,1.874416778456017
-0.671897169812714,2.784111325364981
-1.219304365532588,1.7429679358382641
-1.0028706234849392,2.8373622831844165
-1.1975919838424292,2.788737943308664
-1.196342446122274,2.822743196987771
-0.8985749224258834,2.0476080478484895
-1.1005909739860098,2.734470804383228
-0.2088327273773276,2.214293234383677
-0.7904058094953631,2.2989893255266285
-0.2791215901780719,3.0991410701374185
-0.807743590831324,1.5477724811798161
-1.0648997830181086,2.197013062740195
-1.157692898196482,2.842603758938555
-0.5334214884600105,1.5356853181326866
-1.0767664176625678,3.0052653071718325
-0.45790864414455135,3.0267436128663423
-0.9164549724527575,2.400460365284602
-0.8248653963826941,2.866405382447912
-0.5041634317938836,1.8320237158532033
-1.1593229158917127,2.7331115277975195
-0.7528567120749678,1.283663718018393
-1.1716957209695498,2.4560987450466962
-0.025379360593686062,2.787155800490068
-1.2939682564066721,2.496127708175801
-1.1245373077926473,1.9907980737422173
-1.091118392168966,2.7989771421648637
-0.8672730228100445,2.6073186943134106
-1.077678424141026,2.618365421246788
-0.5423874362514576,2.122034509780264
-1.0159655105447942,2.2971996136285964
-0.8650200116177861,2.0564428845544276
-1.2422583596025623,2.7214556792254267
-0.975863352955392,1.5861386221416744
-0.5268159134795543,2.640938440405144
-0.3526752031882012,2.816382882248512
-1.0515200584229127,2.834416579425623
