-0.5,2.0
-0.630372043380512,2.0217603373350146
-0.46268521882160796,2.1073490348336827
-0.5044568016257394,2.023740271189237
-0.4641322216243792,1.8993417170813118
-0.485421583273499,2.095844928221147
-0.7795281147996644,1.9308656240815771
-0.7462186689726669,1.9387899791107754
-0.437523477396731,1.9665849170017287
-0.475983531095429,2.0720865915934694
-0.33098011482529144,2.126610420290236
-0.5576396213491243,2.069616515787577
-0.3674324892847621,1.9493332560387688
-0.5371003209385768,2.048678697971828
-0.5744000649662765,2.0936423231793464
-0.6000065271091722,1.9205869875886747
-0.3872415551845468,1.9921719181062463
-0.4234512372592498,2.165632134754407
-0.6204091532181103,1.974644703656036
-0.6336029553869196,2.163411151851472
-0.5411397230635653,2.1666381286093213
-0.6605294526071817,2.0159572907656385
-0.4627143569150192,1.8845855299896728
-0.5522410175487694,1.9949142189962086
-0.5620657981855721,1.9304209510019141
-0.6049485472050906,1.9942039132351614
-0.557123029573324,1.959114362169065
-0.4111339349383394,2.0887491185158376
-0.6231778480888742,1.8750936863852685
-0.6099986273459079,2.061222754488106
-0.5412538009477217,1.8920332103513653
-0.5892221941545085,2.037850214812065
-0.2873076561543887,1.7887084549181653
-0.519938450018695,1.9907186684343863
-0.5087067897109888,1.9285909634632676
-0.49081674091280736,2.0021349075814565
-0.5166770476083415,2.041799794835621
-0.6785220000731538,1.9762715998728893
-0.4645078388782475,2.043940653821353
-0.372425645182066,1.9639501559804926
-0.5957529420939343,1.929623478512851
-0.6430323570350573,2.076152621524154
-0.5372971064764599,1.9351504568182911
-0.5269314694218673,2.0063836952996676
-0.5034037422403888,1.9955807234045397
-0.41155581500847344,1.8951229675418606
-0.39509690191750035,1.9287325954843364
-0.22899492232182228,1.9823923868644853
-0.5766380668283974,2.1092266340812573
-0.5954493604928357,2.263411400231539
-0.6230866994392749,2.075723958238699
-0.7320414649002855,2.3136561553808073
-0.3409524574883914,2.3923664584401
-0.5610927749049075,2.229447252964915
-0.7362536158045192,2.2407346275905886
-0.4845444605075464,1.992714316008196
-0.43806074262144745,2.0533482671074603
-0.46357132351652675,2.3341279658965
-0.5263060183143022,2.1679084587694013
-0.5828725964634538,2.030414101490029
-0.5513429495240004,2.3158939676595844
-0.5943681962974201,2.2192508458313975
-0.5399936679201691,2.03159331765615
-0.686269821544838,2.347605616328417
-0.4757909271382814,2.3613614244704357
-0.7389484671539549,2.0391070034144274
-0.556996198829172,1.9691070611935089
-0.6165724406085229,2.238364047316523
-0.5406685460339591,2.2525227137790385
-0.49470059634838703,2.1497992826266534
-0.47046736026261093,2.182004637704076
-0.6478742996602791,2.170964659919335
-0.5371404880341876,2.1214959133608886
-0.6883803876733043,2.22206732036836
-0.5986254534097958,2.263282513187349
-0.7306494296268007,2.255131369880948
-0.6432019228248286,2.1469338725607887
-0.6622915735041717,2.1098758677701057
-0.762390152702355,2.171143608425206
-0.7252612808128617,2.2831190015874676
-0.4489799982774274,2.334682216505682
-0.5014042078658044,2.24519334748513
-0.5946095481777384,2.287306975093132
-0.6984896381324202,2.2817681986318497
-0.5888521316835793,2.183750417264245
-0.6953829558325177,2.394683810735362
-0.5346376126996959,2.2570747562605558
-0.803922120348278,2.2419085578632374
-0.49920389318699254,2.3565944398891894
-0.6762226300085518,2.1922695528678693
-0.8552607391876199,2.4005228028592325
-0.6095055312552178,2.2964124045968837
-0.7467616254210104,2.354571724763348
-0.6688376628953271,2.2299507154314493
-0.48013158489829877,2.264839196534405
-0.6599116673377596,2.0935535024928322
-0.5370265229732237,2.216954298460282
-0.6459058784356924,2.2996986747400556
-0.6335387603018252,2.2044675622109127
-0.5310992735359443,1.9920331718518138
-0.5049078037406756,2.1777859996898017
-0.5930283552217076,2.298240692546682
-0.6082136265735733,2.2088851388892907
-0.42358575411280963,2.1059395007651664
-0.37582407853826466,2.202260019975357
-0.7314498813596971,2.2411295861011147
-0.6791851884592138,2.240068837430495
-0.5932683462721855,2.327298009869442
-0.7295557444516468,2.1926882944899346
-0.7026420879523985,2.202401387724029
-0.6291988797496773,2.3381332530400187
-0.6945613991326551,2.155737190674565
-0.4851166467107183,2.373661886375685
-0.5818944405385122,2.2163719336528556
-0.45403054289428657,2.2406899684361945
-0.5575030311141597,2.1408766176771485
-0.6372151720698045,2.1516445523657253
-0.6401471911548087,2.2809082473107725
-0.5921876914625471,1.998588331771462
-0.6061405015655946,2.1382097890939833
-0.5075974671380541,2.229670146574002
-0.7184522287029909,2.4035709887273295
-0.8311855690423594,2.3218333966057823
-0.6696090815039613,2.2311147533405915
-0.5821157395739454,2.205126100753445
-0.6109136303923955,2.335059692014191
-0.693327332818546,2.4350261716257684
-0.6970512109376981,2.3203045390903845
-0.7131367991239168,2.1010037771235375
-0.6568080424831041,2.0154378718554002
-0.5569209531163178,2.1235332118077
-0.7480297756068136,2.2017424581822707
-0.7878786473239399,2.1556501032674347
-0.4699130058673794,2.1642543700394796
-0.4173405595370946,2.5108910436083476
-0.5844569697013775,2.3272857235181834
-0.6152363819565791,2.239049621776226
-0.5755855349660127,2.255304154352225
-0.7078941816597646,2.373882531947618
-0.4346493355362785,2.3290536048170427
-0.46412817030813686,2.2096667552553257
-0.6495941184890807,2.165298567560717
-0.5160139163320114,1.9417885860171276
-0.692641475792084,2.2778598327681494
-0.6946635010275867,2.3613673907883697
-0.6484058319598366,2.2619449943082355
-0.597623200844764,2.3071481617802876
-0.5580412126907985,2.181471809969242
-0.578162044140174,2.4567300621221873
-0.6441868507571963,2.1417532677361932
-0.6755141518095461,2.419267075276957
-0.5965458696549658,2.130051181994987
-0.676794149683997,2.3923089993223985
-0.6328596691276829,2.1852891010461684
-0.6845134224806967,2.356652239167605
-0.8144799476304014,2.3244490799671027
-0.6737423925856263,2.5329878962214303
-0.7635229308670844,2.233383607137421
-0.6810515004791047,2.4851934628722945
-0.7354486624428158,2.227250986661033
-0.5686436549826812,2.173583876817219
-0.6255196665635052,2.35292017043056
-0.5201184027559694,2.207023209190022
-0.5245274507040558,2.2788592029052004
-0.6429965112229046,2.3541226395703307
-0.6385369202421383,2.2070457886414636
-0.6453822224889819,2.2361580759729396
-0.553108529017232,2.2873940125294157
-0.602995589889724,2.3287190505948065
-0.563154956186412,2.1269511809886517
-0.6345386956150523,2.154592645424638
-0.6203295153641419,2.289944925813618
-0.7604896689186318,2.195157863098247
-0.7713979661418682,2.202765015188278
-0.5785274689985863,2.1141534089988987
-0.7960275125943894,2.254473721939181
-0.8576623159694999,2.065885599063476
-0.8514085473318114,2.3257317386102154
-0.7060621394001175,2.211228654733235
-0.7643550022893703,2.122872612501507
-0.68062942635892,2.2915602082402784
-0.6582155862597249,2.183732828662613
-0.6984465959929351,2.2159484349019936
-0.7187860532724498,2.083791696269579
-0.7599874100917758,2.2398567318208515
-0.5759358606360881,2.3577313843706453
-0.8096275100843028,2.2610739636332107
-0.6863587819349334,2.100074861573466
-0.8116359565643166,2.2254695140469907
-0.7416790937492436,2.3262169686915066
-0.61586868185185,2.161826092028385
-0.6779218293722904,2.161683025457852
-0.9262091534899164,2.232643451803814
-0.9456106355476074,2.054483775329783
-0.6292534246636212,2.2149441610433525
-0.8904982471118027,2.3308033024732513
-0.6872181610312935,2.073796748696463
-0.7680097240370005,2.2719666841144313
-0.7807767344563181,2.0991175022551394
-0.8803154100635382,1.9154352421341319
-0.650626052730392,2.276057721726502
-0.7783415104166531,2.248328915127275
-0.6854208354769106,2.209836755478209
-0.7490527971459541,2.2551017020579844
-0.8246648768981628,2.1954223364417946
-0.9071777072300486,2.295342661545378
-0.8811248746299157,2.3647992881283595
-0.9148740082443106,2.150562528766332
-0.6952169115457028,2.3540254009533608
-0.6791203276879181,2.2036086611932215
-0.7285393417317941,2.229812542461154
-0.9009073885965387,2.103954430051331
-0.8166843447027234,1.9713264807648652
-0.647760387473971,2.271699512209954
-0.8788099704161145,2.3103787806045175
-0.40198881841258155,2.0942996147555566
-0.7468082081289055,2.2222359324014493
-0.7872088920621096,2.173837619208842
-0.4763314980180729,2.1821741533475527
-0.6276151007952668,2.213713450876841
-0.7361897259708566,2.1489089433414112
-0.5707837883589002,2.1279590931372327
-0.8111553187338996,2.196588195063148
-0.6592417957884797,2.224251413539075
-0.7666699508374918,2.373384234078495
-0.8529935842182064,2.152488621585335
-0.651798707235742,2.223341722846987
-0.86213701926476,2.2057001620850385
-0.6624919561329181,2.229293464217559
-0.5869088784343919,2.1421904123059887
-0.616079456923005,2.0784951387526314
-0.8480271503581497,2.2803519841039566
-0.7017561182815756,2.250717952989101
-0.8402768333162685,1.9941688396277675
-0.6956283698861604,2.1922008534025457
-0.8440091908616116,2.226932346490589
-0.8189797985031756,2.3574218635283373
-0.9126549757767921,2.2333525769279263
-0.8900858533705142,2.0077124621466576
-0.9626415112172501,2.179170547092115
-0.733292283994253,2.3553752575974816
-0.8093177943289698,2.2771071279657393
-0.8187845211137877,2.3299325696421356
-0.7687800518627907,2.3352252983739326
-0.8242103337978324,2.2123203405056953
-0.6285809753686221,2.013330328116227
-0.6338235979359722,2.054054548599274
-0.6697477893266984,2.3029776273184934
-0.875334733643822,2.2627465030338842
-0.8672593707429151,2.3007575092788084
-0.7067233440673454,2.24881553550453
-0.8226317198654914,2.1186187619464123
-0.7629072993481296,2.1316177069620834
-0.7674455210890554,2.235638642628628
-0.7100791984522068,2.4882782439789977
-0.8928155444534365,2.1312666340742696
-0.6718876208691462,2.0380900692664543
-0.6935841725185226,2.1579900215538386
-0.8366759744225106,2.1492746015913964
-0.8553547641863177,2.3019703044518676
-0.9666830926138829,2.093124312892308
-0.8647203507697687,2.1389230365213385
-0.6735815683213803,2.0393986313860486
-0.7783596399603436,2.1733182305665246
-0.879638974974252,2.2243717660696776
-0.6352790817331998,2.210977070404924
-1.1713999537468616,2.0575222237134176
-0.7017450978445575,2.1262525108659234
-0.9983531574204949,2.1064009429142683
-0.8806515828680703,2.0117633486082895
-0.9703059752163948,2.0798597713481017
-0.6921642897594975,2.3525018197508762
-0.9747030232888592,2.0653055081078935
-0.7574227870520833,2.18828391778225
-1.1049106565201554,2.1237710249538106
-1.0186488517924543,2.018302435532585
-0.9530608343827348,2.001405789508988
-0.9891831409619518,2.160570672602959
-1.0176228375626322,2.1343384305090747
-0.8519416880866522,2.0244927815622495
-1.083293381777924,2.0035510604765845
-1.1986056998636483,2.1705875602272227
-1.0972951373286608,2.022097610307403
-0.9934312428545877,2.093431346153362
-1.030367639028994,2.1540498557740646
-1.011847190274378,2.2148974020648
-1.2018710654754121,2.175203378617064
-0.9678973048941492,2.095334412692755
-0.8269403815783888,2.2263381091979713
-0.8064016300291401,1.9823858433766026
-0.9572715051849726,1.9717884611473495
-1.0034778204206485,2.0706388671744045
-0.8283301938838254,2.1860724059216325
-1.0032912554523254,1.98586387065507
-0.8393603768882317,2.155046539862248
-1.0656396068473073,2.1847863828187397
-0.8717429306582106,2.101323529100997
-0.9368844463967982,1.9511743457741964
-0.9204683457366892,2.028717988270358
-1.0983473124428622,2.0082994701166927
-1.0371031392116974,2.2766211417262685
-1.0969662109414349,2.198875750942291
-0.9050308477183696,2.133057666575535
-0.9888534917551369,1.9736730441778128
-1.001906676181358,1.9407562208207705
-0.9606051482679839,2.1336429028840382
-0.9022810488304711,2.008121597533115
-1.0323430361924633,2.147448236671471
-1.0559308065490054,2.189058075207905
-0.8767930940732103,2.0162663370026115
-0.9034498997976256,2.004790886428138
-0.895970718982487,2.0000967041122686
-0.9997339919032655,2.119029170325288
-0.8942165280496203,2.0468619666127297
-1.0693047587237947,2.211641918124056
-1.0219326397514326,2.1048073156328115
-0.8768142110526431,2.1275900964081034
-0.9735677427812678,2.083495358167771
-1.0390094692607097,2.1300356270955576
-1.0070854012266726,2.0930828309010794
-1.0735400859094142,2.159367832068905
-1.0983489208646837,2.3648172374427956
-1.0086843891284918,2.2455628096440354
-1.1139405630417714,2.0217367784302045
-0.9091557128262646,1.9563421488780925
-1.0280049501383712,2.2203450957770374
-1.0480086013699808,2.0277889486075993
-0.9597891599085407,2.221092155608588
-0.9552164297710698,2.093755608068579
-0.8851168525391337,2.0303347944187426
-0.9942200679268071,2.0283438803551888
-0.9510417436468366,2.0726985956045656
-1.1016748945130785,2.015042184653251
-0.9811581664654018,2.119512752019071
-0.8184004665516376,1.950577867833315
-0.9163368549074469,2.1479245731111614
-0.7762207965759403,2.1188525913868133
-1.0221224218330849,1.9751566803637641
-0.9823529650244641,2.141361078877161
-0.9886412248293575,2.0592395108566115
-0.9624691500089348,2.0423875159132305
-0.9455634701411602,2.2068491363667713
-1.0021843491453994,1.9330984228755046
-1.0489085862662821,1.8704448691009312
-0.932800936478126,2.0996806556526306
-0.8972369512230819,2.213324271418106
-0.8609141744789607,2.1966268585670625
-0.9788173425145633,2.2616176035966036
-0.9487344953943272,2.179882644956366
-0.9748540026389272,2.199706424435997
-1.085812215534454,1.99740882143416
-0.9917248285336364,2.203846178482555
-0.949031373586771,2.064750536579983
-0.9992762064832854,2.358427341958208
-1.0161020743668725,2.1282648547035414
-1.0130367417663015,2.1326805431276163
-1.13779518279614,1.9950671846482442
-0.9814341470465747,2.0457349539557366
-0.9055085886134994,2.177688570924428
-0.7239193474508869,2.1084609259685565
-1.232023491672997,1.9634375916544218
-0.9848448158173871,2.2332508727171643
-0.8207700258579141,2.17504788169995
-1.1030889122368814,1.9337686265005711
-0.8691798536304993,2.0563192077728423
-1.0016040061348337,2.103817334955822
-1.0235682003677067,2.0565235490542007
-1.0943407387216044,2.076483064578594
-0.9784706859885269,2.034517949568954
-0.8238284748996912,2.131617399111008
-1.0829544599704504,2.1878221936486866
-0.9198609104858385,2.0884737361264594
-1.169458083567596,2.019775814631941
-0.9496016615538343,1.9082769374915574
-0.8175242386582283,2.198883091838745
-0.9669218396297231,2.078022351425497
-0.8404625600869564,2.132851094661956
-0.8720185011463151,1.9256158545375253
-1.1608976029937756,2.044460861763041
-0.9598531668419267,2.0168926389135926
-1.017291656315721,1.9641742460289258
-0.9445890490072488,2.285599269830021
-0.9870732886343773,2.001759878060804
-0.8498151089116253,2.011468708561744
-0.950016010394744,2.241985429581479
-0.8275164141244685,2.2504668010101074
-0.9302720187705451,2.0210831198424373
-0.8557502122540475,2.254822650370043
-1.0171030802993037,2.1259845881827135
-0.9564804958481933,2.019354659761486
-0.9448186434618981,2.01299384614635
-1.015787569031674,2.221359699892061
-0.859453419241334,2.0601771751699234
-0.9680645844843465,2.1372475809825873
-0.9699287953438808,2.181551481101014
-1.0158038394048357,2.364555882725868
-0.9842713263221224,2.107139524845488
-1.1083509839202599,1.9426861501869357
-0.9884088415257299,2.152235017304358
-0.934074714035405,2.0375278212455
-0.9314298214593462,2.1190342688632287
-0.8583178514625027,2.0930717137293677
-1.0234319714116171,2.013765115160439
-0.8287861268641188,1.9748649171359196
-0.9246596362117439,2.2252163613982145
-0.9466712509986228,1.9645256467036838
-0.8654474170347601,2.01837254965107
-0.9786601961389926,2.0513071720263008
-0.9510374530715684,2.1034713465974066
-1.098929900419988,2.327890905533956
-1.1649216890615601,2.042190765122179
-1.0076621119476328,2.0500601941201877
-1.1090002159073966,2.010065243383273
-0.9887448113672492,1.9476871686659296
-1.1022984007147358,1.7975760709437456
-1.0211663060508103,2.1781063810168884
-0.9269197380332893,1.9423796148313912
-1.0844634385558207,2.089584961122701
-0.9741832951335598,2.0343216115979046
-1.0285675801242269,2.0240352322061663
-0.9360579356885373,2.1117137344839896
-1.0968242539584876,2.0195974238623795
-0.9128895145516381,1.9867475735275988
-1.0001070133671783,1.8095018590945027
-1.1774434845518416,2.041959132047116
-1.134735313841917,2.037964786584925
-1.219648703210765,2.0687274934198574
-0.9853672875255836,1.9631862490251715
-1.0138845538284074,1.9304967187017759
-1.215389628259082,2.1351694659518476
-1.2212695005375753,2.0980933500060064
-0.9921819217056401,1.9927707219833697
-1.018951064660125,2.063860466250654
-0.9096121108474771,2.073090184309844
-1.1804731272457962,1.994053769367906
-1.0513505485550059,2.05495766472802
-1.2043799943309275,1.942849621116921
-1.0149905896229825,2.0053660109500555
-1.065542338425495,2.001083693540254
-1.1157725569109405,1.9737257266996562
-1.0125121612596777,1.9737086468980456
-1.0507490765037315,2.147021281717981
-1.0470389581277109,1.9242942695770107
-1.0168867101263381,2.146100028447637
-1.168540163121823,1.9548069063489413
-1.0648333782157429,2.0388699820968457
-1.1468080364515647,2.098842905865087
-1.1618642895285476,1.850001798681831
-1.1977056683293532,2.090724168468719
-1.1185202714837885,2.140014851944398
-1.0027355288802837,2.189690209648517
-1.2167813868938087,2.033329676355404
-0.9232507459379854,2.0112688061027524
-1.0006977815675684,2.05395407878143
-0.9602460099185406,2.0837719417936738
-1.122892637152404,1.9798984926119123
-1.1364899430030493,1.8429462596778032
-1.2754211767845238,1.9613069231961617
-1.1200428721358076,1.9580098099299381
-0.9667294382044154,2.209370327074746
-0.9273704988610302,1.918677881375796
-1.2239229975475008,1.9302488894973797
-1.0047603495711976,1.8636359043447035
-1.0822212120915273,2.01130186954728
-1.0881560455629582,1.7099135198641253
-1.0247013488137144,1.9062165596672815
-1.0955858435928392,2.027922748127065
-1.1210376608246837,2.046842757525693
-1.1727627213681964,1.9962519371488077
-1.2120534720544909,1.8878647728342
-1.05267149144548,2.0082446961167766
-1.0655415205433678,2.13355677221776
-1.0762045898656258,1.967379664486082
-1.240732060908124,1.9453495868001505
-1.1162582102469696,1.9526928878325642
-1.1394985302019294,2.153223438683291
-1.266038975723577,1.847589489469789
-1.1199438797496284,1.885925390025338
-0.9780001946793254,1.8930801399069683
-0.8901399801203721,1.6919807406933949
-1.1864216755173052,1.9454170266308102
-1.1696987473463762,2.06210438465133
-1.0700625113337756,1.9281273240342895
-1.0433955462445021,1.9290738960834495
-0.9911552431801008,2.2300110988964077
-0.8582498511459706,1.8480267071289729
-0.9773650133595031,2.0998667973237515
-1.0866817622907334,2.0519935434654557
-1.0149867569609174,2.048563211243994
-1.0413033475993798,2.119635001445129
-1.050187763143097,2.226470823549729
-1.0659430681197406,2.0582571181751947
-1.0759388410863322,2.041860610180682
-0.9332550474595612,1.8649557113189903
-1.011686931257856,1.981298965407513
-1.050312588628862,1.9315735782596837
-1.175174388439234,2.0353773579921266
-1.0875294365850179,1.940068559256088
-0.9618687472206854,1.986734914455492
-1.015828255261701,1.8647637301718243
-0.9979880733755568,1.9521965112983826
-1.0039651936675693,2.0431698012768904
-0.8718495403418836,2.0981328222159736
-1.0408284561148713,2.006187117129137
-0.9578055229250684,2.179539908118134
-1.0340272398419676,2.0523740888807334
-1.0320342395437576,1.8924477009190481
-0.8719917641358413,1.9868719548029206
-1.2059965348483024,1.908666517484413
-0.9771277051843203,2.135151256668874
-0.9981665660669379,1.9642178697916453
-1.1192334509634108,2.0222995604894654
-0.9029552066992066,2.2739197144717065
-0.9343541339196733,2.015986765591737
-0.9933963459107054,1.9639785730703765
-1.1118080840116182,2.089402298739618
-1.152875196375477,1.8395434217167466
-0.9115485256011799,1.8854796519332926
-1.0925337315247539,2.1924500293446343
-0.9076840878982262,2.027812018387832
-1.0288552636024655,2.15635100867163
-1.1663481659448602,1.784145115152097
-1.154218376611791,1.907189348750996
-1.0046283873220068,2.101870949341454
-1.1023003159150753,2.141120849136836
-1.069390215536935,1.9733823028700326
-1.175749989475755,2.0371932185456236
-1.0275320891514406,1.9332827791146505
-1.1872566939143974,2.0244896891170057
-1.048788067653655,2.0638508485535945
-1.0389101867476391,2.046670844320246
-1.0364853349212406,1.8691860685423256
-1.2262230278477835,1.9901143873672735
-0.9152513610702964,1.9256348813531023
-1.0677716269316562,1.8648630003754738
-1.028554104501604,2.1059180891035076
-0.9892267095599394,2.0927098892605867
-0.9895268479514278,2.0236405978770304
-1.2025323901995104,1.8664449932193306
-1.203439222824365,2.0267732216936785
-1.0519258140420114,1.9282356420084432
-0.9807184050787955,1.9531897919510992
-0.8945286679079607,2.0086929907731834
-0.8412891659568111,1.934128363435851
-1.0347438303599166,1.8375303974921435
-1.2922732680022657,1.9016750213186435
-1.1932260590008967,1.9270347023442684
-0.935050812023287,1.9994873542475833
-1.1088752387770622,1.88365065905096
-1.113791241636158,1.9355381872981015
-1.2554514707483626,2.1473682945388153
-1.0379501873413233,2.029575354923139
-1.239893543042001,2.011351186912299
-1.2363061822083852,1.9380079758820175
-1.1152043252173043,1.9388681467231919
-1.08494145195142,2.0405514219686838
-0.9741908987277211,2.036917243850205
-1.1155902848461305,2.0837964505654263
-1.2434959807681878,1.9309335772486549
-1.1019807184997183,1.9823125076505104
-0.9873687666659093,2.0315549013857086
-1.13342958232494,1.8335823547444121
-1.046802701530506,2.088594892361331
-1.1535721519319728,1.9262682173534773
-1.1347373113370318,1.973451956912718
-1.204662102833484,1.8913185112884452
-1.0452314960667117,1.830550286490757
-1.252134857582279,1.860566914893038
-0.9342146032863679,1.9954307181781816
-1.2225154897060713,1.7619540296215594
-1.0114211744282324,1.810811254996656
-1.0441773754829848,1.9467821080339558
-1.0970105937987866,1.8429092004439884
-1.097974440607598,1.9398081526541424
-1.1128350532323001,2.012704883650658
-1.0453567706445797,1.6681140153082832
-1.2421870156512727,1.7799913043948212
-1.0559374173995588,1.7669251123868066
-1.0708127854452085,2.0404767402598853
-1.084490779849477,1.7716999493321643
-1.1265034888937229,2.0072307938754634
-1.1413381974872885,1.8013948221707703
-1.172367479500158,1.5316110814368442
-1.0526883597104946,2.060920047237785
-1.2854005879181978,1.867450279460836
-1.1113705196309345,1.801684591569847
-0.9846593801912444,1.923150849633294
-1.1991246919258263,1.6025563286216065
-1.2366010636414693,1.832596477258003
-1.0497240263354433,1.9592588339426782
-1.1612075476443369,1.7546730790691782
-1.2007218320672184,1.7764398927472331
-1.2948907894542925,1.8246836394963633
-1.17000901324222,1.911147323353402
-1.19918320004574,1.8117947623542
-1.146161688712194,1.8455620012694707
-1.1707905823852192,1.8707196324261623
-1.2247969774671579,1.9418613259836188
-1.1675670091844446,1.6660128427432186
-1.17979787079629,1.7469550273246364
-1.2548112053286804,1.917883758314384
-1.2606668878640936,1.8797962415347267
-1.195483932107523,1.7886818692307203
-1.247063738857614,1.7936839101180255
-1.226151329878258,1.8230474309759548
-1.1295836806288226,1.787312574588579
-1.2928309546290901,1.7443810502872754
-1.2957467642046696,1.7801724507204142
-1.1999369883363362,1.7226171747570047
-0.9824776631119716,1.694709956616539
-1.0797035444215202,1.8080825246866208
-1.1439947355309623,1.8196097463829377
-1.0290449896249114,1.6913227800781576
-1.269237325322008,1.727968034531253
-1.0761162327877225,1.7737831429409177
-1.271481029839626,1.7600204990087156
-1.1211070253567486,1.9916598509756092
-1.1839145970869287,1.7260145764084807
-1.1745608722242844,1.7023247204878014
-1.0770866642399117,1.9085175126583143
-1.279184360298757,1.8524379002107652
-1.2388513724761654,1.9612731467727456
-1.1421661012575666,1.7853669182354959
-1.1590994786286317,1.807963665619052
-1.1261094749462401,1.7767769729885536
-1.169861103665873,1.6162686095056915
-1.2840076200259534,1.6707738731363664
-1.2798175194150443,1.8213300669939954
-1.2660361747005777,1.8517872737573149
-1.2046045736798987,1.8129384546329428
-1.1817590837366811,1.7686465177852826
-1.1454607599133066,1.7988941251974933
-1.2730861629209342,1.7806399244678153
-1.2399123258464229,1.8861405993884888
-1.1478373935354584,1.702719651300332
-1.2428327192498956,1.7160258489244495
-1.2529601426334367,1.8568470256332303
-1.2766147547836553,1.831288351122981
-1.151929479671764,1.9459251121219023
-1.2348931418633813,1.9328088834302122
-1.2289362392945424,1.82549246516907
-1.2507199400134792,1.9538312912809346
-1.289063750792171,1.7487454989768778
-1.291503247126615,1.7577081566388688
-1.212885701287915,1.8450271413348882
-1.2774900754438565,1.896859818150842
-1.232242140109425,1.8052967402949534
-1.2267245396666744,1.710958581762514
-1.2553337222512015,1.8088525351856468
-1.063167683537511,1.7551560861669955
-1.2372098054835439,1.9081190434379098
-1.2995416990527804,1.7708665722028996
-1.2147486886570726,1.81925109120556
-1.2685965457908077,1.823795533419958
-1.237225354278352,1.9812724557689247
-1.2424525346074988,1.9671175430694947
-1.2276132740424734,1.8572044459722763
-1.2916584791154437,1.8137899475138817
-1.298742412142009,1.881557275823531
-1.1060333661132298,1.8812769054503486
-1.1994843246797524,1.7279122660451196
-1.164844879113126,1.869135118946962
-1.230250164932852,1.9187132686839583
-1.2669797814606132,1.9206960258553496
-1.2231204356662437,1.916455476402042
-1.20864351919885,2.0579667165583757
-1.216205262867929,1.8805435461224111
-1.2466480239313817,1.8562780607344962
-1.2447530852264521,1.8744410476805196
-1.1639382551262993,1.8660951392957252
-1.1826247156313818,1.7069263102833123
-1.1739764219009807,1.5553392764611114
-1.1416940841599512,1.8128998385941313
-1.2474080968794554,1.9356867610051425
-1.226730188338599,1.7768415069286225
-1.295494528414024,1.6974126422591058
-1.2150279620307056,1.7705985139832634
-1.2573319777453966,1.8588169554245366
-1.1634332272167296,1.9864891486182934
-1.2467497137343655,1.7182602463580967
-1.2999450497562506,1.7765752001995523
-1.1683664053379497,2.0642056412908714
-1.108015451831525,1.6962893345858738
-1.2534039477138805,1.757960152766137
-1.1592004280751484,1.9843513148985057
-1.1894048730499887,1.8294678395126331
-1.2897269431810634,1.9062809661414843
-1.2804716638887572,1.7776512662791137
-1.2681613319111982,1.8147418509685176
-1.2706089472190891,1.9049507654077615
-1.1166956061681044,1.8428881515735873
-1.242158830083202,1.9082606195907375
-1.2554727955582954,1.691139015400396
-1.2016454441374664,1.7987999524528606
-1.288613083025823,1.847010906027636
-1.0964679881255128,1.7099304559234787
-1.29281448906834,1.857646451488752
-1.0144091931545662,1.8262730731240466
-1.2011573430819287,1.8987192916801359
-1.1908393606892482,1.8110131837939405
-1.1409938343427923,1.8001497258817318
-1.2406663368687858,1.929225642958961
-1.1639121876933722,1.8739007926936313
-1.1664897644637022,1.8777419093464212
-1.1327247950609498,1.87634915140863
-1.137956878368566,1.7258377022261011
-1.2831944898612055,1.7304937384622336
-1.1095808483325795,1.949204183660784
-1.1568310499615253,1.8789595413058007
-1.1597583527192339,1.9243046837924824
-1.2704919769401515,1.6398617652400294
-1.0427901777070752,1.8340041769498556
-1.1286058122897673,1.5707883654207226
-1.1983692189525426,1.7789665846211205
-1.2833308487319806,1.7582804315972433
-1.1092317840738024,1.6638742142033136
-1.2695008784114934,1.6734671998559951
-1.1964629248570195,1.8264594249470314
-1.2988157607467594,1.7466635931522672
-1.1468870563566407,1.8380196885804543
-1.2405354699877604,1.8727262117058903
-1.2602694013779232,1.743673539295507
-1.0591261535515475,1.853415532705169
-1.0765205497539272,1.8351183342174642
-1.2265656870151969,1.9231661727605587
-1.2239315448371728,1.7928769811841416
-1.2848674250108105,1.7878075238096705
-1.2727898501486317,1.8843688245899692
-1.2364804410737475,1.9831549835367601
-1.279149837085561,1.9318873117901971
-1.2998232248150523,1.716873964378073
-1.1589596345535893,1.836385143970406
-1.246808700724621,1.8865180401544601
-1.227568594919314,1.996166178881898
-1.2108071850742879,1.8767727185466747
-1.2953192238186713,1.8072901770090337
-1.2351501965552782,1.795221161862294
-1.2957775852611544,1.7469213667937198
-1.2671459331164545,1.8455591696625429
-1.2391558610697775,2.074946787069262
-1.2134062707936673,1.8910489311696967
-1.2587631518845745,2.022408781317394
-1.1799252882820181,1.7634249188998117
-1.1865467143525512,1.8357123313237589
-1.1373284456811565,2.0287492444518227
-1.2307129716292569,1.839695801565871
-1.2489304573492623,1.9605616534630437
-1.1125845639680922,1.7620194356877397
-1.2799636808443824,2.028745551433569
-1.2716153453799248,1.8979739690470017
-1.243584869042455,1.8663328106077879
-1.2204309274796075,1.912279066681298
-1.2178048038400588,2.017569646836609
-1.1601860455082655,1.8622002277776024
-1.2776918763442449,2.024656584064894
-1.1944460078138737,1.8089206996815228
-1.2844790066918663,1.7847826190154457
-1.2559261185548627,1.733691241797322
-1.269125445302755,1.8370250039305251
-1.1372986476010996,1.7181834345738247
-1.201289434407936,1.827937349114253
-1.2896102618012948,1.6692367335532983
-1.1041166185762752,1.8184728589801404
-1.2945427657602158,1.668389054155338
-1.2897724404502235,1.6357982017470558
-1.155289908150001,1.8973696031239347
-1.2076701778005914,1.6594934588877746
-1.220964372572723,1.8732637556673202
-1.1592483489640206,1.868395193642268
-1.1944010784385635,1.868677918841515
-1.25102702608131,1.7278798112786777
-1.2375736979261633,1.9025871631580327
-1.1714262949246654,1.7847735970960152
-1.1954157587360126,1.8853901941644866
-1.2689746604149676,1.744500223508654
-1.2065023501408296,1.8938701148765964
-1.1432288832738535,1.796393792347175
-1.291711960247659,1.6096566295871728
-1.2457809203438346,1.849433373829559
-1.2935836931628675,1.8723402858640223
-1.1521986219033085,1.9330527567905365
-1.255378611857169,1.7132056792793742
-1.168442296857832,1.944473436289619
-1.1414866738378917,2.0780392162179004
-1.22380916946882,1.7525404964720255
-1.1826865370491901,1.7537364792805812
-1.27454480517003,1.8260908252457724
-1.2905857823459947,1.8475758240560656
-1.2822373048948192,1.7699834988072312
-1.2156384775751834,2.0203087471483876
-1.2133092032336188,1.8193571886986923
-1.184418743319724,1.6524883785707791
-1.1315264104526106,1.8676480942585223
-1.0634216479699052,1.8557339283720196
-1.1839991606342561,1.7387131668657247
-1.2081685606378008,1.8702671088910654
-1.2525348849323463,1.7960181399338124
-1.1107188969388704,1.8280659860427688
-1.2306283303026282,1.9956695248444103
-1.2758094281526857,1.8723993724330554
-1.2181258535705526,1.928618517025832
-1.2989947915256714,1.8922247017678386
-1.196995143731964,1.6816663995749006
-1.1071591673000956,1.8356440439336468
-1.2079335087692677,1.7265178163498383
-1.27595886891798,1.8021943814956194
-1.284064054267649,2.0457722425643072
-1.2629538592659004,2.0496029685149613
-1.236450087201914,2.0921103438331383
-1.164804295454947,1.819244846057166
-1.0799626811396525,1.8812825195293028
-1.260043904330371,1.9346561977345293
-1.2026105002513539,1.7834753974450444
-1.2584448371007455,1.6888933382104814
-1.2686576628621455,1.9639657628761251
-1.2754349262262679,1.7216018386213348
-1.135134170604586,1.7782366790002144
-1.2380024489303512,2.0095855781571133
-1.199192560888012,1.8748216657849202
-1.2400179287867477,1.5882329012169132
-1.2834456331805797,1.8506211056685822
-1.2644315460131537,1.8209060122076115
-1.1999405035328328,1.8523366461876756
-1.195471167155143,1.7758848777983864
-1.2994115942144373,1.8596573429660068
-1.1059153653552682,1.9170381594253423
-1.1869058186935408,1.8081520406621179
-1.2699414563321918,1.7793562341067217
-1.1897066805597012,1.8369668228755212
-1.2997945200331078,1.8500953390021069
-1.2734212415312485,1.8719456607170262
-1.2204050866806766,1.7269881902605895
-1.1390476247313222,1.838890151735036
-1.1431422777925864,1.797849938064029
-1.2859730640422486,1.7764727022497948
-1.2281569873841724,1.8122374722979981
-1.1897211267993684,1.7850839488197945
-1.2514351793994138,2.004546438284065
-1.2161505154100893,1.742194257472476
-1.2065701898778276,1.7666180106440803
-1.2282188244766166,1.9995519683787015
-1.1139105319981033,1.8291764142941958
-1.1385135547484777,1.8857204192238868
-1.185674304185227,1.9577700100335147
-1.2794588965341243,1.8345098064217915
-1.2767114779145703,1.8821079535269098
-1.1592525577953527,1.8640407432524793
-1.1705634946862378,1.878849138073077
-1.251436675067918,1.8836470257561224
-1.2927077151483022,1.7624083782370117
-1.1365343183091279,1.8039623132658507
-1.0724368773395012,1.7482944191268643
-1.2239228705447447,1.9791437777089178
-1.1390349423534711,1.7943224355757736
-1.0981062035975413,1.9685440578665823
-1.2802417901117205,1.918061050055732
-1.0087232790645608,1.8192672342035396
-1.186259332266526,1.8133666453434292
-1.1288822477060048,1.7491556978140648
-1.2555251692469322,1.8238362090445426
-1.0283993649356917,1.9283213811327058
-1.2273574031651209,1.9583414242442378
-1.262202176585637,1.795627417255984
-1.153148662023709,1.9694924138813574
-1.097032006265331,1.6989351790896035
-1.2730264856314455,1.8782729004853191
-1.2339943910167253,1.9934107645031163
-1.2615382352267561,1.6361660713609327
-1.1336691814015862,1.797651624015067
-1.2179887696915122,1.95684560015895
-1.1694285184888462,1.941684668882531
-1.2644293691919413,1.876448056672581
-1.2002918064971713,1.9000223566634462
-1.2173834387981808,1.8462343266791728
-1.0402688323890932,1.8146411505150155
-1.2474245762781297,1.789165350328273
-1.2004902045115373,1.9716475399343751
-1.2296737438652228,1.7906047656838262
-1.0746576945797115,1.8865105514596132
-1.2353643813707071,1.9107440986759137
-1.2897384011765178,1.8228455348364347
-1.2318380829280784,1.799841427760587
-1.2486098314762304,1.7760196386273082
-1.0202247803140998,2.1329936741204003
-1.2563583295184637,1.8222416879819678
-1.1616301795354398,1.6997679269929633
-1.1396545683371657,1.9059829903130474
-1.285762417468677,1.6151350165557583
-1.286241124330898,1.9221024122366577
-1.1868802098410762,1.7246927583525604
-1.259899952413385,1.8416949908212898
-1.2148529988789565,1.9158407760981895
-1.2159236818748433,1.77143586109924
-1.207793423063147,1.9148413608152892
-1.236983140002378,1.9898659720189302
-1.2394840351223284,1.8679843792991888
-1.2166478492714232,2.0559941582496135
-1.2581737139975604,1.7462227910991006
-1.1371383452273358,1.8636701050665612
-1.2164746978922667,2.0192783195960233
-1.182765572523055,1.8935334114175575
-1.2706736564384864,1.8603746130287615
-1.1663300665293361,1.7903988662106085
-1.2727327310315095,2.013190630422262
-1.1433277875426786,2.019388137237053
-1.0599393826403103,1.8154507580068926
-1.219656261815897,1.7731207970462948
-1.2778928168525545,1.9051031874866
-1.2053472103340748,1.9303701384308165
-1.2038687106058577,1.9581201953488871
-1.203799884608004,1.897317422812268
-1.1271324114715844,1.6905628395523107
-1.085417800729912,1.7401198350705953
-1.2434469902513559,1.8229354096564119
-1.225837809621031,2.073379828969919
-1.1661827013825277,1.9339086780957768
-1.1813639050320768,1.9145654960446523
-1.292862544975449,1.9068825822096251
-1.1600498571265787,1.881638269674499
-1.2903083148519796,1.9227024788683478
-1.07391452184099,1.962123162327661
-1.1956025577028764,1.9237516907343533
-1.2791583835536129,1.7434792921114086
-1.253195636038474,1.7679328444877642
-1.118051018972917,2.0574315827916454
-1.1757261956346658,1.6936333256714495
-1.1581797933464615,2.0167672713173994
-1.2966028948247588,1.8628782803885635
-1.2798840499528272,1.8003862820159051
-1.2228988772006064,1.909710575474732
-1.1635564438079975,1.8243580812415308
-1.1365088801977394,1.9136355959299873
-1.1953177193991387,1.9419277173548464
-1.2409370148724659,1.9495469331721993
-1.2527375305733184,1.912990333865219
-1.2352332562963206,1.9838888490535351
-1.2380482789310936,1.7950909410233316
-1.2715775744925264,1.9230828617375102
-1.162189457342573,1.9443095545273206
-1.2143663080791411,1.7376029689946786
-1.2860302955197036,1.8772551312559926
-1.194338145825731,1.8982034563569796
-1.2035325493474867,1.943645407649799
-1.2909264781101446,1.969730222367462
-1.1833612476139244,1.9322148684253753
-1.2830629136594771,1.7915769154840384
-1.1656404067979778,1.779966739230828
-1.2952349319599767,1.678209674238322
-1.1893050431771304,1.8738375632178619
-1.2324618627173385,1.7544821483124111
-1.225088301696041,1.6912550822837968
-1.258530699824347,1.6543496787435081
-1.2264206620597462,1.9579655796159612
-1.268021293002703,1.785615880511469
-1.259182076616348,1.6915949878625856
-1.2662178578940997,1.8327985302759364
-1.1945279991835445,1.9824458145054722
-1.2445511914380791,1.8349107732143644
-1.2945900653898466,1.7660611263574484
-1.1015370256437158,1.7879348098393262
-1.1815925305084876,1.8344481263775168
-1.2908167004050959,1.903486713574718
-1.234764317059725,1.8102328735661521
-1.2192128464011691,1.910626280139372
-1.2637104376370139,1.7663196268734576
-1.110342153267115,1.796472778115645
-1.2448154203712485,1.812068480058289
-1.2227519813693837,1.6882755911496172
-1.2989131179717561,1.8955855171189548
-1.2958023601946311,1.883668325611191
-1.2786327366387285,1.792135704270549
-1.2476969883157194,1.889696184130725
-1.1564762756531042,1.9450643900933156
-1.238140139507625,1.94837214197871
-1.2516497815667527,1.862276529099175
-1.1376471851372998,1.9043469309365693
-1.1817854379797856,1.8645269207430455
-1.1726491183755963,1.787784891765864
-1.163110456321678,1.8438310765626893
-1.0950204517187687,1.8993715345063424
-1.2887385185523625,1.8634090319305128
-1.296095540880266,1.7621208519735247
-1.0047841725264142,1.8104790097626962
-1.253667268837769,1.8494637115532448
-1.1886692291882064,2.028837463315669
-0.835117195370922,1.8319503211662957
-1.2008014417836945,1.8548532254865406
-1.237141595243097,1.8071113418507367
-1.2587338413300362,1.7656001829538286
-1.278058532240743,1.7728598788285463
-1.292546667318688,1.7233345271389693
-1.2274400872974247,1.77427691785354
-1.2752055513889236,1.7844911539150627
-1.2754757849667937,1.648582325684881
-1.2327450805559743,1.8946248713857863
-1.217106361376184,1.8186146024752003
-1.1830559029052614,1.8293948692730586
-1.255396844464572,1.840883860516557
-1.2858670548070443,1.7124809089253508
-1.1899453745587565,1.7404747592913135
-1.0568537740006707,1.8579454239807798
-1.0601531831712676,1.956464244289623
-1.0637375670430143,1.6728300744070288
-1.287948677024234,1.7752217759513793
-1.2476191917069597,1.886207697637295
-1.2898684401609375,1.9408536389835123
-1.2798099242724992,1.7137276111836075
-1.2120679609663123,1.915993608183119
-1.1459441582940695,1.7966803309793389
-1.1225583765107547,1.8384173639176473
-1.2664552289278201,1.9502330854907106
-1.2150778655406351,1.8766892393196877
-1.1505290079532622,1.7119108728503891
-1.0506791967250027,2.0237588317085997
-1.2030242691644941,1.8918941098439142
-1.1877533886763239,1.8778511611369597
-1.2697179193474384,1.9833199958394638
-1.1803116419156374,1.8617032944513159
-1.2892111177940082,1.965747491567662
-1.1965309487676519,1.8989972865129048
-1.1608585281676105,1.7735265205065927
-1.1928345411165295,1.8267112741066343
-1.2857049359765194,1.9562869049672895
-1.056941566658599,1.9242099542029418
-1.1846700358592304,1.9133256977873556
-1.1546117938760179,2.0708592333629032
-1.2364224285187382,1.8311366868565397
-1.2759027408267862,1.820280360568492
-1.2272570161037342,1.866620179472608
-1.277395029304716,1.8933141181850117
-1.2679642262943533,1.7527006590426857
-1.1892193473149135,1.895932371993099
-1.2754952564675919,1.6178822453529718
-1.130182718579526,1.8999903950578818
-1.1983039285741517,1.7413192454632465
-1.2364222838306154,1.7637642572126482
-1.2249789497184922,1.6497883354790521
-1.2862631998632543,1.7042631516325621
-1.176395369465185,1.7597192528316654
-1.1864324430242978,1.7759517541857555
-1.0312093983721213,1.7294229787154527
-1.2066513774197565,2.0424029617510593
-1.2777790764204215,1.8460228817844797
-1.2740136015910297,1.6851145502336795
-1.0892856902337311,1.7311160758560256
-1.2916547435784898,1.5556614172947612
-1.2815181589333675,1.6713112576702325
-1.1689239113077123,1.970912443179619
-1.0927352919008535,1.9387800055843682
-1.2011021282713894,1.8339949187310358
-1.2613264486650109,1.8924572441205043
-1.2834037504578972,1.8130302558420666
-1.232621712674505,1.8876809944859336
-1.2009234787442913,1.7819925981331302
-1.2213998985213448,1.8579634716192555
-1.2568993685260923,1.731628975438592
-1.2738669652327945,1.9016408083114777
-1.2600645133158899,1.8972866065978233
-1.255534382746999,1.8726669040161115
-1.2861963205200737,1.788504724286862
-1.2231935807605578,1.8141521499498785
-1.2825173524910989,1.9565927518616988
-1.2514323052647727,1.7424694219452557
-1.2939835138149742,1.957774169146265
-1.2392291192907026,1.761196120615835
-1.2743407494658174,1.9066453632771116
-1.278800320713705,1.7541708953233055
-1.2372767782064509,1.7549234804712301
-1.2778283829982948,1.953705572005839
-1.1951458762220715,1.750651224659862
-1.2288269422874285,1.8094089483603626
-1.289355380172831,1.786416771314336
-1.2904584279826388,2.0101036311422695
-1.2002084931761834,1.9016622191692143
-1.2241354177747013,1.859772599760639
-1.2951002555717719,1.7989280290704746
-1.2163639261377164,1.8812432324223225
-1.2806921892430716,1.712138759936515
-1.1966013240961153,1.942070049672511
-1.084749791925706,1.7861165127041183
-1.176231546984342,1.972621182919668
-1.2969908538202557,1.9380301214928033
-1.1561859561726815,1.8421101396577122
-1.270008689182405,1.8223356201755825
-1.2208386454066833,1.937982397394302
-1.2923891549515534,1.6704663948964906
-1.0005101645517853,1.9056685330776526
-1.2589580933676672,1.9055010490895503
-1.2084790194774266,1.6462031506105688
-1.2018188952834201,1.881006495931984
-1.2752617641888875,1.8322508919487872
-0.9989383989460974,1.8949585497847043
-1.2907086442660431,1.7889161470836854
-1.2697383544694303,1.6424727026476211
-1.2407079031146537,1.9068719578021611
-1.2523988607014325,1.8804526774176882
-1.2133787854099352,1.875009931788208
-1.2991407883089812,1.8733409001382124
-1.2638215184090225,1.915818799982377
-1.0332060349690155,1.8039336548363074
-1.245169104651481,1.7659866926572994
-1.2161387873938503,1.8902192802052549
-1.26520093425451,1.720441667823738
-1.287796659434834,1.911897841100856
-1.189624693282016,1.7784717292566126
-1.2040801046374108,1.9628081716152717
-1.2322318165169304,1.8944007860331995
-1.2256179312113544,1.7749572383395205
-1.294530320900443,1.78867247801202
-1.2738897375596385,1.9526288332270358
-1.165612287632017,1.7293631741507896
-1.2699494072687967,1.8873445341379378
-1.2477490634018125,1.8956481959694584
-1.1528904762987764,1.6636214481157645
-1.191847045393513,1.8819941495352044
-1.1253615811493967,1.9534298123233784
-1.2427293660825725,1.9232352083776236
-1.1052584757114754,2.087343273061649
-1.211308579752596,1.8717369567904834
-1.1880654035785363,1.94594043789399
-1.2448475916969362,1.8179939405869519
-1.2150949756448992,1.8619982994885853
-1.1563957449867204,1.9882716166845087
-1.2397312608833941,1.8811260880459324
-1.280362455806939,1.9249709725216173
-1.1590193807855644,1.8579907732538457
-1.1244607498874692,1.8109495501569135
-1.2747580444255056,1.9515043136394998
-1.2696183139673567,1.835947252486578
-1.1382665023158132,1.786515445201078
-1.2161397324397614,1.8917628022753892
-1.223000669468962,1.7752078732683347
-1.2027244918188893,1.8259746759617002
-1.1944983614571392,1.8013966324902564
-1.2763561862320265,1.8584936836765935
-1.2283272434946355,1.770292972972154
-1.2520935044876633,1.788125820047449
-1.1773324618897103,1.6526962776875196
-1.0988762647712171,2.050726711910039
-1.1980855181706183,1.7016342248978842
-1.1700420550106538,1.6899919704530202
-1.2300991868899616,1.7454681553282174
-1.0899607999879923,1.8717541055608637
-1.2894139016590798,1.7635858131647872
-1.2117032299604087,1.7959807388241622
-1.2529475771500698,1.785415538911934
-1.2161070992258949,1.9556571500303255
-1.2135443418397354,1.6816406457664759
-1.1990246199580643,2.098273308748541
-0.9703475879613574,1.777356092925937
-1.2855974675135442,2.0412577262758917
-1.2462073072319078,1.9864110283787573
-1.2108734174510145,1.8571799706483927
-1.2427706513135344,1.9769669820392433
-1.2776642038481685,1.9277881952389715
-1.176722412219833,1.9370946254486632
-1.2544612426918604,1.9625082608545832
-1.1876892057165311,1.9851580814469132
-1.21704889451911,1.8922763142365908
-1.1577931683663893,1.7952842817498935
-1.0965565458503823,1.5533736915317542
-1.261112394802839,1.7962815376403816
-1.2674663035287637,1.9016973563185307
-1.2894685532099541,1.9580101426114769
-1.1635628399025846,1.901696478281586
-1.28588621517357,2.016798499454209
-1.288470076667817,1.9092079561330828
-1.2516733079112343,1.9737425260339407
-1.2033500925410285,1.8897744920799655
-1.0738533153654555,1.8451824284600522
-1.243385680085285,1.8832068654528393
-1.2511048942645768,1.8454851494365831
-1.290831290004594,1.8377462297739606
-1.1590324493463484,1.7332104224393954
-1.2445844881919066,1.9664498689467904
-1.182503824648821,1.80902179921997
-1.1398961153518639,1.9057518692761972
-1.196386343506722,1.984802078317842
-1.2834152733145667,1.8855305970205543
-1.2771101486543448,1.8123965897240988
-1.1550007118167052,2.0365750430970357
-1.0097504942673365,1.6773113172607446
-1.260139316314364,1.819901363644532
-1.2628262058155053,1.794399885745759
-1.2534236703857873,1.9055454138979069
-1.2585347572068968,1.8279457931528165
-1.254182832709539,2.015989777683873
-1.268913696444906,1.8152819110916123
-1.2792111448026675,1.9447670372256312
-1.1754009369802145,1.7720457040383322
-1.1284420629303948,1.8719677288206977
-1.151901789333634,1.9521315734714884
-1.278057809646571,1.8665315353882659
-1.2841060908436275,1.8876356233675249
-1.0503360863126794,1.9531901753933938
-1.2233085768984557,1.9232961853862145
-1.2774359222227198,1.7540409968766923
-1.2442632418238986,1.6296727941412996
-1.1778009374187361,1.8093457266863198
-1.1874951384186168,1.8671754308478075
-1.2744176479053124,1.8314202280406124
-1.2621310838733852,1.8129756424555232
-1.183642562834043,2.087384378756628
-1.1163762494870346,1.698113905263873
-1.1132678830818032,1.9179268766186999
-1.1954967664189833,1.9275908252111182
-1.295739300515314,1.8461986977715545
-1.199338268649948,1.7817431191389177
-1.296474003137685,1.8391859116566478
-1.1710432383986544,1.7405366016677422
-1.2522597980630739,1.721111870512579
-1.2055502318486049,1.809439616835398
-1.2889304274932385,1.7763776328797651
-1.0847094673883366,1.7431596940686545
-1.283072216891657,2.0289204136518406
-1.205295636210112,1.9341234298762764
-1.24108347580215,1.7420270799624675
-1.0895942830492282,1.8760411780327857
-1.1122939809463328,1.8401322131340394
-0.926260931923825,1.8975046451711572
-1.2281110419116537,1.8846561637053523
-1.2880499574699191,1.7817862133862357
-1.2142798591835542,1.87252794946607
-1.2370653021926785,1.9332573168621554
-1.2885571874573456,1.8004310721522312
-1.1873651869874529,1.8498179327338635
-1.2786296568870912,1.8683185641439515
-1.258953771880567,1.9154923563078121
-1.2956471194551116,1.8929336566318553
-1.298319791116667,1.873638464680965
-1.2180379069961762,1.6637412422528142
-1.291114149924524,1.7175191742714147
-1.1461496048957147,1.859189913379401
-1.265843147403749,1.7305382193515693
-1.1148319644613918,1.7598177474188177
-1.1553118051696754,1.6779830795350428
-1.2109783279345665,1.813710469592318
-1.294999510485542,1.9647589862852768
-1.0927934837322297,1.8601829465142385
-1.2704601225933299,1.8789682424875658
-1.2824521719524555,2.2358087122925747
-1.2354525843268442,1.9787972429837044
-1.1805169900726784,1.8486171300911936
-1.2750490441802358,1.823768474849939
-1.2602726339670476,1.9110138722410288
-1.184479509689991,1.804567296507787
-1.2673403725919834,1.7992363793694444
-1.2859673078245903,1.9064213509955474
-1.150807506295217,1.8605816687283734
-1.238959524152452,2.048996136764682
-1.2633952297222921,1.7391748371924751
-1.2748545654591072,1.8413759215301448
-1.2292217533175112,1.8198276508335725
-1.2683827380357988,1.697158240204276
-1.1951350889348724,1.959297157624357
-1.2409639188086332,1.914605336972919
-1.0557392555860459,1.8117924613745964
-1.1630589370097948,1.8974137094909531
-1.265997187767073,2.032592427466117
-1.2856741160552259,1.9376359420407285
-1.285026774767588,2.0484462801918504
-1.1928472713481368,1.7070790606848782
-1.0117213402832095,1.9421913983560932
-1.2739549892538191,1.9916693275428976
-1.1940295763691577,1.9069139451958352
-1.1885133490095405,1.9025157575476626
-1.23021574943319,2.054635183150153
-1.0668298820842472,1.7814593844794742
-1.194072184175048,2.0318633191575857
-1.231294967762118,1.809417843966968
-1.1025940848729148,1.8439012886208916
-1.2523045289858692,1.979251313053767
-1.187979759867285,1.9187844005214985
-1.181423496457466,2.09566258345058
-1.2081415769501,1.7727588455727652
-1.2276197442106724,1.5759040437770033
-1.2828047853559659,1.7076797925011835
-1.2778633957023533,1.7711902597520155
-1.2879449200081776,1.7808803645673037
-1.119788102432729,1.8488828483766393
-1.1965718347036443,1.6120621127947374
-1.1860345325378119,1.9962362345950553
-1.1600804793103985,2.0096728295897703
-1.0969465889924548,1.8953839658981495
-1.2820056341355865,1.8884554802079094
-1.2937764243962848,1.7187006330654477
-1.178361702467194,1.9160079346609025
-1.190211313840317,1.7809274690925345
-1.217361111494452,1.858170675609342
-1.1316690579480375,1.9245800860156241
-1.2246762900994044,2.00674479325245
-1.2196636856571994,1.7632493929731032
-1.120456190360178,1.8713212966903998
-1.2326941829544453,1.8073969261691738
-1.2763535009271976,1.809581093663441
-1.247468891504994,1.718612887272281
-1.1263058548938887,1.8863767711453652
-1.2135053288377282,1.630165935837336
-1.2966724558928933,1.823178693850848
-1.2846891960212736,1.8970198946786805
-1.1849539142506,1.723434603518019
-1.1682744697285001,1.7455343440062858
-1.2114173159056494,2.00531211915098
-1.2373320610381051,1.9710145894509596
-1.222938088810265,1.931843599577896
-1.2807639554820982,2.0676522313707135
-1.181269781761136,1.757807205377139
-1.190797162720655,1.828909980314747
-1.215679297243997,1.8313896611446374
-1.1517682022159406,1.8187757899075372
-1.2958517405849914,1.8629679568752358
-1.1108289095050239,1.8726386217419895
-1.0357029371489628,1.8511255992811835
-1.2596768472250341,1.7447920432194732
-1.1045927527487556,1.7077327227098236
-1.2662829522891534,1.872456072286962
-1.271351709327902,1.8772423344070241
-1.0922608022196805,1.8489906334645532
-1.253840629859512,1.8415097468214647
-1.2782080887142324,1.8759739085221157
-1.2791075547231068,1.8973426736701733
-1.2547636565490174,1.8655375616701182
-1.0872386341450826,1.7672949077774396
-1.2529085388595262,1.8352337332476458
-1.2873761095468081,1.7324364039365214
-1.2622562663953225,2.0348673034940403
-1.1345306049917003,1.691114617703057
-1.217119760020269,1.747483390266523
-1.270256421234815,1.792087281595681
-1.2728921495150105,1.9649760937299916
-1.1763878072211775,1.845528068848937
-0.9238860698421305,1.7892726064082907
-1.1434120148040001,1.9340719711964325
-1.1183657443945507,1.855711069004704
-1.1881286623472962,1.7827133535021527
-1.2526166865798423,1.6962451427840077
-1.2650380032592698,1.914430586352743
-1.227054769714419,1.9259056297523425
-1.2699635985289266,1.8416886244851098
-1.2508910721917157,2.079154596682496
-1.0833847028193744,2.0212700296525488
-1.2365908602987448,1.7232542612908368
-1.2547589079242538,1.7396277129571134
-1.2870311820157398,1.8073834480026403
-1.0516907627987098,1.6815205530529687
-1.2471448317274165,1.902775611416107
-1.2354980076287905,1.9139854011043074
-1.0870084223685066,1.77957679254952
-1.2166976671407912,1.7645050749531501
-1.1381058641760955,1.8285338669220805
-1.2383219711257232,1.9608898603289737
-1.2732062372907162,1.8601833933987435
-1.2373080705391974,1.700630884269746
-1.2569435375801024,1.7931362781249216
-1.2055674582146845,1.742850479422529
-1.097290131649768,1.8261502257114246
-1.2632170491884664,1.7267480907745836
-1.0678365404394357,1.9170612501103836
-1.1982844490474223,1.921642840617821
-1.2783294467714836,1.93156210788577
-1.2474895911425268,1.6899406553972944
-1.2902403857839775,1.8671191349396883
-1.252863237993542,1.7305308948011822
-1.246397023908626,1.8673099526189798
-1.136036895830421,1.7505582297334565
-1.1596045802443025,1.658957271653319
-1.1758784782273377,1.7827547562322152
-1.196421264135529,1.9408277944089316
-1.0317987411900909,1.689202175733128
-1.164495164654325,1.7972246489441979
-1.2522349320645352,1.8994635921048728
-1.2758569374542723,1.8590522211791791
-1.2427861660857753,1.9275224398188915
-1.2209865067476857,1.7156122915573075
-1.184836939180816,1.8035810896083329
-1.2062304728351967,1.7707130285083872
-1.1887609708618156,1.8115806574428577
-1.1149871681461914,1.7565820929626983
-1.187818185685651,1.9201403036904625
-1.146063926752459,1.6252379228398393
-1.1909972603403853,1.760348722664788
-1.2451137498575664,1.9321038598811016
-1.0591158991929173,1.7285836050356431
-1.170162955959543,1.8916405554168987
-1.1777139321108478,1.9522349558172805
-1.2744119815551938,1.9100059302010206
-1.259198708876662,1.8514862104821206
-1.2928670191916636,1.854137907591681
-1.0813808696527438,1.862911073013037
-1.2524518397704898,1.7429604145793165
-1.26322869181404,1.9051325555044492
-1.1594450058926489,1.928552565996574
-1.1925479874612264,1.8432214062224832
-1.141904428378668,1.7399844886119917
-1.237597843564883,1.7026547732722608
-1.244790170082947,1.887119326006709
-1.1727294887284918,2.033764340698658
-1.1949804316855592,1.9121699543157815
-1.1956869581398748,1.6938971283206752
-1.207368236136992,1.7607706918814021
-1.0855657952613833,1.8655027075256718
-1.2771198710368639,1.9137068478593549
-1.2092527860507316,1.8209589975801723
-1.163641377292659,1.8820539529735827
-1.2895612805345502,1.8350328423507352
-1.221756394306634,1.9159746466730048
-1.053463663337263,1.9689925853847576
-1.2216373393350266,1.8333687364958464
-1.2532203861791757,1.8430409495212563
-1.2510616355903044,1.9103941349835212
-1.250087857541586,1.6869309148903036
-1.2339256386851045,1.8821120636357485
-1.1986764414694335,1.8880733781283607
-1.2882377790972874,1.885403403962554
-1.2258068687914383,1.9805340728307754
-1.0981742758909605,1.827426611976166
-1.2622901741314407,1.9372410863905134
-1.1946740083316962,1.6489428931084789
-1.2820005605040827,1.9758623059061011
-1.2129428699906306,1.9212778076040182
-1.1606137221686543,1.7707105921315756
-1.2200854106607366,1.8267476059960284
-1.0797876042366656,1.8432536303793365
-1.1548776837447938,1.8396451602987252
-1.2466518887988016,1.8857382552144744
-1.1633630157389436,1.9325381548069485
-1.2452335418852507,1.833649977698348
-1.2055416631876372,1.8091077212080386
-1.2734481961209114,1.7644475423361765
-1.2464797373145755,1.9237055357650237
-1.2313903278734573,1.8362363423608958
-1.2649939624551767,1.8493984359024769
-1.2501111245547374,1.880927068138635
-1.2881607635879855,1.903952815266324
-1.1754447296014319,1.8670951731916747
-1.2825122654367578,1.7929796353722824
-1.2095354536680378,1.7655313834881827
-1.241700598653758,1.873257401633038
-1.192460459499865,1.9396220884988231
-1.2348555470281568,1.8672034872347998
-1.1145062117952445,1.9718093329775541
-1.1303128711499228,1.8044028384211055
-1.218609903902425,1.8770623083269267
-1.0851995805402066,1.8275607437289911
-1.1789573789428478,1.8553802854831738
-1.133218986400211,1.9055803439877146
-1.2890921121235994,1.9650344191516202
-1.135838901905968,1.9492423654924917
-1.1139470452327631,1.9682372017908611
-1.2660378383326065,1.893659028756821
-1.2804589863665439,2.0018470984757153
-1.1379061826494872,1.702084738713194
-1.2022750905082897,1.774270231132492
-1.1717413478304004,1.8743707458164434
-1.0121162131427686,1.9944598899533457
-1.1734779240094275,1.7369496809028324
-1.286923039664765,1.903559313230478
-1.2202950562506871,1.7311030037831612
-1.2268712153499874,1.948354770337729
-1.2791683323022072,1.863758391659585
-1.1979710260128877,1.878245862718929
-1.2827175716825483,1.9133767707217502
-1.2738981185654197,1.8159509598273442
-1.0480132307488703,1.9660162246437412
-1.1717832717634022,1.7774587503886643
-1.1155863885906037,1.9338085733944212
-1.279833223179478,1.8129021785172035
-1.2699821415749295,1.7712748339719564
-1.251677228502979,1.9805408117034038
-1.1948969574831232,1.8625561990282384
-1.2653404014924672,1.9037399716343586
-1.1672365695087514,1.7524664779412076
-1.2290430253023683,1.9631902603200388
-1.1375823891041124,1.8478326543313204
-1.2740018482674873,1.8444330451782278
-1.263729325436534,1.862351901450937
-1.1863771256071882,1.7213324587319305
-1.0875260334084695,1.778006185393925
-1.2738958446073125,1.8322732194356237
-1.19738424361114,1.8406387851385642
-1.1305020888945443,1.7272604708447812
-1.28268703135275,1.8861005264718373
-1.1692303406061992,1.905531660627819
-1.1981131636169646,1.7353083424299351
-1.2637500496317675,1.75620214458697
-1.189274871980712,1.8886975826138375
-1.2491664156422007,1.8103421147253083
-1.2977027756498811,1.8705259812588384
-1.2692476843738594,1.9491279960277275
-1.1808068859023544,1.9116300130786819
-1.1145590083602042,1.8448883511007839
-1.1713786850948182,1.8281402703525642
-1.2488146303156074,1.9830782556363986
-1.2801522338547113,1.8144902589588052
-1.2294536492101307,1.7603964458669943
-1.2657056700443305,1.7729753886840778
-1.2380707462856864,1.7494689429655979
-1.2913242821606536,1.9176324529452806
-1.2207281203399707,1.8198335125076415
-1.1214200418201248,1.9305627744333875
-1.2989210239374511,1.7663978228786463
-1.2723680794462666,1.964056474558043
-1.0627813161565247,1.6753706835902442
-1.224537522308234,1.9414656936837784
-1.2518588597715168,1.89796854295524
-1.2625450936335973,1.9137077348039766
-1.2773734545540134,1.8737211254194033
-1.2929544587370803,1.6815565665653864
-1.1135550260029414,1.9544364249471151
-1.134664684948683,1.8040316249035195
-1.1822878921764963,1.883509019646068
-1.0848457399063427,1.9190915495891452
-1.2270690444255807,1.9355249470817604
-1.08871179596604,1.6885560229707213
-1.278246346087371,1.6523842734037255
-1.2683287291307646,1.7606902569964222
-1.1934227478358146,1.8323235422295931
-1.2183955344528377,1.7834574277176758
-1.2418940275740513,1.5444513279284897
-1.2534722444082842,1.7466667918174783
-1.1387645866160172,1.7152381033240194
-1.1693271815720252,1.5921416076285124
-1.224487536707373,1.6993104276168938
-1.14764625621512,1.631670990162497
-1.25830082456466,1.7849479245011783
-1.265053493549102,1.6578877214210568
-1.2724714062668947,1.779571740131539
-1.262315495903982,1.7362704278160186
-1.256320590456951,1.8957914863972003
-1.2751572861947658,1.676611652434778
-1.2720157141545068,1.5212801088340553
-1.29979031960298,1.7280158178770542
-1.2287851623025148,1.7516635784226762
-1.2594572727662598,1.5248018704096142
-1.2632683209935915,1.6861388378727937
-1.163849609957972,1.6799083083609216
-1.152973430426282,1.5122082120708402
-1.2010093714037,1.6411686367430565
-1.272343290008447,1.724633258938778
-1.2513143582970365,1.6729966884575145
-1.120631782766228,1.6786043630594805
-1.2284377989276498,1.592929524403626
-1.2754899000020374,1.5641617554415035
-1.2109752176407114,1.776995544802967
-1.0655571985049839,1.81351690523485
-1.1512895912080903,1.6874790092608345
-1.2915017160251914,1.495668103966444
-1.170249025965686,1.6122167540058425
-1.2901810962363274,1.6681756560629937
-1.2053603273046394,1.5408861421111362
-1.2913794645165788,1.6828102281989243
-1.1907839584384998,1.4611110385153072
-1.1268789317327823,1.676662148721329
-1.281384787057498,1.896562630297238
-1.126925875407575,1.5417735202752423
-1.175371775882419,1.8707804849811351
-1.2317995394439145,1.5647239418699308
-1.215612775561175,1.4465131478595172
-1.2960338341035504,1.8756597630903804
-1.223055508592249,1.640056919860328
-1.1520024557647743,1.4890504171814933
-1.1735939320711641,1.8058400483703136
-1.2915540496266242,1.6948177634400363
-1.2332657739823873,1.866252466262733
-1.2192138923480191,1.650680819962291
-1.1436331908823576,1.639012183415624
-1.1272323422950266,1.743864558661848
-1.2572465962478905,1.5624709475201377
-1.2341982819992277,1.6894171186839309
-1.1475447272799195,1.5326375698922337
-1.0733906101765398,1.5852387622959592
-1.2247008002947521,1.5212969021353242
-1.2761831783379325,1.6437581005544881
-1.2484498353670248,1.7918982087504736
-1.266800728459097,1.7959457434298391
-1.146142029124966,1.6499198021657169
-1.2404097986394074,1.7433249469675727
-1.1736395385784142,1.8295477309776387
-1.2226196881187665,1.6369129961377418
-1.2214394648823144,1.663041755935503
-1.195179046024339,1.7523878774101571
-1.2966245243071783,1.6670511787851183
-1.1618472553039227,1.6798612368973649
-1.2337010394308021,1.7401316053655225
-1.2128135387405798,1.602284384267878
-1.2920517722943121,1.7725404450678908
-1.2249856757712365,1.536817553172561
-1.163676262521469,1.905370595889483
-1.150344724818139,1.6431932585210458
-1.146411009282756,1.795624434423039
-1.2949139774179144,1.5141265461069282
-1.1597899858700655,1.8399249204327213
-1.2089266081428065,1.7010058856789847
-1.1207405852312475,1.7150880281923486
-1.2485783465841953,1.7034070210985814
-1.054541748577225,1.8340448850182665
-1.2928248001293992,1.7574939663585605
-1.2385786636102136,1.7196333148174723
-1.1425618762161727,1.7137064972427827
-1.2608723596896816,1.613958952763978
-1.1426803316382146,1.686279311627232
-1.2593434323308719,1.6271317881814475
-1.1958437816422027,1.6609143105060993
-1.2298652595543034,1.617817096353794
-1.1965238608609734,1.5825437126155404
-1.1639267697090105,1.6591596293711097
-1.2446095753302093,1.5248014619785124
-1.2605174416085454,1.748276193908684
-1.2576397456279251,1.7575571160811099
-1.1943692572881206,1.645258362268671
-1.2600292717095927,1.5900141739725335
-1.1555784629550574,1.5182827615070786
-1.221211958881705,1.5923728160641206
-1.2777799451577596,1.4376195424912388
-1.1529432894733314,1.8042864541387795
-1.0839002262301274,1.9210265067312335
-1.1783777527359174,1.655977751126318
-1.2533708092826774,1.7058218625075388
-1.2721625115986332,1.569269396984224
-1.1776343633127573,1.6669623891079621
-1.2382135115989266,1.5869354228609172
-1.2642190825621606,1.6881141497050611
-1.252899103459372,1.6664718044771378
-1.1457145063379592,1.651906596646586
-1.2396558812036456,1.590789022967945
-1.126505885065433,1.6140255123627087
-1.244946939724289,1.6800476255961343
-1.2693698999662948,1.7223357530150059
-1.243075386573362,1.4831500375389135
-1.288618198375052,1.501307034864549
-1.249475609838884,1.711565486260966
-1.1771949733184492,1.6622198879053192
-1.2787798768995096,1.467753153661026
-1.2115359286770642,1.6284118061020911
-1.1910175979652238,1.7331949401825943
-1.2249867241042849,1.4355800720465437
-1.1294263268678304,1.6222674137828796
-1.0367412239724685,1.7823879214559666
-1.2775179896768385,1.6456644422818139
-1.1523956155908395,1.769731616044443
-1.063573080582988,1.6185627348577634
-1.2441042451880515,1.745043770468137
-1.107148380890243,1.6122975901122867
-1.2970289250696054,1.7416898487066192
-1.1779163228410456,1.5502225613702503
-1.2775935898607083,1.6184167004419803
-1.2600322859781128,1.6539638201124836
-1.2242508555016647,1.6081287849420265
-1.0177773491974877,1.615036511293032
-1.1367004484365872,1.593289782265426
-1.2691417025523333,1.6810925119021656
-1.2977705030923228,1.7263749741215184
-1.2233676186009323,1.6012609972039418
-1.269410229564317,1.742471059793684
-1.2951811529163548,1.7307945116680896
-1.269995823038658,1.560280448948055
-1.2809936161213527,1.5548847906264156
-1.1916133522926902,1.8679175000661237
-1.1766188515455456,1.678633633450133
-1.1085880312379872,1.6446287507182635
-0.9787821487609885,1.5504928526717057
-1.1338811163407858,1.5152969898809567
-1.2266010724726026,1.7812600305409598
-1.1102478894424261,1.7478388681240955
-1.228183774488275,1.6106124173660548
-1.213632038802395,1.5782831246589892
-1.2756482281815886,1.5612244805377422
-1.2283563490297533,1.5669542029977537
-1.2118805459454967,1.652222007470046
-1.25470595776497,1.6965581011620772
-1.1947268529518713,1.541933459369705
-1.1495379148812679,1.7014386672275865
-1.2285010456619183,1.6199880024327937
-1.2813403683002933,1.5779788336069611
-1.2340046141864152,1.6932473017770509
-1.2249674532748316,1.4527191809958033
-1.2716204481040705,1.6024321860449728
-1.2691700142929507,1.819410557535019
-1.2689630825473006,1.831138688251434
-1.254457366784602,1.6073822819438517
-1.2234810840340988,1.699293336767401
-1.2329334714516949,1.5843830756844735
-1.2005204734888308,1.6009096831769138
-1.1061606476654093,1.5240482710418064
-1.1815668484771988,1.5723662354702854
-1.1985538657283181,1.8057533283290097
-1.1674026550760752,1.4831252447660965
-1.2737336393709082,1.7219970596962904
-1.2536040981276335,1.5270836650652377
-1.2026146423315356,1.940469349166158
-1.2256604926968973,1.5257879634555107
-1.0897469262494721,1.5732893466213669
-1.1364719387548172,1.7354611146421155
-1.28891087525263,1.5197544460903798
-1.1915243563417035,1.8157884638632762
-1.2905684983060426,1.609607589771835
-1.2431751866845906,1.544689768308635
-1.1772569764086056,1.6349126331446047
-1.2100732344111347,1.3928631265673674
-1.1513870290345045,1.7712691276091062
-1.231177246968884,1.569833253649715
-1.2228288290636624,1.5925794097035462
-1.24427060973019,1.745916155489903
-1.1293389468932133,1.6953483610370985
-1.2782101883871717,1.6861396183469393
-1.2904335087010146,1.5863407405313714
-1.2898701838629263,1.666459845689305
-1.275392496843781,1.5862264016391219
-1.1740161400157787,1.6935186061959486
-1.2219695081604687,1.6518931333520233
-1.176285170504433,1.4640305810695562
-1.1105481623359843,1.7193203648292072
-1.2136448591463713,1.5746577411975378
-1.239085354503481,1.574444163154549
-1.2555155155850632,1.7522984982909644
-1.1419386783928045,1.5252720269205673
-1.20919247691523,1.804213116870314
-1.1754106072458685,1.5389438311083516
-1.2053039422806349,1.6584460789452642
-1.125287576063851,1.5648257079982086
-1.1408762313924656,1.7777148129414508
-1.2650763564962688,1.6506683156718343
-1.1114521041281198,1.7461342711291024
-1.2379776822952548,1.7661550412975933
-1.1608490522861674,1.6057164047644827
-1.279797555915838,1.79823808212575
-1.2184265619620236,1.6252217591320437
-1.2936626858606077,1.68681275317104
-1.294695635415254,1.8295866156596337
-1.2309320777000152,1.7703753341531812
-1.2952248474172372,1.6992568879759877
-1.2458989289440285,1.5037233440568507
-1.1921539570547288,1.586579829771302
-1.144635746408658,1.5473466501658215
-1.211642801223157,1.6939194340327515
-1.2675929189850283,1.7376614773943608
-1.1584740896381955,1.7407581590110464
-1.28991896054895,1.5618318334934915
-1.2984329126389902,1.7053146540060184
-1.250168384791064,1.594796027205117
-1.2774346318243333,1.6557931857659125
-1.1495040554430722,1.6875137181846067
-1.273256651761881,1.7527313337719088
-1.2296606631493456,1.6238735282345993
-1.2345400570198493,1.7687959992619422
-1.1679184938679126,1.7687649325728354
-1.2282437071721108,1.7508205585643686
-1.2590716128340296,1.7005926923094128
-1.207034921945109,1.6318779225275097
-1.2738148780918364,1.7013247376861924
-1.1510881609231598,1.7036802764413566
-1.2350788690379184,1.6506687841489027
-1.2828548113483995,1.6242897610703313
-1.1102744461509781,1.6949561856710993
-1.0339593625075771,1.5623799088867463
-1.2187073713809515,1.5674841446797316
-1.22556990072079,1.5760407507011722
-1.2460815678302843,1.5883963942958674
-1.2658017024501282,1.601388038841054
-1.0590926639175022,1.8602301820756773
-1.1688962302074384,1.613310291630346
-1.2521477824427285,1.7137258072659203
-1.1476997886764402,1.529321540496893
-1.135329872226097,1.822087468558437
-1.2071050582364227,1.5814357099128011
-1.195861804662019,1.7078942848471628
-1.1789945037007261,1.7722511723635856
-1.1883011810593676,1.6227086737981464
-1.224110310535048,1.710025033721321
-1.0950401599904311,1.6823465568344362
-1.1458616163089383,1.7076369917442087
-1.1553744986914847,1.641432477828627
-1.2795519453635387,1.5201830932856852
-1.2901930108759603,1.6702008073578356
-1.1619835795318734,1.709642809775254
-1.2071979339507484,1.767539077629022
-1.2335348376515904,1.7172114443618594
-1.2971067968049692,1.5108451415235469
-1.2341728270805274,1.6181920336874729
-1.2671376485571646,1.6067844584858215
-1.1874231680603315,1.6179997899199257
-1.1337035134561988,1.6640991403892407
-1.2837095204833093,1.64528079238804
-1.2732271071367385,1.6341159003178491
-1.1826900879061208,1.597263261934103
-1.2265870148951856,1.6594257401577983
-1.097971918843152,1.3921911856555451
-1.212058596985075,1.559831127207328
-1.2800740391146805,1.7004687339177478
-1.259727056999162,1.7165711979864062
-1.165308979574496,1.4519191576586334
-1.262926330765341,1.4378467369455652
-1.1005165991868486,1.6103781947776101
-1.041409159821265,1.7623235876671088
-1.2930605070229468,1.5451307798255451
-1.2234007145973171,1.698970718044402
-1.213779151690695,1.6334594362781876
-1.2710146962337279,1.811340531857738
-1.0511021925615311,1.632406651400939
-1.199202035677143,1.4603044183682425
-1.1877049729207367,1.6805565360404688
-1.2359201823014174,1.6425320052003787
-1.2410346573383426,1.5370478864193067
-1.2556536502258662,1.5471673703846098
-1.2893490750843646,1.7916235460814238
-1.2919559689037197,1.5468964421049387
-1.1877599159386079,1.637356049446628
-1.1135161472986252,1.5518317454549224
-1.2856859717913243,1.6016933164924825
-1.2487438824854864,1.877803469229934
-1.1643488520637186,1.49946202471113
-1.0655103700321538,1.7189014552418265
-1.2598922777314532,1.5914816199635593
-1.292360693023764,1.849928397463328
-1.2047829401110546,1.554757487931123
-1.2109191605595764,1.6589300544054877
-1.2015460808215377,1.7706645794492974
-1.2937831814587926,1.6813396374154845
-1.2215201158387232,1.7151339404158772
-1.2048454885936493,1.6232998947483883
-1.2694968593852385,1.6975668367530417
-1.236536538426907,1.5948124674718718
-1.2589215288278282,1.7634215285927066
-1.2952409988155882,1.5623819712226121
-1.2574885018838622,1.7893823390792258
-1.1954717249589266,1.6048679526703675
-0.967037480018702,1.5306045093579577
-1.2832447931762199,1.7004989144072211
-1.213584221260668,1.6972011221922727
-1.2839722909052438,1.611021929299134
-1.1779294887303442,1.8702303945958028
-1.0845209035195724,1.7645933059954875
-1.2138965480331612,1.678096696055793
-1.1624056783996686,1.5193265164292633
-1.295934676570344,1.6636672340612466
-1.2022191819432964,1.5441209152174915
-1.2346552338761396,1.639356849828954
-1.2438311761750513,1.585292912073487
-1.2660329874532743,1.5745010225871572
-1.2070935982904263,1.6790940827072236
-1.2014330684751429,1.7942668082209756
-1.2339996916850644,1.5170673147857177
-1.139398834698737,1.530164008058926
-1.292335799197608,1.5114992147622304
-1.0239090073796104,1.6465229584003709
-1.2418016041192945,1.5554757738882186
-1.0864588955435965,1.5947879460823744
-1.0844038508247122,1.6661585644188277
-1.2756909884003689,1.546493125040621
-1.1610381136646184,1.7239975813232664
-1.256016450244129,1.7284168839341882
-1.1814344022528895,1.8544823665208054
-1.2153636345608487,1.6560482404106287
-1.2986342558461421,1.519308403362617
-1.2896476970628474,1.6541626676750636
-1.2795447639979947,1.8011770125149225
-1.2384688618499995,1.6444899397576247
-1.196320958823818,1.7675897168457204
-1.2526527819201223,1.6361679355417285
-1.2644090992495014,1.582555268607769
-1.258803541373132,1.6086742094785438
-1.257104025055797,1.6360878047989689
-1.271980403277933,1.771340101330069
-1.126665746890627,1.6931386951500618
-1.1363923158117206,1.6534691958673662
-1.2422739012494262,1.7957299541778888
-1.264581047604679,1.8310835118481676
-1.1685919158977907,1.7571900842414627
-1.2924531714542753,1.6360997440158433
-1.1499905589420685,1.521194840626906
-1.2752865655814023,1.9344739693517512
-1.2289657804479837,1.795318014892678
-1.2134113583702997,1.701345990607722
-1.2209967591254356,1.6639651635832544
-1.1468129754921688,1.5514495230264573
-1.263536103420612,1.5403683525017762
-1.2417296974891487,1.4431999787613226
-1.2710583417938974,1.616910712905462
-1.2215326845154195,1.8162500893255655
-1.2305628206140218,1.5890083936280752
-1.2676741231883255,1.8213925294895361
-1.2753657828276272,1.6689360045199535
-1.1577001907300464,1.519338601892977
-1.2357871233741777,1.6843983338475605
-1.2697540797058608,1.5850853627254844
-1.2908880825379467,1.7109831108971685
-1.1942568438018122,1.6406883654223139
-1.230368942129676,1.5416807703663238
-1.2652797321882676,1.6912049357007324
-1.1363308599760624,1.7976586240101913
-1.2543781974140151,1.7607184624654175
-1.1453214129164866,1.734742294734553
-1.2472345410422414,1.5975513149703633
-1.0298541008608721,1.759607281312195
-1.197733247958878,1.5781912397210627
-1.2601457516388277,1.6557424780802186
-1.1989339418578044,1.56811240930653
-1.2731038321307793,1.5789277592569075
-1.2641440729668554,1.84887245816748
-1.0999258647648387,1.7197381142807027
-1.1321858189972454,1.5538853373711017
-1.1985932789006755,1.7796035407997537
-1.2927482290239358,1.6653746023528153
-1.2703319264411992,1.5971656898343267
-1.0856114592975072,1.7038888097045626
-1.1765244094098524,1.7093114729978172
-1.1537854377654364,1.7660386036948106
-1.2962343445986353,1.6224274038442925
-1.257582686735304,1.8480034074032772
-1.2521232592546547,1.708546970700345
-1.1998891720407563,1.9678957894770608
-1.287766138257904,1.5690904407767208
-1.2236077105589924,1.6489374371409262
-1.1300658744346905,1.5150922765352326
-1.1037572658063863,1.7775425801821172
-1.2280003314259753,1.5474468110703692
-1.2922633517549178,1.6908184022569448
-1.1942872142949612,1.7616943432304804
-1.2202055819261204,1.744147049181357
-1.2207582448540297,1.57397617994958
-1.111478147509817,1.8013142991381377
-1.0592974556222858,1.7646750636975925
-1.2607694297212535,1.6534755498711955
-1.2326112771813553,1.829989545245499
-1.2333119019692027,1.453418464774849
-1.180998561216845,1.672529391662534
-1.2847738579794021,1.7549743755160172
-1.2807384628618037,1.5323855371100887
-1.2222209161930948,1.5498680422900744
-1.2713998490900256,1.669132421567249
-1.1326645533307993,1.839959151737879
-1.258263626756823,1.7185738748498391
-1.224371802158267,1.5637179162846657
-1.279469945581242,1.7104706419169526
-1.165832362235514,1.5633219528801252
-1.2730794385942386,1.7849444128948604
-1.1000463696563016,1.5558594830241315
-1.1263685224395332,1.630148113348913
-1.2106730924210678,1.6252865105308583
-1.264388217279859,1.6579419531524553
-1.242995329969597,1.7636777115220317
-1.109150468903183,1.7557413562134396
-1.2380299388330667,1.695682670124949
-1.276030151357891,1.6504797674709137
-1.2672443335104402,1.676347781587823
-1.277427231670494,1.5832115945320167
-1.2230784510135302,1.716576805838958
-1.1591939473842658,1.6711070709419593
-1.2564568791711084,1.650333191398169
-1.2516959280412425,1.6112700902912842
-1.2774215915434226,1.711395108450055
-1.045158017813352,1.6126187911634167
-1.095502175958813,1.7283618507328187
-1.2191922756351021,1.6829234793152725
-1.2111077752664332,1.662298076734115
-1.2660580412331215,1.6400553287540807
-1.089115275228137,1.5722469910082233
-1.1760250640604988,1.6786796708932874
-1.2096078711157499,1.6449486643285247
-1.1385836695647151,1.737817454170939
-1.2484534355185808,1.5148439079655802
-1.2597007587657676,1.3691749575947392
-1.164772186342842,1.4888413204019644
-1.2359998312228315,1.7431887387701335
-1.1943826364185262,1.658976678826563
-1.187340560134487,1.8085005597402648
-1.2222899448959008,1.6532425775997421
-1.2535169190816244,1.616980454691163
-1.094593764914445,1.5799434206328618
-1.2149170580793676,1.8207054770337274
-1.205101761258395,1.7178984287519539
-1.2960922820427792,1.7808849351875828
-1.2398529763388813,1.5248592142256971
-1.29534587697436,1.5192783761998818
-1.2311357236978697,1.7099154673049195
-1.2122904144916717,1.5499672219530998
-1.0618726746307618,1.5838327844142286
-1.2521443779405341,1.7015097426512886
-1.215760033386664,1.598634791462744
-1.2718143621896838,1.7466313816049974
-1.235877783641939,1.92458905800286
-1.1407809875991564,1.6567950308158137
-1.2224069386787761,1.7198676723982682
-1.2851251107945987,1.6649004052450957
-1.269363573669987,1.7422019138101335
-1.232078912994479,1.5874283422630144
-1.2664315836611695,1.7771920566816815
-1.2854890560408176,1.7464330345248729
-1.0795665767691607,1.6151529206218174
-1.2268898798044598,1.494626946011687
-1.2517367900513423,1.7549957194419283
-0.9918808335860425,1.6474651059632492
-1.2902505545789031,1.6067317971980313
-1.2487306614681362,1.5069388824621301
-1.2932329484632958,1.5484655877960025
-1.176113960123195,1.8502078816569048
-1.2594204866651142,1.776371921419126
-1.2280644606985331,1.6144142469004452
-1.2528104383488254,1.6807334713568973
-1.1942438175625227,1.6915024235332168
-1.2692546087590673,1.5895584944246826
-1.271755315690261,1.797758136259432
-1.2344894553874426,1.7154982640836822
-1.172861469886063,1.761200642251457
-1.1727458182387829,1.7821525445637623
-1.2996223713459627,1.7365836732284976
-1.160427907304024,1.573813355750292
-1.2373420908352881,1.5985573401288815
-1.2899607587463267,1.763095801296117
-1.0958567481979824,1.7092337180147266
-1.1693942026053104,1.6530963090650905
-1.277724419705426,1.833336476142117
-1.2609758231544945,1.6515890013449588
-1.1950033868741887,1.756170531472527
-1.2869750557705937,1.7595692446296358
-1.195975650185887,1.7114254059325091
-1.2559543205468788,1.7613564011367853
-1.2743003664425023,1.6758083209407866
-1.2847900056948474,1.6221395053459446
-1.283118577549958,1.5995759363653437
-1.0742891383622533,1.5566891667069322
-1.2704719066502834,1.8847995014523864
-1.2478004328120762,1.5857575084213535
-1.1905698176653494,1.6469166294945132
-1.292534529125585,1.6258015576907026
-1.1736834610879057,1.8330935023478008
-1.2653696795165474,1.6700636506688127
-1.2393693480939119,1.6123855748270985
-1.215662733099045,1.4746651385493423
-1.2036090829844273,1.5964701712431504
-1.2920431883426102,1.710315245867836
-1.1548214341193344,1.4943823616209688
-1.1707658338735678,1.6650957052608306
-1.1482893582275446,1.5152181625359686
-1.000625970038554,1.7814790312174116
-1.2714045844195485,1.6127584765756655
-1.2353330650159775,1.5517597086574084
-1.2508511558348894,1.749364114870927
-1.168981931801539,1.5983298073839984
-1.1834658646845555,1.7476788468473412
-1.117467681694888,1.5224639373768842
-0.9996507319988677,1.4526969077844252
-1.297854341227472,1.5896671686571184
-1.2739453598043018,1.6567682460109987
-1.1603197613710676,1.7854855880198466
-1.2300529378436589,1.5604271270391101
-1.2910884381656234,1.6615755864032973
-1.198210749920292,1.7438842658299467
-1.1596547879354209,1.6243568167650786
-1.2324285243822246,1.701227686605003
-1.1975724938556724,1.6868607053766784
-1.151575488598876,1.588160411751588
-1.2159607492598872,1.606022738704557
-1.1657745294343345,1.7023110836785755
-1.1135281253314584,1.676942436197938
-1.2337482216815896,1.725695085875878
-1.162096632166603,1.7479280673159099
-1.2394313584064072,1.505494441491192
-1.263429577570136,1.489246593456735
-1.1855153668772809,1.7039977358381004
-1.1783928651555888,1.7650307214555645
-1.2232580390000463,1.6525316647287487
-1.1999190658899057,1.5769142336147286
-1.198933330951925,1.6515326264416514
-1.0993219078441276,1.7379298537876733
-1.2545530498290316,1.713928178002084
-1.2570501546273103,1.7476467409800547
-1.128677502545098,1.6993482625239988
-1.162736825862672,1.5324519087410517
-1.2474912282804582,1.6289402117634284
-1.1570048093307035,1.7712043930353731
-1.2597640735818776,1.545346337188765
-1.224173763992254,1.64756701075104
-1.1400520342764897,1.7777753437115873
-1.2190932457725876,1.6026426414376436
-1.1977273412261298,1.6282109674705958
-1.1921010900758109,1.5130652592831961
-1.260996293799796,1.4634072247378558
-1.2553752214527605,1.718460852125467
-1.2843818290389348,1.8176085829452024
-1.1569449199443438,1.6416799239840725
-1.292951428926829,1.4460637755342458
-1.2727943263027035,1.5217204789009884
-1.24328638709152,1.6857235878388073
-1.2340282808610952,1.77007847260603
-1.2350551091800646,1.6854952096208453
-1.2682531457707336,1.709118024437906
-1.2696526195725741,1.610601392852194
-1.1942413958018245,1.5495262014510032
-1.0670261400291006,1.6602621271976645
-1.0440780432610866,1.557399752510913
-1.235353888932721,1.7186171449097136
-1.183258146539976,1.489124537926469
-1.2846145980806378,1.7098493431879136
-1.16269260504173,1.7167854707733103
-1.274459128993743,1.6497066621620722
-1.1293758787887855,1.7438948319660856
-1.1796048613374193,1.6746282172250757
-1.0802738509384444,1.541716565115238
-1.1851981227320474,1.6226402104200268
-1.2069167662345492,1.6899403036026048
-1.152589076432383,1.6624679909375113
-1.2828255196956546,1.7761047342837677
-1.2326260661690838,1.7077050367725413
-1.16236812531354,1.676374093585968
-1.261630028354158,1.712673873915495
-1.2702154725352548,1.6248826252148059
-1.1910379235448336,1.7168584061825303
-1.120115508296944,1.6520908658311413
-1.142719690105995,1.7558361742240947
-1.2331595437408363,1.5846430816136494
-1.2959964144170828,1.6983587632913268
-1.251881648551155,1.7191282185668442
-1.2902675539790023,1.7921079700379674
-1.2273845508840429,1.8091236770635344
-1.2582885888493627,1.6571471884152855
-1.2450768971190707,1.5172804118743128
-1.146864354368719,1.4970528166573986
-1.2155007998861127,1.770428519369749
-1.2369145255834837,1.5593825044144929
-1.274667637053166,1.8152366371999846
-1.2065595027785307,1.7790512470328974
-1.169457323866205,1.64623498914031
-1.2636851292592486,1.6816871081157119
-1.2678757337953994,1.4632184790094926
-1.2407595287199855,1.6412638674165592
-1.0461750911742298,1.6024585141665364
-1.2946102194767313,1.6095826088329361
-1.2575537854464272,1.7245031335714953
-1.2568013256368897,1.4604276369235274
-1.2682941472908162,1.7543077055583525
-1.1386372225505061,1.698997865899181
-1.2079578283966772,1.752592864736592
-1.2381877366088467,1.6731469747370322
-1.2081448822019916,1.7537676382475036
-1.123056373353423,1.6060439786162506
-1.1216038447555445,1.6715619107794797
-1.250736913193574,1.7009080839003061
-1.2878902206508884,1.6790581000585079
-1.2150221937384353,1.6593721899992546
-1.2925710377503574,1.5994034206190306
-1.275285909934317,1.546334456163559
-1.1828484617522845,1.6049258618315323
-1.2488792162618327,1.773303055987798
-1.2174192922184257,1.7100878508337445
-1.13143644093686,1.5807688289781165
-1.1512498098077688,1.763590438817143
-1.248105105853263,1.6872184520108031
-1.2524082000530812,1.6822583680760617
-1.0204875095231511,1.4824288248437982
-1.0547018107348811,1.614489007260632
-1.1413349138375646,1.7629121573447626
-1.240909165457929,1.6553629110354189
-1.2103197602570466,1.672284114465701
-1.0393635023588588,1.770479071473753
-1.2676332241772654,1.736855435289222
-1.172764079019222,1.8170164782893965
-1.0358883713873022,1.6041537047489531
-1.0897418013625715,1.6272752618753545
-1.284697363868906,1.6824173048581101
-1.1957066200990105,1.5981857866847522
-1.2867186033827827,1.7390693919846116
-1.2686137449738042,1.6599089461698004
-1.2336853112908381,1.4596837908711517
-1.1904133473057872,1.5930717020392842
-1.2170522046363232,1.7255146173716096
-1.2055399096486068,1.7297494641034235
-1.1677865706634087,1.5135085741599041
-1.2402213071143666,1.7226168339831225
-1.2250431048590524,1.5603133266467746
-1.143332578736112,1.6815330698253992
-1.2392574544691493,1.694007546174029
-1.2934710548033108,1.6630021211863208
-1.2552674627337557,1.4981238432677146
-1.1139424280896497,1.7592241800646669
-1.1143893288544653,1.622124472655117
-1.2319319504153738,1.7893395190045271
-1.1953423337940519,1.6094550560387186
-1.2462531924361036,1.645211688287943
-1.023230705044778,1.6109461413683124
-1.1908867085303334,1.5628331081669418
-1.2607933416770065,1.5822895453337038
-1.2498576182369687,1.688002388990584
-1.2434467504671276,1.7552310484551805
-1.1155770837761163,1.5097007571201833
-1.2668551334406106,1.7751792387260945
-1.188520336700544,1.6100435355213345
-1.242843604678472,1.4756649975164768
-1.1539016652704321,1.7505190502632684
-1.2611892169425507,1.5899066542239972
-1.287907766308681,1.6920041513928272
-1.2662791110420928,1.8942550942541472
-1.2047921290847619,1.726377768708573
-1.291198107766721,1.6342198831331278
-1.2136396563235101,1.732666641960553
-1.2599998676457032,1.6486228044170577
-1.2376762539373258,1.762674296621164
-1.1486119244994155,1.6883525488532038
-1.158240283053582,1.7219293831827887
-1.13367542963578,1.7237645569231093
-1.2460928853147752,1.6882061153365537
-1.2794222632491101,1.6816242458245827
-1.1855329633261598,1.564243728783834
-1.2537777939341292,1.6981291482321557
-1.298525330255812,1.7109961617878322
-1.2694055892670686,1.827868861230028
-1.2696050067102815,1.554195256305979
-1.1927077522172111,1.6088625158404164
-1.158309077624371,1.5294900476091018
-1.2941758731230748,1.663619934677882
-1.2770804195221894,1.7239567002694849
-1.2016298060082558,1.8268042714748098
-1.2011468546045487,1.5956382750142875
-1.2984746292210374,1.710244234647102
-1.22870556593251,1.7375193566817693
-1.2796089789161122,1.6393185828572479
-1.2587561619059167,1.617708695316943
-1.0291939144691753,1.5766855235173254
-1.2432301342677852,1.4994460580530757
-1.1813729843079916,1.7570386153972977
-1.1230509680213125,1.4867721018576465
-1.158812764408736,1.646256642870633
-1.2947122277065009,1.6946994374631792
-1.1476257256790878,1.614793814363323
-1.2362466122506788,1.5971978455563096
-1.296386135035084,1.4119893754059987
-1.170835394787904,1.5839599745724389
-1.2282079618119714,1.6691238265440156
-1.24444374895516,1.6373681307109562
-1.2110877654140302,1.742852914266746
-1.167571857142244,1.8747096301019006
-1.20350246695303,1.560244978235391
-1.2990741865174604,1.6400638440738937
-1.2931723099492771,1.5880706712499568
-1.1792744393989656,1.9139379871629507
-1.158566547062644,1.6930440860860867
-1.2381262660081545,1.6991502108641232
-1.2779237288778096,1.6684741723205705
-1.2935228099879676,1.5283665372143214
-1.2414766525657457,1.6303660463976177
-1.2998619294871414,1.5220052229998968
-1.1785746914802397,1.6686355731312374
-1.2638884313247336,1.6987886940256687
-1.1438075692412,1.6884787464885027
-1.2432982266885795,1.5771902953425292
-1.2701277562486408,1.6914195229079962
-1.2308385644204543,1.6015721094915882
-1.2905654435382188,1.539377829361754
-1.2646723047533166,1.7000886571984761
-1.2876926506348498,1.6943374498792292
-0.9252256164827479,1.7789666320605126
-1.2564707940132354,1.6329461182059748
-1.1752507796321792,1.5392841247329099
-1.2380594750291423,1.5707453516945207
-1.2834481966022528,1.566526502396624
-0.9951203123110282,1.6551021076849275
-1.2661638895886225,1.6404340569561244
-1.2436709750967454,1.6546129897003863
-1.1953445226172221,1.7426770342925506
-1.20372785252116,1.724510440330457
-1.1958457657838275,1.6718026578282066
-1.2378305174285424,1.6474074329612698
-1.1137640647111393,1.8307753893281458
-1.2861243364952053,1.6306317914111497
-1.1680543447982412,1.8075329394261002
-1.1722099099487866,1.6623325699386096
-1.240151507853583,1.6388543339111534
-1.1637985432800955,1.833690336366287
-1.2437934209346304,1.6320011039742657
-1.1777031330200605,1.7486630895096595
-1.2619555429959162,1.7226468207048518
-1.2089426315101144,1.590731993640084
-1.0971039438858945,1.5309410774023793
-1.1102753851760667,1.5611430821602947
-1.2645781888674112,1.8746758050125387
-1.2955037956235838,1.5879420897284537
-1.2522557073044362,1.5574078834425613
-1.1289953768981689,1.7046930121709385
-1.2287423655681908,1.5670380721054014
-1.2829711417456977,1.7019495725782583
-1.2113411681651227,1.7091799707365654
-1.1780561178875573,1.5510874822540346
-1.2979755091814382,1.6434607758812754
-1.2676600171909793,1.76840325784862
-1.2991540206708285,1.5993593563766444
-1.2746425062560447,1.548395878467037
-1.2715081923863107,1.6456191434926803
-1.2972674094098708,1.5686513521710175
-1.2976960985851584,1.5700922526073444
-1.2818016642169652,1.6885892382279895
-1.2936609971560975,1.5499146584503867
-1.1943062660645007,1.7240080443881143
-1.1506763184005093,1.7306345494856448
-1.2582174984288366,1.5704438784235022
-1.1364263167089865,1.4886185671750598
-1.107167209241512,1.8424514777586172
-1.1974748596407148,1.7327061049124715
-1.2967651709683943,1.5028996560480397
-1.299644459625095,1.6813158364942142
-1.2355613145170992,1.4781119711202646
-1.0744358469595938,1.4779467029302857
-1.1698303572318236,1.734385390268719
-1.278867123466564,1.6622312564185886
-1.1774614148273976,1.5444704970786534
-1.295759866654058,1.5928779142205702
-1.2513124834904543,1.777346315913848
-1.16982941198727,1.6919087476281467
-1.2709433262748941,1.7679079657990768
-1.249589634116574,1.6119332161516933
-1.2300446342713027,1.458366968491093
-1.1992444604011812,1.5868998184581822
-1.271910523433331,1.752631818380978
-1.1017093678102836,1.6792690085351694
-1.2628772341438341,1.5919652198101193
-1.2987467501419667,1.7856999771979918
-1.2729491559543709,1.7650206909754649
-1.2765968885173922,1.7268020865971698
-1.2977318218138503,1.6741140461617188
-1.266339580013489,1.5810965044148673
-1.1801812017200248,1.735715624430319
-1.268820575296679,1.7235980968550564
-1.2148893882365723,1.5808597512397762
-1.1938279657393607,1.7894728686559642
-1.286227149607383,1.7454562278464079
-1.2865917688184405,1.7601984184090829
-1.2788764635686456,1.5802128213651736
-1.237266889329035,1.6598744244705086
-1.2310968806309635,1.5913983152162399
-1.2766917954855552,1.6805985574815774
-1.183048125309436,1.5498765314983978
-1.2618630123870296,1.7991126853448638
-1.2387839521149968,1.6483588236974804
-1.1519074415809138,1.6581153047793635
-1.2672287601126602,1.5691588891761024
-1.2719154330133706,1.6339221616199135
-1.254563020674616,1.6622175060270776
-1.2344699705059472,1.774974252011093
-1.1881484903512347,1.6775859082021871
-1.293607681023915,1.788501334982857
-1.2996824598492829,1.7196219961007269
-1.2200613537552418,1.6411672318284167
-1.1875513824507282,1.7769482797092069
-1.2432832160106764,1.508750223653033
-1.1804111499716157,1.600930659068222
-1.26713436181643,1.7022357630152973
-1.1764756337582174,1.6924490192827202
-1.2858002415255192,1.6142230841386909
-1.232526993636594,1.655743794337029
-1.2334934742918116,1.6776638145040264
-1.1997627600725833,1.5142325902894191
-1.2625475139214162,1.7485226121352113
-1.296278138388797,1.6402321937635134
-1.098472498092943,1.841655215445075
-1.1942444672345478,1.7149517864614683
-1.2158085099168703,1.5003511384588428
-1.1655648441016473,1.732130465759355
-1.2710189522944113,1.7568991976717896
-1.2158558314604138,1.682431390737362
-1.2316207010752043,1.5982898567208077
-1.25677220261459,1.8418647559076111
-1.1812337186134048,1.6004129456959
-1.2113372151270685,1.7196533760375496
-1.2616684800955464,1.6610775064683059
-1.152652092877212,1.7413799454391055
-1.279906365243766,1.5864673883952163
-1.0861462960617911,1.6937000232856634
-1.0605105343434913,1.6143432657271375
-1.1604793611027924,1.526725506904212
-1.2187861674755465,1.6299189371528013
-1.0994598627700676,1.6300863904608207
-1.2351732405103435,1.8492938329350517
-1.2410397365722896,1.7574517497588482
-1.1409566699148432,1.7186315590080743
-1.2977980838868188,1.6185173691592076
-1.2435807425643257,1.6741945644286393
-1.1171418630673393,1.685749660693717
-1.2423596138864574,1.6523658416780274
-1.1123030870994275,1.701454345461551
-1.1843873490048742,1.6725827792661478
-1.2731052598539732,1.6514545547786386
-1.1489942292903395,1.7283682830424918
-1.2053231811744751,1.577552263967279
-1.159464288655768,1.6568173143785898
-1.254287257928382,1.5363511607603948
-1.1435979581948497,1.584252379151418
-1.2347184632270747,1.56068218354288
-1.2529183634753165,1.807077021237848
-1.1816365673734335,1.6851580143571472
-1.1817122637261923,1.7150172585606065
-1.2313230798256098,1.6342669295365628
-1.290696065172114,1.576667119010333
-1.2738941812436528,1.4800830295703251
-0.974532390106702,1.6609065165007917
-1.1106918322393602,1.8475157107872433
-1.1690151701540366,1.704458834778235
-1.217739150984176,1.7436538954768976
-1.2613737731404209,1.9219541994022329
-1.1775491949996248,1.6016773301430425
-1.0818231474409883,1.580358784867285
-1.1996430863161076,1.7310527766103274
-1.2398544557530216,1.7464115817579502
-1.266772598731956,1.7511408529524743
-1.284896880101273,1.6436826263702904
-1.2746186013911849,1.7912817166966322
-1.2056853251422055,1.8563095689066909
-1.1885693404824276,1.558918241379951
-1.2210878834274836,1.7011969817228696
-1.2520463319219917,1.8732163189946318
-1.0345488839393842,1.5974426937384383
-1.2028071863284948,1.8442665221411767
-1.0797853562926245,1.813405556120663
-1.1783089781116651,1.6363389338452972
-1.111521304145346,1.6517959495954941
-1.2480489929754641,1.5307830403097957
-1.2295774911274175,1.6888737564101783
-1.1731892314241172,1.537029470003169
-1.1304457630699438,1.6781099115791247
-0.987933856388851,1.7055807054997774
-1.2494582984922287,1.7832924178640417
-1.2867964831172243,1.811481302879163
-1.0302091467871493,1.5858817608102025
-1.1747070907046093,1.6471522986270117
-1.16700903278842,1.6548236827291813
-1.2292922983310832,1.470308681535198
-1.198377759538127,1.726797228478194
-1.0839401089993261,1.6097580026654252
-1.1796472881948143,1.7870678998276206
-1.2829161188146134,1.461735320658251
-1.1848014959049749,1.4812661406393812
-1.0993113324757495,1.6246420109932005
-1.294089779825535,1.7192053762981427
-1.297933532709404,1.7653485183259363
-1.2531896123669515,1.59229218436787
-1.2670382561929658,1.5910013934265725
-1.208992452210737,1.7154888695374908
-1.299556223595232,1.4556498703467278
-1.1835478486176696,1.8027979009145996
-1.170640639757672,1.496638687534496
-1.2981637104898898,1.7662082045631422
-1.2991136150907392,1.475118912277818
-1.1346630310220238,1.6708109795058963
-0.9813024122670316,1.5182921907068125
-1.2706047686483803,1.8457642004100188
-1.1629562037643988,1.666956695961614
-1.247927465140117,1.6509949931318308
-1.2997645197832188,1.429574336093943
-1.2770668944606514,1.755969728977251
-1.2115611927458372,1.6329552292179796
-1.1696921271441767,1.6339750988472028
-1.068867928478988,1.5929511918640191
-1.259729623502048,1.7149095059617598
-1.1110052894162488,1.597195609910373
-1.2753263168886633,1.6811143996949427
-1.2218078037021989,1.445245132003206
-1.1672997231591773,1.6174867607571677
-1.0433435375482116,1.5922056384293737
-1.2838478367009163,1.844260990591293
-1.141416595498099,1.936839397666287
-1.2847204589805872,1.616157019618418
-1.1980794628422982,1.5867407455143263
-1.247381611375687,1.65191526663372
-1.2290937244605922,1.769518658871119
-1.2613439953563343,1.561274570471211
-1.1551063255305674,1.6757141231783492
-1.2493916421410272,1.6278999355106687
-1.136100132381676,1.7314252970545194
-1.137267036717522,1.6650991395705463
-1.1601342091534916,1.5268148072254935
-1.2295635395684894,1.6470052380274525
-1.2390035818038592,1.6982841807048412
-1.2478494274212912,1.7224250770148617
-1.1675132328916071,1.5523734117093806
-1.1114557850031268,1.4878978709855506
-1.2948239489783606,1.7174463410409742
-1.2239294488604333,1.808403257493863
-1.2510020878436128,1.7433022272465986
-1.1991231211674707,1.7893604468607684
-1.2849560199170087,1.5843308787681147
-1.1242879927293044,1.5520779534297324
-1.1725645143505175,1.7805184293027025
-1.2440474010583207,1.6919065870798355
-1.2430087476800284,1.6383553365460692
-1.299457605479993,1.720233707792793
-1.2548086209282614,1.558003791092552
-1.268628219822115,1.5694630088891
-1.2489882820020837,1.7518096198605089
-1.2335164834061865,1.52475708114499
-1.270381039603671,1.6967219575133419
-1.222615056787402,1.6575518201983084
-1.294371194983715,1.7515935127500621
-1.240252348083733,1.576518137107501
-1.2391586677330564,1.6374032484745569
-1.279102793213656,1.4797988779773592
-1.1744813115549355,1.596926413028508
-1.2782961771270671,1.6492305576905448
-1.241576210578222,1.557349812415225
-1.2831937649992213,1.747150653879109
-1.2128697751614104,1.5840347475924392
-1.254256959131042,1.5308039086575105
-1.2307056917353905,1.77590163638799
-1.2357436962733803,1.8025155772111516
-1.2823552493139114,1.6762164671834847
-1.1427660635415897,1.4207809781467793
-1.2084118089911187,1.6288055004341973
-1.289861710025753,1.7500211053041992
-1.201126845525156,1.680184415400335
-1.1880459180752898,1.6386493989183855
-1.279892685060587,1.3778339233405728
-1.1402559073311715,1.722371653525986
-1.1608073877116332,1.7038762500144857
-1.2147590951761436,1.7119128404810222
-1.1998323611449715,1.7788204008175572
-1.2697621143958564,1.5597490924830908
-1.0923712492651687,1.606838102894855
-1.105935519058942,1.5885551830320592
-1.2383973282849732,1.6263834172699474
-1.280701714535022,1.775950499698316
-1.2315082133066158,1.7828726959246657
-1.1948996607780409,1.599403037512278
-1.213939148645188,1.6835154949628148
-1.2761479379667324,1.6905381470118683
-1.2927313199374528,1.5692823110901233
-1.2907417619277097,1.7227019301045172
-1.2998891429431287,1.6351895606744138
-1.1315503905069022,1.5323422119231516
-1.2077804981090405,1.7273596246757597
-1.1969656986893948,1.8415368356108193
-1.2488123996906797,1.6862039521174172
-1.1877551759682345,1.6112791391589742
-1.2546391645248112,1.5361528618057703
-1.1479645867458819,1.7565942725981964
-1.0503389170255306,1.6312022004441862
-1.2283057739761027,1.5484250099809787
-1.1957049189507472,1.7160271048167652
-1.267466575622034,1.5086545942065643
-1.2717411696711551,1.5835424026556029
-1.2886603209199317,1.6895553098878437
-1.1403229000929849,1.8393175936221784
-1.2837401491502494,1.5635030589481111
-1.1254001353600405,1.6378186037854412
-1.1485631107540881,1.574104383812547
-1.093158129851921,1.576997548726964
-1.2476749083740033,1.8134529064927447
-1.286467815889217,1.468152623501659
-1.2909200686736417,1.4953167370231117
-1.0183295911091943,1.759502537015176
-1.2002432285322058,1.6394737382560751
-1.270617063617466,1.7068311998276646
-1.2927009486770005,1.629978046981325
-1.2100651952462322,1.658175529450569
-1.175782753382139,1.6302514081749688
-1.1985333373249456,1.8040189274341534
-1.0689314255835316,1.6255407099976544
-1.242074618431912,1.658195024261062
-1.2987679602436755,1.6938842536340284
-1.1889874188495528,1.6432114502274744
-1.2779364187914861,1.6222772852742422
-1.241001476477476,1.6751577645979703
-1.1237986102174442,1.8091511717705666
-1.0714751392593902,1.7887394351838712
-1.243476351471455,1.8284647344918517
-1.2548903439229324,1.6907665518769466
-1.2088635455478327,1.690184307889903
-1.198080001401305,1.646590606677433
-1.2925381279468646,1.6328022106690538
-1.2865571363053732,1.6685798256815547
-1.2176488577006208,1.5879069098331897
-1.227139870404937,1.6478407491368467
-1.2282096902560293,1.3642202014978544
-1.243941523017752,1.6920023674020301
-1.185007651789162,1.6723954933695013
-1.1906397917310383,1.6690022348329407
-1.259031814852474,1.5560636719042198
-1.2217872879479703,1.4763766093062114
-1.1926278582948118,1.5674718060557369
-1.1931060312120254,1.568593652247849
-1.2842510786317216,1.692394094970837
-1.168338048442019,1.6046360914572253
-1.2998657385742947,1.4480780160750797
-1.187812718914309,1.7446205023496337
-1.1011529128311996,1.7290369672752413
-1.298346925514113,1.656840670986287
-1.2983283049944372,1.742628315682006
-1.2388501177150835,1.7477759302840303
-1.2422375290656191,1.4883250709240938
-1.2801705551758482,1.8280976618223832
-1.1806515694855872,1.5497088807760222
-1.2963829642289073,1.5102600459160591
-1.2049627427737013,1.5666666741365465
-1.282750514964087,1.3620880928228227
-1.2347815906679458,1.480917129016122
-1.2754971530214791,1.7907962821227446
-1.2430472036503193,1.725701223080964
-1.2804849607133306,1.663130884941337
-1.2712933164651807,1.6405629557171435
-1.293570083617612,1.5920675505150235
-1.2298339495225674,1.608771718279774
-1.2357829119861694,1.6201040100264736
-1.1631008274506436,1.6855089551455709
-1.2459058692317124,1.581072937541206
-1.0718727192985358,1.7502712548473631
-1.20558248339674,1.5976438857569941
-1.1742107411435554,1.4368515148263632
-1.0890928276223728,1.5513229220922822
-1.2127823021919086,1.6587284537152969
-1.1281701335154155,1.7771976739093442
-1.2227063318035956,1.6810989617011964
-1.2886632386540648,1.7134246169975944
-1.1776860645553786,1.6960606196117607
-1.2802107111767063,1.6542851053409708
-1.2924267454874363,1.633684597301229
-1.1999923526592096,1.7795345185739322
-1.1432736234484715,1.7312726104863376
-1.2650902444342762,1.616995584066775
-1.2253185365695536,1.6288659743770764
-1.2275056317116246,1.6600712159178022
-1.2844128178773766,1.4999716936798415
-1.123864575721742,1.5170563118612617
-1.1843778467580548,1.6613547691448165
-1.2787970481559399,1.7068884902904544
-1.1353462540453125,1.7494181600607612
-1.1740568204195125,1.550914529192369
-1.296939245341535,1.6910462384921
-1.24891237344603,1.6262569253359773
-1.1814279148436888,1.550404481109623
-1.2869708072410115,1.8082475760489758
-1.2494615355466494,1.6007762432986057
-1.2105369854584223,1.630796446490458
-1.2113397437497846,1.6067006663202679
-1.2320514753676528,1.7432904170821217
-1.2250126912099624,1.713820379977494
-1.2795494634239133,1.7299484364790796
-1.2850624992397626,1.6677466152019285
-1.2614194879291762,1.692842580961658
-1.2842669483341886,1.7546769297747153
-1.2066605179192704,1.595357846814044
-1.233745154953232,1.6745411435411395
-1.2192971663669632,1.7856603103550233
-1.2784226210879928,1.565337257352542
-1.2219177628064093,1.5895354764815341
-1.2125412114995238,1.645106526514503
-1.2389099161783637,1.739656789228198
-1.1993528373692035,1.7217406113694411
-1.256531974765822,1.5809171616935866
-1.2238781905495415,1.7969396759740153
-1.0863268545276428,1.5845624687401414
-1.207616873278583,1.6649805804825866
-1.2712232092339169,1.5459323195410364
-1.1605859818424487,1.6546306148197172
-1.0259431700110841,1.6419341924668238
-1.2589271171506045,1.6672599405790096
-1.142068258079491,1.631896886892375
-1.281609423290827,1.6297948040305885
-1.2512187009984905,1.6121240115075957
-1.227832059268989,1.6641955081142115
-1.251244225147771,1.7019422568542857
-1.2444686842484316,1.9238276380857875
-1.2567262646182766,1.713360519571407
-1.2855816004853617,1.618570820418446
-1.2558192841908824,1.5683956881080636
-1.249912152753281,1.6016432633770807
-1.0284013090702688,1.7216752444989154
-1.299359930495794,1.6614964079821475
-1.2822049905390553,1.7362934426913232
-1.2900637800767434,1.7070234927766013
-1.2756155221178482,1.7216985574639314
-1.100762702455821,1.784650776268814
-1.2189562368676814,1.4535457566287013
-1.1895272403396586,1.6152250369787229
-1.263272386449247,1.5815835633864446
-1.26324818231469,1.6048725573443885
-1.276684468347895,1.9484825181923748
-1.114669428501184,1.6913280595910332
-1.1595028724549332,1.7271619671765042
-1.1900984020273893,1.6856626090369018
-1.2314144310579964,1.5119027177734154
-1.1708665472102713,1.6893003560705262
-1.2424079533565582,1.6634265959550822
-1.2551856029630495,1.8212560862301084
-1.2525451514342407,1.535005591577842
-1.2759391943753613,1.7815346003878632
-1.183068465527309,1.6558499845539216
-1.2543948475038698,1.5941791225326112
-1.2905788268396798,1.6291351571487522
-1.2129614288539516,1.617835881959249
-1.237646358350065,1.561622595865858
-1.1710023871513682,1.8134990160976476
-1.2068355441407994,1.776672844271787
-1.2461381010874053,1.8376658884442427
-1.138374356462667,1.5313555794903602
-1.290920555243143,1.5775436485138223
-1.1561680764227638,1.776159480829546
-1.1029408804502874,1.7454994265582133
-1.0530492191425016,1.5387712690929816
-1.1316618159197784,1.622494852519336
-1.194435224657614,1.6347588022876958
-1.2701785928500986,1.6828033378152236
-1.2473232811483717,1.6939975717751137
-1.2811153632922794,2.0205556114203382
-1.1058528264427285,1.7105187219736429
-1.2540168287047544,1.7214838489155169
-1.2056368289239991,1.7398292300333023
-1.2759530715832583,1.8479388229681657
-1.2772191188327051,1.8291331960584294
-1.1688401242091153,1.6425363878115071
-1.230741707939795,1.7341035594420768
-1.2837761395308427,1.5408357702902702
-1.2474313557994465,1.696172672395676
-1.262502954969741,1.6430706709462188
-1.1305575066226259,1.672560809346866
-1.1592333495466456,1.655867017597688
-1.2794935392618378,1.5543614324762534
-1.2150840878448215,1.5395654890806634
-1.2377297823215154,1.566105286829378
-1.2587332036119776,1.624111214771131
-1.2280857334070912,1.6471014853334693
-1.2634315737692605,1.5763601682507056
-1.1372616673715643,1.6308584572378682
-1.2442678808622158,1.5324685885191234
-1.091098862803069,1.5497320532382135
-1.268858765311344,1.6874994280055413
-1.2006990311355437,1.7295022191665208
-1.116409959707244,1.8375184478570805
-1.2137971755790318,1.516685374774689
-1.0857023142204687,1.7837377732100115
-1.2803943830232432,1.704610188036326
-1.2202149991008304,1.697437227753133
-1.2206888484001384,1.644902635895572
-1.2627780487196318,1.653385135758382
-1.1677028106829943,1.6405165904458463
-1.1875894180843194,1.4913772675603405
-1.2839567254357065,1.8211731372869944
-1.2974255476321805,1.6318263762066174
-1.2518265045668284,1.6655727606235973
-1.2637426876840643,1.6041052908778106
-1.2131951488370505,1.5899128136817449
-1.1523498564446202,1.8645825707518
-1.1994845386354633,1.5651182528208014
-1.2765484849947235,1.775499865927757
-1.164289041238718,1.8291453671506182
-1.2466038239961847,1.7229938651583048
-1.2825193349833597,1.6337924396885932
-1.2395425073592468,1.7990073062025762
-1.2462455293778039,1.5264388985609472
-1.205996619738182,1.6367219029648428
-1.015298825879272,1.6649409804873367
-1.2199566271340354,1.7644325820970779
-1.189612485409724,1.624334396485334
-1.1828515991311488,1.6474069244176703
-1.258210023537756,1.8203299617688686
-1.292921350864208,1.5895822939041289
-0.9982635428101455,1.5491428393483428
-1.198336340591412,1.7380480989034912
-1.2971374068607477,1.5470197563290033
-1.2505998215784515,1.6678598133278042
-1.2782297097907025,1.6513436153846528
-1.2560196935399903,1.584332841729338
-1.174952322998632,1.9117628701463276
-1.199041736729324,1.7703056850508225
-1.2138322042120169,1.4250959973481998
-1.0990240583173723,1.754457830829781
-1.1958527457785588,1.379895575186773
-1.1675983994912498,1.5016251727872096
-1.2873260300200882,1.7311228210286074
-1.2643676099139662,1.6537315855466685
-1.2030396525633085,1.6625063546620291
-1.1557388099308123,1.7264911732645878
-1.2074763620724078,1.6773163485677107
-1.2915865907684811,1.647212830068699
-1.1534035630393908,1.5640704424264702
-1.2550041086792574,1.6501120487299914
-1.1374735327919856,1.6442518756313513
-1.2659514493912507,1.6148620442402577
-1.2560735274002919,1.6924218029694371
-1.1978413374859649,1.7262915456439576
-1.226495438723031,1.6352407810460032
-1.219049470632698,1.7175160777135725
-1.292097189958666,1.6753447845630514
-1.2341933180560927,1.7048434519605706
-1.2630830888633147,1.7186503334661647
-1.2409748062118389,1.845631601880292
-1.2462991558952439,1.5194085509415007
-1.265834661668324,1.5214313291052288
-1.2747002089313162,1.5327342635356382
-1.1400086275781436,1.7412289849531253
-1.184347061871177,1.5555566965784362
-1.1678039751765876,1.682307315355784
-1.2287122540776636,1.5469831658504096
-1.2538687950223215,1.5315805208418294
-1.2842262884964473,1.7126659405498168
-1.2772345856540526,1.5915864186590596
-1.2180071918336153,1.7780127690805285
-1.2413643426313559,1.7544036957041067
-1.2017464888250577,1.6323664226222085
-1.2105736004941736,1.6612319158269035
-1.2438208880521842,1.4896470329633968
-1.2501223244713962,1.579616827309676
-1.2357141467194912,1.748257522930985
-1.1056532526429117,1.6755639418905677
-1.2450825638676093,1.70104959413434
-1.1891616078325504,1.7907946639315873
-1.1694161356912796,1.839860351379121
-1.231220447752134,1.5339182081102873
-1.239462894801803,1.653399268529785
-1.160484863910061,1.6878733291792574
-1.1671950563519182,1.738541029172815
-1.2817473304583276,1.5995361141284956
-1.2796661429316452,1.807487063782947
-1.235824469946962,1.7288257416636301
-1.1162983130734396,1.5944816040505927
-1.2381768632796837,1.7066952137326414
-1.299060441944339,1.795243472061611
-1.208203840181597,1.7945859181520027
-1.2601033047326093,1.6635282776632137
-1.273117442136613,1.6291251695414886
-1.1708810598221642,1.6015947790906566
-1.2198364931358134,1.6995631704889862
-1.0599540913444216,1.7187246366431326
-1.2406448505993803,1.7931847772130334
-1.2433489142263638,1.597616011879633
-1.1006095021745983,1.7273843898010597
-1.1634229352505687,1.5603523952896226
-1.2130541594056692,1.8187473856643996
-1.2622281835504372,1.5699948280513236
-1.2364303979111004,1.9919217918278458
-1.2875613569301652,1.6410551580421548
-1.1649591350733264,1.716538533538515
-1.1955750711727353,1.5713149999215097
-1.2856911014590438,1.6852091390321924
-1.2383432924035134,1.866137671682762
-1.2759639574581914,1.5607813820812548
-1.209362648968851,1.4679929371737435
-1.1699743345729572,1.626511172224018
-1.18314940022652,1.6866913394524943
-1.25794321409897,1.5386863181811703
-1.197683278056532,1.7415373082211203
-1.2959471963213585,1.7379074448517189
-1.2158469363790592,1.693530558640112
-1.2382670306779926,1.5282124798772507
-1.1649421703002814,1.714994293322139
-1.2606359393463407,1.5600238475571773
-1.2530531676115626,1.6069694078207626
-1.2540689893191603,1.6520157220067404
-1.2244833501626182,1.6441747703655172
-1.2797995810972993,1.7096135659532312
-1.2280159201720884,1.8090077869128773
-1.2283268224303598,1.623016323762449
-1.1894618214794572,1.5529369538176059
-1.1390661692166983,1.7767000625274199
-1.2241272931506388,1.6473287754150228
-1.180906899989566,1.7530861192593503
-1.1948989028804589,1.767007241651932
-1.286737582704583,1.615324985480285
-1.2995479972350223,1.5796732125085284
-1.2113891365784524,1.4566784389229457
-1.1988840253865372,1.6450021663862795
-1.2478820602919218,1.8101294040522162
-1.1587213211113403,1.4937152862374077
-1.1914943026870037,1.8104754427817142
-1.1303365164579722,1.6611572534741221
-1.0997350578936254,1.5487083345449706
-1.2105766208735391,1.9656773529543525
-1.2560158977943099,1.6173664503129845
-1.158563455356408,1.823924951393384
-1.2091266824987732,1.6158732388549826
-1.1632889627137808,1.6402003184577323
-1.2060068336404082,1.7024057466624805
-1.2456081000291546,1.7003042227582017
-1.0426096557253446,1.4318710675142956
-1.2129055609494532,1.5883802955542439
-1.0613790424528926,1.8966771369451128
-1.2985020156886398,1.8608856998391985
-1.1703719236786503,1.8398299898593786
-1.2873811559508213,1.678882489288246
-1.1076572862830791,1.5966727246909296
-1.1940887815127919,1.6389830990270964
-1.1693182578653532,1.7083268267346825
-1.2930265271009096,1.5540020651582498
-1.2807746575743584,1.6303595587725352
-1.1835242750333181,1.7424134005510008
-1.2814673645843695,1.6288207339439447
-1.28022774657668,1.8135342321431436
-1.1803934023193328,1.7169533566555033
-1.1900389855893814,1.7799799502424902
-1.1664172003351183,1.5161710764331646
-1.2841428986768761,1.7359164995389562
-1.2725987256904994,1.6897873191954467
-1.2271641125835426,1.6082920329312178
-1.071580596640999,1.6847537437693083
-1.2896069612011858,1.6095541626066536
-1.2643877669233579,1.6292309476298257
-1.2359164349448308,1.5680368894307253
-1.263104243138144,1.79018454576008
-1.1363626343351374,1.8031552610519548
-1.2736441364161322,1.7450476567827118
-1.262216306921337,1.6095856305777314
-1.1841507981786217,1.5038146774992225
-1.1708792634797038,1.650849629137185
-1.1737450608414186,1.616265938649785
-1.1833906844422921,1.472294856087683
-1.102485904686795,1.717197086391298
-1.2247621600538567,1.602553719183615
-1.1864985852209289,1.6650997807272896
-1.2864849776144307,1.758910179039607
-1.2113133311174924,1.598218889693854
-1.197318131333207,1.5210493467256552
-1.2921986762364979,1.5269935453314791
-1.2125669867923607,1.65956211650315
-1.237339706762891,1.7292849241816624
-1.2421289697317797,1.5642742132722987
-1.296462154312422,1.809119831124976
-1.2072878659881519,1.605672011676527
-1.298475655206446,1.5405215514097217
-1.12974693515572,1.6496381585037847
-1.1781823714943178,1.5416204989700082
-1.1569546697096251,1.5370055004518761
-1.2919189280773706,1.5743095253671122
-1.2585480373301072,1.7228801532949802
-1.1939803727375804,1.7670952223501986
-1.2849663632637045,1.7950184156759963
-1.266883274965497,1.5061482443718934
-1.1578886410013534,1.8758934199149317
-1.2046826511765603,1.7615180661463
-1.1996777426926875,1.7529954989256344
-1.2371346957026594,1.5439345088568024
-1.1198921078349597,1.69709245318006
-1.2922504901287355,1.730826449635113
-1.2170294702355133,1.6732103894154058
-1.1470125587139839,1.7203368986851097
-1.232234886663712,1.6871533507998049
-1.2290092808028867,1.5455591818453902
-1.1837408836127596,1.7062857569980325
-1.2300671557389309,1.638035141460534
-1.2908652637386124,1.6039394885566958
-1.1657972753184613,1.6483372014969122
-1.1918066502157854,1.743142475430378
-1.083687317013763,1.6827969403387635
-1.0756587898677117,1.7133959783893054
-1.260064521272394,1.6090597699572178
-1.1154971496996968,1.619130364192074
-1.2447375756879293,1.6863282031155518
-1.2202338947594449,1.6987573209358928
-1.236486125783747,1.6461572533864341
-1.1523315424094485,1.5408031285008825
-1.0314887136614566,1.5986170088945115
-1.2950856534208164,1.5519812501970154
-1.2610066590827416,1.5848194960209334
-1.2086575878334318,1.7210922227852328
-1.2967123914037495,1.7877779109007308
-1.091418060049931,1.8865948861042192
-1.2428365967673054,1.6415364907227108
-1.2842443115336577,1.4718722061208376
-1.186502371204274,1.693190024399742
-1.2573808161676412,1.6612030313765282
-1.2613439775226578,1.5590475675520716
-1.2681608813705807,1.924065740596148
-1.1727133787124515,1.7435333296150854
-1.2418345679391058,1.5465382286357827
-1.0651234350981835,1.715318361818329
-1.1333844303386416,1.6707767705677021
-1.1516691797902832,1.6013943531105168
-1.2936997031710489,1.5715330526673523
-1.1485843903835853,1.8280743625142748
-1.2938427022209746,1.517112937598347
-1.2772291038672892,1.6856459500199492
-1.164051009067596,1.6116893447610383
-1.0993766374108034,1.779258062809927
-1.2715843931385296,1.5457789018629136
-1.221144671785864,1.7096089488194313
-1.2952851131023337,1.6343255591216501
-1.2207395212271992,1.5891494533477846
-1.2569594297314155,1.5840913936993837
-1.2391495384059021,1.596525805183268
-1.1521393362452437,1.681687641792276
-1.2318830369380092,1.8145561539795578
-1.2595128521729477,1.5013333734086152
-1.2391571567009263,1.5687549975806372
-1.1514717481732863,1.651768405241046
-1.1611412040170936,1.5675470276306183
-1.2032566249495737,1.6493036564139645
-1.2617738057946284,1.5156845476842076
-1.2371395436774633,1.6550035703454098
-1.278769454871369,1.730592563647525
-1.1817428939931105,1.5957908894276907
-1.2119438265969078,1.6029396148733521
-1.2345476796150594,1.6574236461841103
-1.2996666687442198,1.6851735484666066
-1.1239863621126647,1.6551071157974593
-1.292579122245991,1.6199329576710597
-1.263383969017431,1.5922955909511491
-1.2110767051448703,1.6277748369358747
-1.1279860623891846,1.6428321370786994
-1.2873687804821923,1.7270189613939209
-1.1775744886336377,1.7490542622580194
-1.2879025033822484,1.6950742886376742
-1.2260498223200964,1.6517817515383462
-1.2723958403781848,1.6110497279047604
-1.214939745071227,1.5481701551268972
-1.276261584162674,1.6080382117087033
-1.2357902537194996,1.6864326828162517
-1.214250244532432,1.667034675903036
-1.2149020136659259,1.6115807254764238
-1.2103051811126673,1.7428863577941982
-1.2483257430131718,1.6272855527716774
-1.269930853991388,1.535412250313227
-1.2699951632033393,1.6576085177409607
-1.165897355071318,1.4106145895560935
-1.1873762721098344,1.7840851099833723
-1.2614247765532485,1.5321260052873673
-1.2132126124965423,1.793147512122116
-1.2841618741907752,1.5907206258911404
-1.191456607482902,1.5485653448555883
-1.2245183158851778,1.5777907885684772
-1.2916935593696555,1.5542221394529183
-1.2528340415091284,1.4774387903451347
-1.1605912931199904,1.5211514242553488
-1.1641401049261237,1.649119115538944
-1.188153232017871,1.643542141991348
-1.2922873422989654,1.500097389223798
-1.2816874362148183,1.6137449343153418
-1.28051145927359,1.6212253798081644
-1.2978194318260836,1.7115187079288599
-1.0748913174976948,1.7445142076378453
-1.2232121691333824,1.613383978984961
-1.2463694399298857,1.4902733786609101
-1.1419753717563936,1.7654609507156536
-1.1228433809620895,1.7419376621275846
-1.269721650611702,1.5833063632664117
-1.1501728162263387,1.7571456500684224
-1.2717203066843534,1.8604337171869576
-1.286446873458218,1.6915821384350462
-1.186486102553776,1.7947195398184184
-1.1297404816613206,1.7492436198069081
-1.279423494643837,1.6684057205039853
-1.2732799100300978,1.7191412112456474
-1.2504915740459877,1.7465696014055734
-1.2899475787592525,1.8308466555100644
-1.14028410181617,1.7825121105794912
-1.2573804847723156,1.447372450556247
-1.1466718996378673,1.6893385079946197
-1.2393049100901106,1.6275717502075229
-1.2547236453607133,1.7790504478007663
-1.10293637103837,1.700680912746184
-1.2681926907121657,1.8013744346484697
-1.06969082163864,1.6202629735234673
-1.190902918856768,1.760320339203025
-1.127018837339483,1.6443256031052624
-1.1389932993423402,1.7716569095239314
-1.1080483610538825,1.6464278585456729
-1.2031430057188508,1.688110526874757
-1.2381660299269783,1.5399631482864276
-1.2436035312677163,1.7407905482571908
-1.2113641060072275,1.6458274904633545
-1.225354746135727,1.7615159720824436
-1.1320046110609399,1.5675957027204306
-1.1386589646206147,1.5540313644163797
-1.2073884705686764,1.6395044932140483
-1.2563433380281286,1.577123740067391
-1.2927621073105062,1.6602784109607962
-1.218504123851949,1.695142691474495
-1.2483984043688932,1.8293097507015703
-1.264794208117288,1.5100266115603007
-1.1372066715059923,1.60834389104039
-1.265485130022782,1.7440822237454092
-1.231760773489695,1.7612187136974953
-1.1957940059943843,1.460818813050189
-1.239003800198297,1.7109609760278945
-1.164270555416581,1.6951890869609947
-1.1443544594126842,1.724483857697921
-1.1989603794984947,1.7264235533886936
-1.1897925948226376,1.7490666596309874
-1.290999687851155,1.5488774494329838
-1.2617224861568923,1.8105999267029351
-1.2027682759469926,1.5643430180633089
-1.0774893629550952,1.6293459687554266
-1.2928380868666822,1.4471453149076168
-1.229365797234349,1.8646618871263232
-0.8926044814339574,1.6837600385006328
-1.2532979553444805,1.5964209486739238
-1.2963615226286822,1.6904704349211515
-1.232143436673645,1.7580029495768792
-1.2519533049467402,1.7851476881319814
-1.2716183112802963,1.6979765976519507
-1.2692606382016576,1.7630008565518347
-1.1927870507421134,1.7632862464215913
-1.14065778767419,1.8894959793560664
-1.2702501153124135,1.6265429500322317
-1.2949854885115486,1.800345302558142
-1.1465732998679536,1.5505843936800063
-1.2144564998207243,1.720729344740785
-1.2105492466914072,1.6725211541672378
-1.0924187907721414,1.728005730359684
-1.1733913847334707,1.6384208686519675
-1.123321297337871,1.6129507992501046
-1.2937385512924235,1.7315633750435298
-1.2224402198102486,1.7579792370603355
-1.1945346373998382,1.6150989868912569
-1.1560971288676392,1.6313635135202407
-1.1906181652091965,1.6379494523241818
-1.2608065749886885,1.609496147491661
-1.288809517877124,1.588667772820359
-1.245889812375157,1.623175872548214
-1.1342165646276734,1.6252065813336711
-1.2755284735984374,1.6343609571217523
-1.245237100887587,1.6366777043995737
-1.160782867009712,1.7833447008036825
-1.2275102440172128,1.606750259966403
-1.2998052288776019,1.6679012306215135
-1.1351831681199454,1.601729917283177
-1.283465628699011,1.6885667886275533
-1.1965829610745577,1.630680547983292
-1.2574599920378577,1.6911596846516095
-1.1485801248669096,1.7704860954644008
-1.217325398809191,1.565906906581504
-1.2015936694272769,1.5957263666505124
-1.196952989464793,1.682957718915044
-1.2624915063267386,1.779453802540129
-1.1999051532684635,1.5917265177155056
-1.2602570953185548,1.8199592850630635
-1.2798706226747216,1.4591348361929768
-1.2225115507405644,1.6133285421710328
-1.284831721641522,1.6270202495876436
-1.1635049184503123,1.6965765511330808
-1.2275538558905033,1.6709707984270263
-1.1330034223169965,1.610322600795827
-1.266345838770281,1.6612729103517512
-1.1848233125497118,1.6666583236941341
-1.253620911581377,1.659858592031781
-1.2397049407148555,1.662456792919221
-1.2984853692118803,1.7034509505412148
-1.2659176479672565,1.7920540516458374
-1.1637388404177922,1.7088268365549082
-1.1436605249060705,1.5848561179583387
-1.1825530473329282,1.6561302266437936
-1.2478904606340426,1.7041122066146988
-1.2794607656986814,1.7694147030189409
-1.2169176594040905,1.6564553587746587
-1.1760885959153786,1.5726492406082593
-1.2894427036912206,1.6545575228370195
-1.2730215119749808,1.6538480198313212
-1.261854551021146,1.7689872532123878
-1.2744373803298394,1.8236024221757727
-1.1835323274871727,1.5312757388676177
-1.2294406604194936,1.4110582603326236
-1.2390612652279391,1.7233855733480858
-1.1975024607243911,1.6363705198341283
-1.176969403668373,1.576808765001238
-1.2444717683071784,1.564996838264496
